-2.32426988922,1.91858485387,
4.17573011078,1.91858485387,
0.675730110775,1.91858485387,
1.67573011078,0.640866120947,
0.00906344410876,-1.11567444648,
-0.990936555891,-1.11567444648,
0.675730110775,-0.148631259242,
-3.32426988922,-0.148631259242,
-1.32426988922,-0.148631259242,
2.00906344411,-0.148631259242,
1.67573011078,-0.148631259242,
-2.82426988922,-0.148631259242,
-1.32426988922,-0.148631259242,
4.17573011078,-0.148631259242,
0.209045226131,-0.148631259242,
6.20904522613,-0.148631259242,
2.20904522613,0.0162017183584,
-1.79095477387,1.08308267584,
1.04237855946,-0.455176143084,
-1.1242881072,-0.277875845403,
-1.1242881072,-1.14951021848,
3.20904522613,-0.194117683833,
-0.124288107203,0.582601055307,
-1.79095477387,-0.101196959359,
1.20904522613,-0.101196959359,
-1.79095477387,1.70718909422,
-1.79095477387,-0.130859200115,
-1.79095477387,-0.130859200115,
0.209045226131,-1.19630108269,
0.959045226131,-0.249602584829,
-1.79095477387,-0.110405436637,
-2.79095477387,0.569492766623,
0.05,-0.883881620347,
-1.61666666667,0.392616881935,
2.05,-0.860987407347,
0.55,-0.860987407347,
0.05,-0.860987407347,
0.05,-0.376572410862,
0.55,-0.376572410862,
0.05,-0.785176800829,
0.05,0.25831387488,
-0.283333333333,1.10739790871,
-1.95,-0.0967279552354,
1.05,0.670993648784,
1.38333333333,-0.393174854584,
0.05,0.0532336887984,
4.84789311408,-0.660499588923,
7.84789311408,-0.660499588923,
-0.15210688592,-0.567961390739,
-1.15210688592,-0.0293281714681,
-4.15210688592,0.196440274696,
-1.15210688592,-0.275342633214,
-0.15210688592,-0.275342633214,
3.34789311408,1.33334538731,
3.84789311408,1.33334538731,
0.34789311408,0.267440242407,
-1.15210688592,0.267440242407,
1.01455978075,0.267440242407,
1.17269076305,-0.0641678930859,
3.50602409639,0.153471833279,
1.17269076305,0.153471833279,
-0.827309236948,1.35402790215,
1.50602409639,1.35402790215,
-1.82730923695,1.35402790215,
-0.160642570281,-0.213274469311,
-0.827309236948,-0.348811567609,
-0.827309236948,0.320851056407,
-0.227309236948,-0.553209063889,
3.17269076305,0.413043931444,
-0.827309236948,-0.584971455733,
-0.827309236948,-0.584971455733,
1.17269076305,0.692095339301,
-0.827309236948,0.692095339301,
1.67269076305,0.0109485205727,
0.172690763052,0.0109485205727,
2.17269076305,0.477689283529,
0.172690763052,0.343401856716,
0.339357429719,0.343401856716,
-0.827309236948,-0.999644984209,
1.17269076305,-1.04392969656,
1.67269076305,-0.923609018972,
0.744979919679,-0.923609018972,
-4.75502008032,-0.923609018972,
-2.25502008032,0.752737809282,
-2.25502008032,-0.396291604842,
8.74497991968,-0.396291604842,
2.74497991968,-0.396291604842,
2.74497991968,0.208107729769,
3.74497991968,0.208107729769,
-0.255020080321,-0.708474782151,
-2.25502008032,-0.708474782151,
0.744979919679,-0.708474782151,
-0.588353413655,-0.708474782151,
-2.25502008032,-0.708474782151,
5.74497991968,0.355457912695,
-2.25502008032,-0.761114207503,
0.744979919679,-0.761114207503,
0.744979919679,-0.761114207503,
-0.755020080321,-0.761114207503,
-3.25502008032,-0.761114207503,
0.744979919679,0.302308048532,
-2.25502008032,0.302308048532,
-2.25502008032,0.302308048532,
-2.36299292214,-0.0273605414931,
0.637007077856,0.578725673473,
1.63700707786,0.578725673473,
7.63700707786,1.03500775553,
0.637007077856,-0.392722052892,
0.137007077856,-0.392722052892,
0.637007077856,-0.392722052892,
8.63700707786,-0.392722052892,
1.13700707786,-0.721772858461,
-0.362992922144,-0.721772858461,
5.13700707786,2.72847771587,
-2.36299292214,-0.225117703692,
-2.36299292214,0.00401429468795,
-1.36299292214,0.311324746654,
3.44005743001,-0.470040790875,
1.08291457286,-0.106431405197,
2.6662479062,0.350972714472,
0.182914572864,0.350972714472,
4.58291457286,0.866825491057,
0.332914572864,0.866825491057,
-0.417085427136,0.866825491057,
2.49595805113,-1.75133191839,
-2.41708542714,-1.75133191839,
-0.417085427136,0.379447074842,
1.27522226517,0.379447074842,
0.0829145728643,-0.645090497092,
2.58291457286,-0.645090497092,
-2.41708542714,-0.0499395832866,
-1.41708542714,0.515553431698,
-1.84565685571,1.57594626454,
-1.0837520938,-1.06878642422,
0.382914572864,0.494790471172,
0.182914572864,0.494790471172,
0.154343144293,0.0304568028187,
-3.91708542714,0.0304568028187,
2.58291457286,0.0304568028187,
-2.41708542714,0.0304568028187,
-1.49140546006,-1.51813500432,
4.50859453994,-0.694254571655,
-2.49140546006,-0.380442274443,
-1.49140546006,-0.268343639915,
-1.49140546006,-0.928413227061,
-1.49140546006,-0.200652810697,
-0.491405460061,0.0966764845583,
-0.247715736041,2.18290829329,
-2.24771573604,-0.365274232362,
3.75228426396,-0.729761068013,
0.752284263959,-0.729761068013,
-0.747715736041,-0.729761068013,
0.752284263959,0.237719189522,
-2.24771573604,-0.359674874746,
2.25228426396,1.21146916839,
4.25228426396,1.04306055755,
-2.24771573604,1.38470144161,
-2.24771573604,1.38470144161,
3.75228426396,-1.20961543909,
3.75228426396,-0.535852779186,
1.75228426396,-0.126500805817,
0.252284263959,1.73841209552,
0.473895582329,0.638866179514,
-0.526104417671,0.638866179514,
-0.859437751004,0.490892771553,
-1.02610441767,0.490892771553,
-3.52610441767,0.490892771553,
4.47389558233,0.490892771553,
6.47389558233,0.0854715526081,
-3.52610441767,0.0854715526081,
-0.192771084337,-0.681972678645,
0.140562248996,-0.526382688177,
1.47389558233,-0.526382688177,
-1.52610441767,-0.526382688177,
-2.52610441767,-0.794774524192,
1.47389558233,0.338084874949,
-1.52610441767,0.509162654324,
4.47389558233,0.729210520984,
-4.52610441767,0.729210520984,
-1.52610441767,-0.654140822293,
7.47389558233,-0.946735013669,
2.47389558233,-0.946735013669,
1.97389558233,-0.946735013669,
2.47389558233,0.312927480127,
-1.02610441767,0.183856410955,
3.66478555305,0.944568360306,
-1.33521444695,-0.373158382098,
-0.335214446953,-0.829900161634,
3.41478555305,-0.899754221585,
5.16478555305,-0.899754221585,
-1.33521444695,1.8367664771,
2.66478555305,0.323110409288,
-1.33521444695,0.363489443912,
0.664785553047,1.24282652376,
0.664785553047,-0.836054346212,
-1.33521444695,0.386975249678,
-0.335214446953,-0.546684349762,
-0.96783919598,-0.172180574249,
-0.96783919598,-0.172180574249,
-0.96783919598,-0.994697357962,
-0.96783919598,1.0970753117,
-1.63450586265,0.586886435484,
-0.56783919598,0.586886435484,
-0.412283640424,0.586886435484,
4.53216080402,0.586886435484,
0.0321608040201,-0.535952258692,
-0.134505862647,-0.535952258692,
-0.96783919598,-0.507628681266,
3.03216080402,0.130777034385,
-1.96783919598,0.130777034385,
1.23216080402,0.130777034385,
-0.96783919598,0.130777034385,
-0.46783919598,2.40527695675,
2.03216080402,2.40527695675,
3.03216080402,2.40527695675,
-0.824953710298,-0.450734574558,
-1.44400132935,0.11208808218,
-2.11066799601,1.15615717538,
-0.610667996012,0.313844172506,
-1.11066799601,-0.409859329971,
1.88933200399,-0.410880603236,
1.88933200399,0.568154271562,
-0.444001329345,0.568154271562,
-1.11066799601,0.0711566008406,
-2.11066799601,-0.871769815914,
-2.36066799601,-0.340317311552,
-1.61066799601,0.194337491517,
-0.110667996012,0.194337491517,
-1.11066799601,0.194337491517,
-0.360667996012,0.194337491517,
2.88933200399,-0.500058227592,
-0.110667996012,-0.738546523653,
-1.61066799601,-0.738546523653,
2.22266533732,-0.738546523653,
-0.610667996012,-0.738546523653,
-2.77185929648,-0.93630529938,
4.56147403685,-0.93630529938,
0.228140703518,-0.587207294539,
-0.271859296482,-0.702460628241,
-0.271859296482,0.855055371981,
-2.77185929648,1.31302106647,
0.228140703518,1.31302106647,
0.228140703518,0.451461836889,
2.22814070352,0.451461836889,
-1.77185929648,-0.621959600568,
0.228140703518,-1.15048776208,
7.22814070352,-0.103636490546,
-1.77185929648,3.24219170666,
-2.10519262982,0.630143950634,
-2.77185929648,-0.752907225676,
7.22814070352,0.062678863085,
-1.77185929648,-0.474126084695,
5.65671213209,0.502180231463,
3.56147403685,-0.622651462547,
-1.94095238095,-0.93049496428,
-0.940952380952,0.154956804158,
0.0590476190476,-0.575241555944,
5.05904761905,-1.20594421664,
6.05904761905,-1.20594421664,
4.05904761905,-0.648156068911,
3.05904761905,-0.650599139717,
2.39238095238,1.12634584904,
-0.940952380952,-0.255126134837,
0.392380952381,1.22506026023,
-1.94095238095,1.01915064963,
3.05904761905,1.01915064963,
-0.607619047619,0.207545888698,
-0.152763819095,-0.99751083502,
-1.1527638191,-0.99751083502,
-1.1527638191,-0.261140175349,
-1.1527638191,-0.0851756014976,
-1.1527638191,1.4434618747,
-1.1527638191,0.0295949808328,
-1.1527638191,-0.33705301896,
-0.152763819095,0.683572507777,
1.7222361809,-0.134014739066,
0.347236180905,-0.134014739066,
0.347236180905,0.56193478115,
-1.81943048576,0.56193478115,
-0.402763819095,1.37651136662,
0.180569514238,-1.13205319417,
-0.152763819095,0.659545340586,
-1.1527638191,-1.15603188892,
-1.1527638191,-0.571562399366,
0.847236180905,0.235491708005,
0.513902847571,0.235491708005,
0.847236180905,-0.554367064558,
-1.1527638191,-0.554367064558,
-1.1527638191,-0.250424507473,
1.8472361809,-0.706741961208,
-1.1527638191,-0.706741961208,
1.07128514056,-0.707819873506,
0.0712851405622,-0.707819873506,
-1.26204819277,-0.707819873506,
-0.678714859438,-0.213212335523,
-1.17871485944,-0.213212335523,
-1.92871485944,-0.213212335523,
0.609746679024,0.706975991571,
-1.92871485944,-0.0387880645215,
-0.373159303882,-0.0387880645215,
3.57128514056,-0.0387880645215,
-0.591959798995,0.403503156053,
0.589858382823,0.403503156053,
-0.591959798995,0.403503156053,
-2.25862646566,0.403503156053,
0.741373534338,1.39143113702,
2.40804020101,-1.0597951102,
-2.09195979899,-1.0597951102,
-0.925293132328,1.05739604206,
0.408040201005,1.19301242434,
-1.09195979899,-0.452521916757,
-0.091959798995,-0.530522847081,
-3.25862646566,-0.190398775529,
-0.449102656138,-0.0929645787556,
-1.25862646566,-0.269624125742,
0.00804020100503,-1.21031773474,
1.07470686767,0.907186936286,
4.07470686767,0.907186936286,
0.0747068676717,0.907186936286,
-1.59195979899,0.907186936286,
0.122325915291,0.907186936286,
0.408040201005,1.87844288903,
0.408040201005,-0.0761485190266,
-1.59195979899,-0.864714295356,
-3.09195979899,-0.864714295356,
6.77755308392,-0.197281773507,
-1.22244691608,-0.648811319363,
-1.22244691608,-0.648811319363,
0.777553083923,0.020604307991,
0.277553083923,0.020604307991,
0.777553083923,0.020604307991,
-1.22244691608,0.214780427181,
-1.22244691608,0.214780427181,
0.777553083923,0.1080318104,
-1.22244691608,1.0238078278,
1.77755308392,1.0238078278,
-1.22244691608,-0.900849678477,
0.777553083923,-0.900849678477,
1.94739478958,-0.452265484349,
-2.13593854375,-0.34202637319,
1.19739478958,-0.140270282864,
-0.135938543754,-0.140270282864,
3.19739478958,-0.864995058605,
2.19739478958,0.707667739963,
-1.46927187709,-0.604442291289,
-1.80260521042,0.606129392299,
-0.302605210421,0.149175507089,
7.19739478958,-0.992310024317,
7.19739478958,0.348098900911,
5.19739478958,0.464392172088,
0.197394789579,1.96837126479,
0.864061456246,0.220655188278,
5.19739478958,0.220655188278,
2.05308392315,-1.03100927928,
8.55308392315,0.457463683638,
-2.44691607685,0.93771714372,
-1.44691607685,-0.225696325291,
1.55308392315,1.32868177612,
5.55308392315,1.32868177612,
1.55308392315,0.230988655152,
-3.44691607685,0.0124793833535,
5.55308392315,0.711037263669,
0.0530839231547,-0.331785078631,
-2.44691607685,0.260345588662,
-2.44691607685,0.260345588662,
3.88641725649,-0.960045345382,
5.88641725649,-0.450477433409,
4.55308392315,0.561732445013,
5.55308392315,-0.530373790041,
-1.80281690141,-0.530373790041,
-0.302816901408,-0.530373790041,
0.697183098592,0.336599447457,
3.49718309859,0.336599447457,
-1.30281690141,0.336599447457,
1.69718309859,0.336599447457,
-1.30281690141,0.336599447457,
-1.30281690141,0.336599447457,
0.197183098592,0.336599447457,
6.69718309859,0.336599447457,
-0.302816901408,0.428430236627,
-4.30281690141,0.428430236627,
2.69718309859,0.428430236627,
0.697183098592,-0.711823802922,
0.697183098592,-0.711823802922,
0.197183098592,-0.711823802922,
0.0305164319249,-0.711823802922,
-1.30281690141,-0.711823802922,
0.00264350453172,1.70887082955,
-1.62235649547,-0.412078204081,
-2.62235649547,-0.412078204081,
7.37764350453,-0.412078204081,
3.37764350453,-0.83381374757,
0.377643504532,-0.83381374757,
2.87764350453,0.868624481066,
5.37764350453,-1.20870789602,
1.37764350453,-1.20870789602,
-1.37235649547,-0.330449581688,
-0.222356495468,-0.330449581688,
-0.622356495468,-0.330449581688,
-2.62235649547,2.73764646242,
-2.28902316213,-1.0333364172,
0.377643504532,-0.0184973202367,
-1.12235649547,-0.482135187681,
4.37764350453,-0.510327654819,
-2.62235649547,0.627027257276,
-0.622356495468,0.627027257276,
2.62764350453,1.41332582381,
0.993028119916,0.107609915079,
-2.62235649547,0.411990544495,
5.37764350453,-0.761396974854,
-0.622356495468,-0.0193449198171,
4.37764350453,-1.18201475902,
-4.62235649547,-0.652177958872,
4.37764350453,-0.575783191252,
0.968449931413,-0.880401486345,
-1.03155006859,-0.752542301806,
-0.0315500685871,0.247419200028,
1.46844993141,1.45568863071,
0.968449931413,1.27515373816,
-0.0315500685871,0.631127464178,
3.96844993141,-0.155851124869,
4.96844993141,-0.155851124869,
-1.03155006859,-0.15291225817,
-1.32494969819,-0.15291225817,
3.67505030181,-0.772821296058,
5.67505030181,-0.772821296058,
9.67505030181,1.26328005793,
4.67505030181,-0.49051690091,
3.67505030181,0.98239495739,
0.675050301811,0.98239495739,
-0.991616364856,2.49511516184,
-0.824949698189,-0.028326243492,
0.675050301811,-0.54027676951,
-2.32494969819,-0.637341028446,
0.675050301811,-0.989842075179,
-0.574949698189,-0.785280601508,
-1.51603206413,-0.0800705158488,
-0.316032064128,0.131208413171,
-0.182698730795,0.247058505004,
0.733967935872,-0.233278422481,
-0.266032064128,0.619450477248,
-1.51603206413,0.619450477248,
-1.51603206413,0.619450477248,
-1.51603206413,-0.329254455116,
-0.916032064128,-0.183662395821,
-0.849365397462,-0.183662395821,
-1.51603206413,0.53105284284,
0.883967935872,-0.714145344366,
0.483967935872,-0.714145344366,
-1.51603206413,-0.394090219675,
-1.51603206413,-0.064157232299,
-1.08746063556,-0.673607355708,
-0.0160320641283,-1.71359972847,
-2.0423478536,1.04552765933,
0.483967935872,1.04552765933,
-1.51603206413,0.12037689712,
-1.51603206413,-0.971891315555,
1.44678714859,0.660008859508,
-0.553212851406,2.82931318149,
0.446787148594,2.82931318149,
-0.553212851406,0.592600783879,
-0.553212851406,-0.813482657748,
-0.153212851406,0.113232261913,
-0.553212851406,-0.904898572044,
-0.553212851406,0.526686637367,
0.446787148594,0.0991559557191,
-0.553212851406,0.655151256195,
-0.636546184739,-1.15733873947,
0.32296890672,1.71538987635,
0.32296890672,1.71538987635,
0.32296890672,1.71538987635,
9.32296890672,1.71538987635,
-0.92703109328,1.71538987635,
-0.67703109328,1.71538987635,
-0.17703109328,1.71538987635,
2.32296890672,1.71538987635,
-0.843697759947,1.71538987635,
1.32296890672,1.71538987635,
3.32296890672,1.71538987635,
1.82296890672,1.71538987635,
-0.67703109328,1.71538987635,
4.98963557339,1.71538987635,
-0.391316807566,1.71538987635,
-0.42703109328,1.71538987635,
-0.92703109328,1.71538987635,
0.32296890672,1.71538987635,
-0.67703109328,1.71538987635,
0.32296890672,1.71538987635,
0.32296890672,1.71538987635,
-0.737588652482,0.660657425998,
-0.737588652482,0.660657425998,
-1.07092198582,-1.53199410323,
2.26241134752,-1.53199410323,
2.26241134752,-0.118756084565,
-0.0709219858156,0.0922731179991,
1.26241134752,-1.09626234678,
0.262411347518,-1.09626234678,
0.262411347518,0.0399179435401,
-1.73758865248,-0.791042127598,
-1.34297963558,-0.336671750971,
-0.342979635584,-0.336671750971,
-1.34297963558,-0.336671750971,
-1.34297963558,-0.336671750971,
5.65702036442,-0.370516072149,
4.65702036442,-1.32927456552,
4.32368703108,-1.32927456552,
0.657020364416,-0.875330842867,
-1.34297963558,0.484747310778,
7.65702036442,0.484747310778,
1.65702036442,0.188407870767,
-1.34297963558,1.12983579124,
4.65702036442,-0.54230307029,
-1.34297963558,-0.54230307029,
4.15702036442,-0.626704776194,
-2.34297963558,-0.626704776194,
2.32368703108,0.221698475521,
-1.34297963558,0.221698475521,
-1.34297963558,0.115964840322,
-1.34297963558,0.836486759668,
-1.34297963558,0.186160253878,
0.657020364416,-1.08085062181,
2.89446721311,1.04006701653,
-0.105532786885,-0.571299318948,
-5.10553278689,0.0533150375681,
2.89446721311,0.956030574434,
1.89446721311,-0.47095698599,
-0.105532786885,-0.47095698599,
2.89446721311,0.742001023917,
-0.105532786885,-1.29722348579,
1.89446721311,-0.254938318226,
2.89446721311,1.1311640508,
5.89446721311,-0.908504646291,
-0.105532786885,-0.908504646291,
3.89446721311,-0.502738953481,
-1.10553278689,-0.701810870992,
-2.10553278689,-0.701810870992,
-1.60553278689,0.188617132109,
-1.09959349593,0.188617132109,
-2.59959349593,0.188617132109,
3.40040650407,-0.268371446811,
3.40040650407,-0.828771610169,
-0.599593495935,0.853539953149,
3.40040650407,0.462392949319,
-2.59959349593,0.462392949319,
-2.09959349593,-0.355160816514,
-4.59959349593,-0.355160816514,
-2.59959349593,1.51363244499,
-1.2662601626,-1.00474923797,
0.900406504065,-1.00474923797,
1.40040650407,-0.358740511082,
2.06707317073,-0.358740511082,
-2.09959349593,-0.622972227935,
2.40040650407,-1.07223865331,
-2.59959349593,0.0894937203994,
-0.599593495935,-0.205596724554,
0.900406504065,0.0546043123464,
2.56887052342,-0.428112920893,
-1.76446280992,-1.2490045489,
2.23553719008,0.898710905315,
-0.431129476584,0.673421242506,
1.23553719008,0.0506304605493,
1.23553719008,1.2421061718,
1.73553719008,0.551744666194,
-0.764462809917,0.524685468164,
-2.76446280992,0.360573376512,
0.235537190083,-0.537671706434,
2.33553719008,-0.537671706434,
0.902203856749,0.149541623637,
-0.590549766439,0.149541623637,
-1.22971652004,-0.32219990674,
0.436950146628,-0.349953288647,
-2.56304985337,-0.906923019343,
-0.563049853372,-1.18751302657,
1.43695014663,0.622600941503,
1.77028347996,-0.705475822496,
-1.56304985337,-0.108688232698,
0.0369501466276,-1.65644074116,
-0.896383186706,-1.65644074116,
3.43695014663,2.11929264883,
0.339034205231,-0.959297051929,
0.339034205231,-0.959297051929,
0.339034205231,-0.959297051929,
-0.660965794769,0.30159509816,
-1.66096579477,0.515725511026,
-2.16096579477,0.946461635756,
2.33903420523,1.88613227222,
4.33903420523,1.88613227222,
2.33903420523,-0.190535707162,
1.33903420523,-0.190535707162,
-1.94668008048,0.817491460414,
0.339034205231,0.817491460414,
3.33903420523,1.51529219884,
7.33903420523,0.188341851833,
-0.660965794769,1.11736197878,
0.339034205231,-0.3619512504,
1.83903420523,-0.3619512504,
-2.66096579477,-0.3619512504,
3.33903420523,-0.778351252109,
-1.16096579477,1.5680183761,
1.33903420523,-1.49562751894,
1.93903420523,-0.740078275204,
3.83903420523,-0.740078275204,
-3.32763246144,-0.983458270031,
0.433333333333,0.0835195695395,
5.93333333333,-1.21332348994,
2.93333333333,0.019990525438,
3.18333333333,1.40398143018,
-2.56666666667,1.40398143018,
4.93333333333,1.40398143018,
2.43333333333,0.941910502196,
0.433333333333,0.941910502196,
0.933333333333,0.941910502196,
2.43333333333,0.941910502196,
2.93333333333,0.941910502196,
-0.0666666666667,0.941910502196,
-3.06666666667,0.941910502196,
3.93333333333,-1.79451464181,
-0.0666666666667,-1.79451464181,
-1.56666666667,0.120967087875,
2.93333333333,0.120967087875,
-0.566666666667,1.23254928044,
1.43333333333,1.23254928044,
3.93333333333,1.23254928044,
-5.06666666667,0.235951667268,
-0.0666666666667,-0.373512928968,
3.93333333333,0.0905388763987,
-3.06666666667,-0.633751911424,
-1.06666666667,-0.633751911424,
2.93333333333,-0.633751911424,
3.93333333333,-0.633751911424,
-5.06666666667,-0.633751911424,
3.93333333333,-0.633751911424,
-0.566666666667,-0.633751911424,
-6.19850746269,-0.839800376316,
-0.198507462687,-0.239657553576,
1.80149253731,0.20302189044,
8.80149253731,0.20302189044,
-0.698507462687,0.20302189044,
-1.69850746269,0.115174275427,
-0.698507462687,0.115174275427,
-0.198507462687,0.115174275427,
-3.19850746269,0.115174275427,
3.80149253731,-0.262952749378,
-3.19850746269,0.542426145449,
-4.19850746269,0.542426145449,
-0.198507462687,-0.305142238232,
-1.02529182879,-1.02769452847,
0.974708171206,-0.0741446248183,
-0.69195849546,0.417016572623,
0.974708171206,0.417016572623,
2.97470817121,0.276827135203,
0.974708171206,-0.824518922314,
1.72470817121,0.0306905749822,
0.974708171206,-0.238181507273,
-0.0252918287938,0.039525123134,
-0.0252918287938,0.039525123134,
-2.02529182879,0.0985935614594,
0.474708171206,0.0985935614594,
5.97470817121,0.0985935614594,
-0.69195849546,-0.0944435063664,
-0.0252918287938,-1.00879831144,
3.97470817121,2.10454940334,
-2.02529182879,0.237188041701,
1.64137483787,0.558731731076,
1.17470817121,0.558731731076,
-0.0252918287938,0.812313790933,
0.766766766767,-0.878542548315,
3.76676676677,0.0268703261395,
-0.8998998999,0.485783802844,
0.766766766767,0.484274445808,
2.26676676677,-0.956400043655,
-1.23323323323,1.49313065856,
-2.23323323323,-0.0140887505087,
1.43343343343,-0.0140887505087,
4.26676676677,1.8765789875,
1.43343343343,1.8765789875,
3.90962390962,-0.260114149775,
0.766766766767,-0.260114149775,
-1.23323323323,-0.260114149775,
0.566766766767,0.672743563199,
-0.733233233233,-0.574009467838,
3.76676676677,-0.574009467838,
3.6001001001,-0.574009467838,
-3.23323323323,-0.37867098146,
1.56676676677,-0.404277177942,
7.76676676677,-0.404277177942,
-0.3998998999,0.0652723274972,
-1.10823323323,-0.1163381615,
4.76676676677,-0.547402483928,
1.19533819534,-0.437500562829,
-0.0903760903761,-0.437500562829,
-0.233233233233,-0.437500562829,
-1.23323323323,-0.437500562829,
-0.233233233233,0.0356975960896,
-0.733233233233,0.816960476107,
-0.233233233233,-0.837629222285,
-0.233233233233,-0.52693006971,
3.43577981651,0.0730743016555,
4.43577981651,0.0730743016555,
0.435779816514,0.0730743016555,
3.43577981651,0.0730743016555,
0.435779816514,0.0730743016555,
-2.56422018349,0.0730743016555,
-1.31422018349,0.0730743016555,
5.43577981651,0.0730743016555,
-0.123370110331,0.0730743016555,
-0.123370110331,0.0730743016555,
-0.123370110331,0.0730743016555,
-0.123370110331,0.0730743016555,
-0.123370110331,0.0730743016555,
3.209963223,0.0730743016555,
-0.123370110331,0.0730743016555,
-0.123370110331,0.0730743016555,
0.209963223002,0.0730743016555,
-0.523370110331,0.0730743016555,
-0.123370110331,0.0730743016555,
0.55,0.0730743016555,
-0.45,0.0730743016555,
-0.45,0.0730743016555,
0.372549019608,1.06781918545,
-0.294117647059,1.06781918545,
2.70588235294,0.373663570134,
0.205882352941,-0.183143002957,
4.70588235294,-0.0114194009094,
0.205882352941,-0.497128713627,
1.70588235294,-0.161594548579,
-1.29411764706,1.22872126335,
-2.29411764706,1.22872126335,
2.70588235294,-0.114896001309,
-0.294117647059,1.15111851204,
5.70588235294,-1.05215131393,
-0.294117647059,2.31364397135,
-1.29411764706,0.341331677465,
-4.29411764706,0.341331677465,
-0.544117647059,0.147043167579,
-1.61739130435,-0.929654827225,
-2.66326530612,0.0620603376532,
2.33673469388,0.0620603376532,
-2.31836734694,0.123319798689,
3.68163265306,-0.744120655771,
3.68163265306,-0.744120655771,
-0.818367346939,-0.0473706463211,
4.68163265306,0.176934911226,
-2.31836734694,-1.66671920129,
6.18163265306,-0.681051284957,
0.251503006012,-0.186904811579,
-1.74849699399,-0.186904811579,
4.75150300601,1.25858951389,
2.25150300601,-0.303875628564,
-0.304052549544,-0.436492694641,
1.25150300601,2.3698627749,
-1.74849699399,2.3698627749,
0.051503006012,-0.483582659558,
0.251503006012,-0.483582659558,
-1.74849699399,-0.483582659558,
0.051503006012,-0.483582659558,
0.751503006012,1.23773921115,
-0.998496993988,-0.783311381627,
-4.24849699399,-0.783311381627,
-1.99849699399,0.0404025978213,
0.918169672679,0.0404025978213,
0.251503006012,0.0404025978213,
-1.08183032732,-0.554072515333,
0.251503006012,-0.554072515333,
-1.34849699399,0.0895956744206,
-2.74849699399,-0.864596047607,
-0.748496993988,-0.864596047607,
0.251503006012,-0.577135195931,
0.251503006012,0.370232161426,
4.25150300601,0.370232161426,
-0.998496993988,0.370232161426,
-0.415163660655,-0.668834556702,
-2.24849699399,0.518817446501,
0.251503006012,0.518817446501,
-2.74849699399,0.518817446501,
1.19348268839,-1.06571964022,
-0.306517311609,1.59919143753,
-2.80651731161,-1.14138248906,
6.08953722334,-1.14138248906,
9.08953722334,-1.14138248906,
1.75620389001,-1.14138248906,
8.08953722334,-1.14138248906,
-1.91046277666,-1.14138248906,
0.08953722334,-1.14138248906,
6.08953722334,-1.14138248906,
0.256203890007,-1.14138248906,
-0.91046277666,-1.14138248906,
-0.91046277666,-1.14138248906,
-0.91046277666,-1.14138248906,
-1.91046277666,-1.14138248906,
-2.24379610999,-1.14138248906,
2.08953722334,-1.14138248906,
-2.91046277666,-1.14138248906,
1.08953722334,0.0,
-2.91046277666,0.0,
-1.91046277666,0.0,
5.08953722334,0.0,
1.08953722334,0.0,
-2.74904458599,0.0,
8.25095541401,0.0,
-2.74904458599,0.0,
0.250955414013,0.0,
2.75095541401,0.0,
-10.749044586,0.0,
-2.74904458599,0.0,
-2.74904458599,0.0,
1.25095541401,0.0,
-2.74904458599,0.0,
-4.74904458599,0.0,
0.250955414013,0.0,
-2.24904458599,0.0,
2.25095541401,0.0,
2.25095541401,0.0,
0.250955414013,0.0,
-1.74904458599,0.0,
1.25095541401,0.0,
-2.33636363636,0.0,
-2.33636363636,1.50283973658,
1.66363636364,-0.0314391876707,
-2.83636363636,-0.624597793234,
3.07228915663,-0.0692963453584,
-1.84665226782,0.785383687487,
0.903347732181,-0.477589791525,
0.153347732181,-0.477589791525,
-1.84665226782,-1.5764180618,
-1.84665226782,-1.5764180618,
-2.17998560115,-0.663306150039,
-0.846652267819,0.306223681114,
-1.84665226782,-0.238371483933,
3.90763052209,-1.08879524144,
0.907630522088,0.385807000587,
-0.0923694779116,1.15093799354,
-2.09236947791,1.15093799354,
4.90763052209,0.264058381723,
0.407630522088,-0.552331337507,
0.907630522088,-0.552331337507,
0.407630522088,-0.444429253838,
0.907630522088,-0.556813748148,
4.90763052209,-0.556813748148,
-0.0923694779116,0.581550035008,
-0.16379804934,0.581550035008,
-0.0923694779116,0.581550035008,
3.90763052209,-1.60542893952,
4.57429718876,-1.60542893952,
-2.09236947791,-1.60542893952,
-1.85465711361,-0.57777601603,
0.145342886387,0.131165158997,
-1.85465711361,0.131165158997,
5.14534288639,-0.265413855413,
0.145342886387,0.485171699747,
-1.85465711361,-1.26959105689,
-0.854657113613,0.230435382104,
2.9004008016,1.11032740542,
-1.2995991984,-0.158591359922,
5.03373413494,0.793618857709,
1.2004008016,0.793618857709,
-1.2995991984,0.651219472051,
-2.63293253173,0.651219472051,
1.7004008016,0.651219472051,
2.7004008016,0.651219472051,
0.86706746827,-0.378013425296,
1.7004008016,-0.378013425296,
3.7004008016,-0.378013425296,
-3.2995991984,-0.378013425296,
-1.01388491268,-1.14091758031,
1.7004008016,3.36135406501,
-1.6745991984,0.41612740822,
0.922623023825,-0.21785384772,
3.2004008016,-0.21785384772,
2.7004008016,-0.186537592514,
1.7004008016,-1.0056841239,
1.7004008016,-1.21709159505,
0.300400801603,-0.62975923171,
-3.2995991984,-0.62975923171,
0.200400801603,0.479502899975,
0.989959839357,-0.460702107775,
0.156626506024,0.734025987175,
-0.310040160643,0.0409104804139,
0.989959839357,1.75026211927,
1.48995983936,0.0465108797246,
1.48995983936,-0.55164130857,
-1.95448460509,0.319139317414,
-1.32822197882,-0.417394681097,
-1.01004016064,-0.417394681097,
5.73995983936,-0.417394681097,
0.189959839357,-0.068488830666,
-0.635040160643,-0.487040831233,
-0.553518421512,-0.487040831233,
-0.549295774648,-0.487040831233,
1.95070422535,-0.487040831233,
-0.0492957746479,-0.487040831233,
0.284037558685,-0.487040831233,
0.284037558685,-0.487040831233,
-0.0492957746479,-0.487040831233,
0.284037558685,-0.487040831233,
0.284037558685,-0.487040831233,
1.95070422535,-0.487040831233,
-0.549295774648,-0.487040831233,
4.95070422535,-0.487040831233,
-0.715962441315,-0.487040831233,
-2.04929577465,-0.487040831233,
-0.549295774648,-0.487040831233,
-2.04929577465,-0.487040831233,
-2.04929577465,-0.487040831233,
0.950704225352,-0.487040831233,
-1.79929577465,-0.487040831233,
5.95070422535,-0.487040831233,
-1.04929577465,-0.487040831233,
1.45070422535,-0.487040831233,
-2.04929577465,-0.487040831233,
-0.0492957746479,-0.487040831233,
-0.763581488934,-0.487040831233,
-2.04929577465,-0.487040831233,
-2.04929577465,-0.487040831233,
-1.9003021148,-0.499405879596,
3.43303121853,1.19886589767,
3.0996978852,1.19812079104,
6.0996978852,1.19812079104,
6.0996978852,1.19812079104,
9.0996978852,1.19812079104,
7.0996978852,-0.091774296964,
0.0996978851964,-0.445742529194,
1.0996978852,-0.804580047336,
-1.9003021148,0.263457829769,
-1.9003021148,0.263457829769,
4.0996978852,-1.30623567509,
-1.9003021148,-0.0414203741027,
-1.9003021148,0.0264721513425,
3.74874874875,0.368476259422,
0.748748748749,-0.280149341011,
0.248748748749,-0.280149341011,
1.49874874875,-0.637707067336,
0.248748748749,0.968808090263,
0.248748748749,-0.840907976817,
-2.25125125125,-0.840907976817,
-0.251251251251,-0.840907976817,
3.24874874875,1.46349244378,
0.498748748749,-0.58776831894,
-0.351251251251,0.271713647555,
3.74874874875,1.34691051667,
1.34874874875,1.34691051667,
-0.251251251251,0.125943851487,
1.11238511239,1.24490184257,
-0.181262729124,0.354374064152,
-2.18126272912,-1.18075103954,
10.8187372709,-1.18075103954,
10.8187372709,0.371267189474,
6.81873727088,-1.74980463699,
-2.18126272912,-1.74980463699,
5.81873727088,-0.702668351495,
3.81873727088,-0.702668351495,
-2.18126272912,-0.640139212716,
1.31873727088,-0.976412258341,
-4.18126272912,1.46553490998,
4.81873727088,-0.14112905466,
5.81873727088,-0.275416481473,
-3.18126272912,0.982798578133,
3.31873727088,-0.429368782207,
3.10797174571,-0.429368782207,
-1.89202825429,-0.966264754104,
-1.89202825429,-0.966264754104,
1.10797174571,-0.966264754104,
-0.186145901347,-0.966264754104,
-3.89202825429,-0.966264754104,
-0.0920282542886,-0.966264754104,
2.10797174571,-0.376340264549,
-1.89202825429,-0.376340264549,
-0.892028254289,1.47218047556,
-0.892028254289,-0.540695860534,
4.10797174571,-0.540695860534,
-1.89202825429,-0.540695860534,
0.774638412378,-0.540695860534,
0.352226720648,-0.46147176271,
9.85222672065,-0.46147176271,
1.35222672065,-0.323372027446,
0.352226720648,0.282855154197,
0.852226720648,1.81149627335,
4.85222672065,-0.181419923231,
4.85222672065,-0.181419923231,
6.85222672065,-0.181419923231,
8.85222672065,0.179426133189,
-1.14777327935,0.197229504894,
3.85222672065,1.44944959811,
4.85222672065,1.44944959811,
0.518893387314,-0.38828024637,
-0.147773279352,-0.38828024637,
0.852226720648,-0.243732735538,
5.85222672065,0.602862715177,
-2.14777327935,-0.78751040084,
0.352226720648,-1.60363350152,
-2.14777327935,-1.60363350152,
-1.14777327935,-1.21326626634,
-1.64777327935,-0.149947977808,
-2.14777327935,-0.149947977808,
1.35222672065,-0.149947977808,
-0.397773279352,0.514323007248,
-2.98390342052,1.54235668321,
-1.48390342052,1.54235668321,
-4.48390342052,0.318090156079,
-1.78390342052,-0.979809252644,
2.01609657948,0.829391795479,
0.516096579477,0.829391795479,
-0.483903420523,0.700780797474,
0.516096579477,0.0434995596766,
1.76609657948,0.0434995596766,
-1.78390342052,0.342406419803,
10.0160965795,0.342406419803,
-2.98390342052,0.342406419803,
3.01609657948,0.342406419803,
-1.48390342052,0.342406419803,
-2.98390342052,0.342406419803,
1.41609657948,-1.17192395846,
-1.31723675386,0.216923475324,
-2.98390342052,-0.260209065452,
2.21609657948,-0.260209065452,
-0.983903420523,-0.260209065452,
-2.48390342052,-0.0256115617178,
1.51609657948,-0.0256115617178,
-0.983903420523,-0.0256115617178,
0.340020060181,-0.653325922654,
-2.65997993982,0.0,
0.340020060181,0.0,
-1.65997993982,0.0,
-0.659979939819,0.0,
-1.65997993982,0.0,
1.48287720304,0.0,
-0.0599799398195,0.0,
1.34002006018,0.0,
-0.493313273153,0.0,
2.84002006018,0.0,
2.84002006018,0.0,
-1.65997993982,0.0,
-1.15997993982,0.0,
0.715020060181,0.0,
3.84002006018,0.0,
-1.65997993982,0.0,
-0.284979939819,0.0,
-3.12108980827,0.0,
-2.12108980827,0.0,
2.87891019173,-0.871935346164,
-2.12108980827,0.00817998445211,
2.87891019173,0.00817998445211,
2.87891019173,-0.275404550989,
2.87891019173,0.779217070841,
-0.621089808274,0.779217070841,
-0.121089808274,1.30435844368,
2.87891019173,1.30435844368,
0.878910191726,-0.0739573541427,
3.87891019173,-0.0739573541427,
-3.12108980827,-1.04636839246,
-0.621089808274,-1.04636839246,
0.878910191726,-1.04636839246,
-3.12108980827,-1.04636839246,
-2.12108980827,0.216656960782,
-4.12108980827,0.216656960782,
-2.12108980827,0.0492235365335,
3.87891019173,-0.118119478058,
0.278910191726,-0.19828919137,
-1.62108980827,-0.19828919137,
2.21224352506,-0.19828919137,
-2.12108980827,0.598320948775,
0.878910191726,0.598320948775,
-2.12108980827,0.598320948775,
3.60206185567,-0.975577259093,
-0.39793814433,-0.147843044637,
3.10206185567,0.0912951622181,
-1.39793814433,0.0912951622181,
-1.39793814433,1.03982824051,
-1.39793814433,0.752097092812,
2.60206185567,0.224625867151,
-1.39793814433,0.224625867151,
0.10206185567,0.416582613,
14.6020618557,0.416582613,
-1.39793814433,0.416582613,
0.60206185567,0.665706486966,
-3.39793814433,1.56203750111,
0.10206185567,1.56203750111,
1.26872852234,1.17997796542,
2.60206185567,-0.367320168793,
10.1020618557,0.769250816281,
-2.39793814433,-0.169356893657,
0.60206185567,-1.33148879629,
1.60206185567,-0.251026897617,
-1.39793814433,-0.251026897617,
0.60206185567,-0.640805212972,
0.941591137966,0.526714856551,
-1.05840886203,0.526714856551,
2.94159113797,0.190447565742,
1.69159113797,0.190447565742,
-0.558408862034,-1.3140304773,
7.94159113797,-1.3140304773,
-0.558408862034,0.0667097127666,
0.941591137966,-1.02331655333,
1.94159113797,3.06838569723,
0.941591137966,-0.409114128998,
0.941591137966,-0.409114128998,
0.191591137966,-1.23882754979,
-2.39174219537,0.605687195538,
0.541591137966,0.605687195538,
-3.55840886203,0.370399522892,
1.44159113797,-0.0484893732493,
6.94159113797,0.0577951448887,
1.2749244713,-0.783672854519,
3.60825780463,0.731119216351,
-0.725075528701,0.731119216351,
1.99392097264,0.55358027699,
0.493920972644,0.55358027699,
1.99392097264,-0.777833572633,
-2.00607902736,0.561836923298,
1.49392097264,0.900220305186,
1.49392097264,-0.305682107722,
0.593920972644,-0.402145291382,
-1.00607902736,0.275391504111,
4.99392097264,0.275391504111,
-1.00607902736,0.275391504111,
-2.00607902736,0.133270974074,
-0.00607902735562,0.571353134044,
-0.507575757576,0.305111131031,
4.49242424242,0.305111131031,
3.49242424242,0.305111131031,
-1.56003039514,0.267647738858,
-0.810030395137,0.267647738858,
-1.64336372847,0.267647738858,
0.189969604863,0.267647738858,
2.68996960486,0.267647738858,
4.68996960486,0.267647738858,
5.68996960486,0.267647738858,
0.689969604863,0.267647738858,
-4.31003039514,0.267647738858,
-2.31003039514,0.267647738858,
3.82303370787,-0.402910883473,
-0.324297188755,-0.200603639443,
0.675702811245,-0.200603639443,
3.67570281124,-0.200603639443,
-0.324297188755,-0.200603639443,
12.0456790123,-0.777687249431,
2.04567901235,0.0163985598107,
-2.95432098765,-0.814561706099,
-2.95432098765,0.447782398618,
4.04567901235,-0.256072950215,
-3.95432098765,0.282722115931,
6.04567901235,-0.575535482866,
4.04567901235,-0.452417687877,
-0.954320987654,0.588069645331,
1.71234567901,0.630370412268,
-1.95432098765,0.630370412268,
1.44630192503,0.519796971726,
-1.05369807497,0.519796971726,
-1.05369807497,-0.149141988999,
-2.05369807497,-0.387283645783,
0.946301925025,-0.0457401692133,
-2.05369807497,-0.950759770847,
0.946301925025,1.07472531124,
-1.05369807497,0.905431330215,
-0.0536980749747,-0.213679832182,
0.279635258359,0.828337120504,
-0.0536980749747,0.828337120504,
-4.05369807497,-1.14153537726,
4.94630192503,-0.541221598521,
-0.0536980749747,-0.410322400165,
0.946301925025,-0.669958005752,
-0.0536980749747,-0.278360026288,
-0.0536980749747,0.252921244441,
-0.0536980749747,0.252921244441,
-1.05369807497,0.576219173898,
-2.05369807497,-0.220159916504,
-4.05369807497,-0.220159916504,
-0.553698074975,-1.28857218676,
-2.05369807497,-0.923910554111,
0.946301925025,-0.923910554111,
-0.0536980749747,2.03511339939,
3.94630192503,0.518050912284,
2.94630192503,-0.577256700019,
0.446301925025,-0.577256700019,
-3.81124497992,-0.235703968802,
-1.81124497992,-0.235703968802,
0.18875502008,-0.235703968802,
3.18875502008,-0.235703968802,
6.18875502008,-0.235703968802,
-1.81124497992,-0.235703968802,
-3.31124497992,-0.235703968802,
-5.81124497992,-0.235703968802,
0.18875502008,-0.235703968802,
-1.41124497992,-0.235703968802,
-1.81400208986,-0.235703968802,
-1.81400208986,-0.501144347008,
4.18599791014,-0.501144347008,
-1.81400208986,-1.25122390192,
-0.314002089864,-0.431690491449,
1.18599791014,2.11676693801,
1.8526645768,0.495454012538,
4.18599791014,0.402005900029,
-1.81400208986,-0.499143636437,
2.78815261044,-0.535791865966,
-0.783275960987,-0.339415604708,
-0.545180722892,0.157149434236,
-1.21184738956,0.485559913114,
-1.21184738956,-0.365001249382,
-0.711847389558,-0.365001249382,
-1.21184738956,-0.365001249382,
-3.21184738956,-0.365001249382,
0.788152610442,-0.365001249382,
-1.21184738956,-0.365001249382,
3.28815261044,0.157408404266,
-0.411847389558,-0.18353604968,
-0.967944950534,0.657821688352,
-1.54518072289,0.657821688352,
-0.211847389558,0.657821688352,
1.78815261044,0.657821688352,
0.788152610442,0.0601384657734,
-3.21184738956,0.0601384657734,
-4.1218529708,1.80984526448,
-2.1218529708,0.0932456298733,
2.8781470292,-0.812549287086,
-5.1218529708,0.492620099129,
-3.1218529708,-0.349692903741,
-3.1218529708,-0.171897681752,
9.8781470292,-0.171897681752,
-2.1218529708,-1.53700824761,
4.8781470292,0.46298860399,
-1.1218529708,0.265940219078,
-2.1218529708,0.664297595787,
1.3781470292,0.739967414658,
-2.1218529708,-0.624191233308,
0.878147029204,-0.308453227835,
-2.1218529708,-0.308453227835,
0.878147029204,-0.576500282436,
0.878147029204,-0.576500282436,
5.8781470292,-1.02572949466,
1.3781470292,-1.02572949466,
-2.1218529708,-1.02572949466,
-1.7218529708,0.991029760084,
-1.1218529708,-0.892311727367,
1.6281470292,-0.892311727367,
0.238383838384,-1.66754547707,
-1.76161616162,0.858302953152,
1.23838383838,0.813259256523,
1.23838383838,0.181168893596,
-1.76161616162,-0.524115184486,
0.238383838384,0.484281041935,
-0.761616161616,0.484281041935,
-1.76161616162,0.790466709268,
-0.261616161616,0.790466709268,
-0.761616161616,0.790466709268,
-0.261616161616,0.118998356284,
-1.76161616162,-0.109447501612,
-1.76161616162,-0.397138825323,
9.23838383838,-0.397138825323,
-0.472868217054,-0.0869163309374,
-1.97286821705,-1.21478376391,
1.52713178295,1.5269136786,
3.02713178295,0.0478270379633,
1.81959910913,-0.331134910635,
2.15293244246,-0.283419639749,
-0.180400890869,0.0389512826327,
-2.68040089087,0.910970697208,
-0.180400890869,-0.612936064057,
-3.18040089087,-0.618350835986,
-2.68040089087,-0.212755811042,
-0.180400890869,0.595099831989,
-2.18040089087,-1.4177534466,
-1.18040089087,1.16334095176,
1.81959910913,-0.530168283699,
-2.18040089087,-0.513149344431,
-0.847067557535,-0.513149344431,
-0.180400890869,0.0402935235768,
3.62487462387,-0.703592229122,
0.499874623872,-0.703592229122,
-0.375125376128,2.69599316972,
-2.37512537613,0.622426586323,
5.62487462387,-0.500416622961,
-0.000125376128385,-0.500416622961,
-2.37512537613,-0.420762244006,
1.29154129054,-0.420762244006,
2.37487462387,-0.626854824634,
-2.20845870946,-0.963403527718,
1.29154129054,0.741898526195,
-1.37512537613,-0.560199979576,
-2.37512537613,0.427002914242,
1.62487462387,-0.296695855129,
-0.875125376128,-0.296695855129,
-1.37512537613,0.873398313461,
-0.979838709677,0.873398313461,
5.27016129032,0.873398313461,
-0.729838709677,0.873398313461,
-1.72983870968,0.873398313461,
-0.729838709677,0.873398313461,
-1.72983870968,0.873398313461,
-0.229838709677,0.873398313461,
6.27016129032,0.873398313461,
-0.229838709677,0.873398313461,
-1.72983870968,0.873398313461,
0.270161290323,0.873398313461,
3.27016129032,0.873398313461,
-2.72983870968,0.873398313461,
-1.72983870968,0.873398313461,
4.27016129032,0.873398313461,
5.27016129032,0.873398313461,
4.27016129032,0.873398313461,
-0.563172043011,0.873398313461,
-0.214213709677,0.873398313461,
-1.72983870968,0.873398313461,
0.0201612903226,0.873398313461,
2.77016129032,0.873398313461,
-1.72983870968,0.873398313461,
1.77016129032,0.873398313461,
-1.4122983871,-0.293079505345,
-1.07896505376,1.50161577467,
1.0877016129,0.656273392217,
1.5877016129,-0.893959299323,
11.4633165829,-0.18055523873,
-3.53668341709,-0.18055523873,
-0.0366834170854,0.672778473745,
-1.53668341709,0.672778473745,
-2.20335008375,0.672778473745,
-1.62759250799,0.672778473745,
1.46331658291,0.672778473745,
-0.0366834170854,0.672778473745,
1.46331658291,0.672778473745,
-2.20335008375,0.672778473745,
1.46331658291,0.672778473745,
-1.53668341709,0.672778473745,
0.963316582915,-0.855960286786,
0.155624275222,0.468911013517,
-1.53668341709,-1.07836575278,
-0.536683417085,-1.07836575278,
3.21331658291,-1.07836575278,
-0.536683417085,-1.07836575278,
-0.25450180072,1.75270689796,
1.74549819928,-1.11126388448,
-2.25450180072,-0.761294544531,
-4.25450180072,1.38693608262,
-2.25450180072,-0.905949367156,
-0.25450180072,-1.17578872491,
1.74549819928,-0.248577751268,
1.74549819928,-0.0341288499419,
2.74549819928,1.58525578023,
2.74549819928,-0.452244976371,
1.99177800617,-0.0236351402786,
1.99177800617,-0.423685932606,
9.99177800617,-0.135295365298,
-1.00822199383,-0.163285566675,
0.991778006166,-0.62766070408,
2.99177800617,0.562929344555,
0.991778006166,-0.805834246712,
0.991778006166,0.19850677448,
0.991778006166,0.442595758966,
0.991778006166,-0.371548502162,
-0.6748886605,-0.81970517685,
9.99177800617,-0.425552756183,
3.17670682731,-0.547612770539,
-0.323293172691,-0.547612770539,
0.676706827309,-0.547612770539,
-1.32329317269,-0.547612770539,
0.676706827309,-0.547612770539,
7.67670682731,-0.547612770539,
0.343373493976,-0.547612770539,
5.67670682731,-0.547612770539,
2.67670682731,-0.547612770539,
0.926706827309,-0.547612770539,
-2.32329317269,-0.547612770539,
0.676706827309,-0.547612770539,
-2.32329317269,-0.547612770539,
2.67670682731,-0.547612770539,
-2.32329317269,-0.547612770539,
-2.32329317269,-0.547612770539,
0.184775318578,-0.854001271096,
-1.48189134809,-0.854001271096,
0.851441985245,-0.505525582588,
4.51810865191,1.13344537733,
1.01810865191,0.444660878915,
3.51810865191,0.190785396734,
1.51810865191,-1.2368769755,
-1.48189134809,1.91225801355,
1.51810865191,-0.873477747404,
-1.48189134809,-0.0773861913001,
1.51810865191,-0.412704535763,
-2.56451612903,-0.907004890589,
-0.564516129032,-0.907004890589,
0.435483870968,-0.770844206418,
0.435483870968,-0.770844206418,
4.93548387097,0.301697736892,
-1.56451612903,-1.51244614275,
4.7688172043,-0.15806176321,
5.43548387097,-0.476835804313,
-2.56451612903,0.503255399864,
0.102150537634,0.849965404366,
2.43548387097,-0.882976737651,
0.435483870968,-0.914788499549,
1.93548387097,0.745413687697,
0.435483870968,0.395391558374,
0.310483870968,0.167416638301,
-2.06451612903,0.808159846961,
4.43548387097,0.808159846961,
1.43548387097,0.808159846961,
-0.897849462366,0.893597554027,
0.435483870968,-0.357511875493,
-2.56451612903,0.355531994904,
-0.564516129032,0.355531994904,
-0.0645161290323,0.256711148397,
-0.897849462366,1.83872595502,
-2.56451612903,-0.182454529113,
-3.56451612903,-0.47201433166,
-0.564516129032,-0.47201433166,
-0.564516129032,-0.749793820107,
1.43548387097,-0.749793820107,
-2.8595959596,-0.853279526977,
-2.8595959596,0.101732510433,
-1.3595959596,0.359765494826,
-2.52626262626,-0.728091396317,
1.47373737374,-0.728091396317,
-2.8595959596,-0.728091396317,
6.6404040404,1.44485571711,
5.1404040404,-0.964726030189,
-2.52626262626,-0.559151763243,
0.740404040404,0.0884067733563,
1.1404040404,0.0884067733563,
4.6404040404,0.0884067733563,
2.6404040404,0.0884067733563,
9.1404040404,0.315047919634,
1.1404040404,-0.0824496605969,
0.936555891239,-0.736533892764,
2.96,1.24275507818,
0.96,-0.531567491411,
0.96,1.45414200508,
-0.54,0.651289505914,
0.96,0.651289505914,
-2.04,0.651289505914,
-1.54,-0.350387907698,
-2.04,0.326915661866,
-2.04,0.326915661866,
0.96,0.758510877446,
4.96,0.544166423757,
-0.394974874372,-0.112478444628,
-0.394974874372,-0.112478444628,
-1.06164154104,-0.639489607511,
-0.283863763261,0.498203122363,
-0.394974874372,-1.50816871164,
-0.394974874372,-0.459755395674,
-0.0616415410385,0.632242497456,
-0.283863763261,0.140403318286,
2.60502512563,0.140403318286,
-0.394974874372,-0.0836857776283,
0.605025125628,0.432413009727,
-0.394974874372,0.432413009727,
0.50101010101,-0.828646790706,
1.50101010101,-1.52471332931,
-0.332323232323,-1.52471332931,
3.00101010101,0.994294602362,
0.667676767677,0.994294602362,
-0.99898989899,0.994294602362,
-0.99898989899,0.994294602362,
4.00101010101,0.994294602362,
1.00101010101,0.994294602362,
-0.99898989899,0.994294602362,
1.00101010101,0.994294602362,
2.00101010101,0.994294602362,
7.00101010101,0.994294602362,
-1.49898989899,0.994294602362,
0.0010101010101,-0.22583772873,
1.00101010101,-0.22583772873,
0.0010101010101,-0.420817130331,
1.75101010101,-0.420817130331,
-0.99898989899,1.32004229536,
-1.99898989899,-0.389494917527,
-1.99898989899,-0.94757913537,
-0.99898989899,-0.94757913537,
-0.99898989899,-0.94757913537,
-0.99898989899,-0.0591909547279,
0.334343434343,-0.0591909547279,
0.50101010101,-0.0591909547279,
0.50101010101,-0.0591909547279,
0.0010101010101,-0.0591909547279,
-2.99898989899,1.30536232239,
11.001010101,1.30536232239,
-0.99898989899,1.30536232239,
-0.99898989899,1.30536232239,
-0.99898989899,1.30536232239,
1.66767676768,1.30536232239,
-1.49898989899,1.30536232239,
3.00101010101,1.30536232239,
-0.99898989899,1.30536232239,
-2.13197969543,1.57925923893,
2.86802030457,0.66612320845,
-2.13197969543,0.66612320845,
3.86802030457,-0.389282402363,
-1.13197969543,0.0599995889519,
-0.131979695431,-0.18373014403,
-1.63197969543,0.53641968326,
-0.346265409717,0.53641968326,
-0.131979695431,-0.1675987091,
0.268020304569,1.4597205767,
3.06802030457,0.807773530296,
7.86802030457,-1.02937990583,
2.2013536379,-0.670485919704,
3.86802030457,-1.81295834521,
1.53618756371,0.894877258284,
0.53618756371,0.894877258284,
-2.46381243629,-1.50913465427,
-0.46381243629,0.783600027043,
-0.96381243629,0.783600027043,
2.53618756371,1.33188038275,
1.53618756371,1.33188038275,
-1.46381243629,0.556686108833,
4.53618756371,0.556686108833,
4.53618756371,-0.0789809648074,
4.53618756371,-0.0789809648074,
3.53618756371,-0.0789809648074,
-1.66381243629,-0.0789809648074,
-9.46381243629,-0.843443326775,
-1.46381243629,-0.843443326775,
4.20285423038,-0.843443326775,
2.53618756371,-0.843443326775,
1.53618756371,-0.843443326775,
1.88253012048,-0.843443326775,
-1.31746987952,-0.843443326775,
-0.117469879518,-0.843443326775,
4.88253012048,-0.843443326775,
2.38253012048,-0.843443326775,
2.38253012048,-0.843443326775,
-1.11746987952,-0.843443326775,
-0.784136546185,-0.843443326775,
-0.617469879518,-0.843443326775,
-2.11746987952,-0.843443326775,
-0.117469879518,-0.843443326775,
3.38253012048,-0.843443326775,
-3.11746987952,-0.843443326775,
0.382530120482,-0.843443326775,
-0.117469879518,-0.843443326775,
2.21586345382,-0.843443326775,
1.88253012048,-0.843443326775,
0.215863453815,-0.843443326775,
-1.11746987952,-0.843443326775,
1.88253012048,-0.843443326775,
1.38253012048,-0.843443326775,
-0.117469879518,-0.843443326775,
5.70234986945,0.784296261929,
-3.29765013055,0.213859560504,
-1.79765013055,-1.11905054855,
-1.29765013055,0.231247960132,
-3.29765013055,-0.557677358693,
-1.04765013055,-1.03709171802,
-1.29765013055,0.91053297456,
0.702349869452,0.91053297456,
4.70234986945,0.91053297456,
-1.96431679721,-0.0625858914558,
1.03568320279,0.918154433735,
-2.03125,-0.368016556065,
-1.29411764706,-0.368016556065,
0.205882352941,-0.368016556065,
-1.29411764706,-0.368016556065,
0.705882352941,-0.368016556065,
0.705882352941,-0.368016556065,
3.70588235294,-0.368016556065,
-1.29411764706,-0.368016556065,
-1.29411764706,-0.368016556065,
12.0789473684,0.846532626185,
1.07894736842,0.901125268855,
3.07894736842,0.201046383771,
-2.92105263158,0.416000069203,
2.74689826303,-1.00881189559,
2.74689826303,1.45370075784,
-1.25310173697,-1.52049163439,
-3.25310173697,2.89481251688,
-1.25310173697,-0.474841621816,
5.74689826303,-0.00429234463483,
0.746898263027,0.256364303279,
0.746898263027,-1.2761797142,
-2.25310173697,-1.09544790395,
2.17487437186,0.961599968063,
2.17487437186,0.961599968063,
-0.825125628141,0.961599968063,
-0.825125628141,0.961599968063,
-3.32512562814,0.265347577438,
-1.82512562814,0.288196917851,
-3.82512562814,0.288196917851,
-1.82512562814,-0.299329018619,
1.17487437186,-0.418531570716,
1.17487437186,-0.418531570716,
-1.82512562814,-0.418531570716,
-2.07512562814,-0.418531570716,
-1.82512562814,-0.418531570716,
1.17487437186,-0.418531570716,
1.17487437186,-0.418531570716,
1.17487437186,-0.418531570716,
1.67487437186,-0.418531570716,
-0.325125628141,-0.0381305235473,
-1.82512562814,-0.0381305235473,
-1.82512562814,0.366313684262,
-2.07512562814,-0.71144984126,
0.174874371859,-0.71144984126,
-1.82512562814,-0.71144984126,
-0.325125628141,-0.71144984126,
-1.82512562814,-0.580886769756,
0.674874371859,-0.580886769756,
4.17487437186,-0.580886769756,
-1.17748917749,-0.455213898628,
1.15584415584,-0.455213898628,
-0.344155844156,-0.455213898628,
5.65584415584,0.148262210798,
-0.594155844156,0.148262210798,
1.15584415584,-0.384707602443,
-0.987012987013,-0.384707602443,
0.155844155844,0.77534983209,
3.82251082251,0.989378769148,
2.15584415584,-0.44313549656,
0.00604838709677,0.3817298371,
-0.993951612903,-0.461821736307,
-1.9939516129,-0.278927737034,
-1.9939516129,0.371302781853,
-1.9939516129,0.828087158656,
-1.9939516129,-0.284950502407,
-1.9939516129,0.269069208051,
-1.7439516129,-0.831385337822,
4.0060483871,-1.35661017576,
2.0060483871,-0.28018594761,
0.85,-0.832007857706,
-2.82311557789,-0.563270345888,
-0.823115577889,0.110010921778,
-1.82311557789,0.110010921778,
1.17688442211,0.203265127817,
1.17688442211,-0.376917718903,
-1.82311557789,1.45398019908,
3.84355108878,0.0720579927782,
-1.82311557789,0.0720579927782,
0.676884422111,0.0720579927782,
4.17688442211,-0.699124716665,
-2.32311557789,-0.699124716665,
-0.823115577889,1.00081963439,
3.84355108878,1.00081963439,
3.17688442211,0.769387228714,
1.17688442211,0.769387228714,
1.17688442211,0.769387228714,
-1.82311557789,0.163626034315,
-1.15644891122,0.163626034315,
-0.823115577889,0.163626034315,
0.176884422111,-0.830044541345,
2.51021775544,-0.322751318934,
1.92688442211,0.245400082531,
-1.82311557789,-1.14248303069,
-0.982931726908,-1.0339068357,
0.0170682730924,-1.0339068357,
1.51706827309,0.663023062071,
0.517068273092,-0.999722357877,
6.01706827309,-0.194956785352,
6.01706827309,-0.435383707947,
4.01706827309,0.376353454748,
4.51706827309,0.376353454748,
2.01706827309,0.376353454748,
1.26706827309,0.376353454748,
1.01706827309,1.18687441447,
1.51706827309,-0.515048072261,
-0.982931726908,-0.409563740006,
0.767068273092,1.1796176109,
-1.98293172691,1.1796176109,
4.01706827309,1.1796176109,
2.01706827309,1.1796176109,
2.01706827309,1.1796176109,
0.517068273092,1.1796176109,
2.01706827309,0.934193084269,
-1.98293172691,-0.712387718275,
1.51706827309,-0.712387718275,
1.51706827309,-0.712387718275,
0.873493975904,0.239336723496,
-4.6265060241,0.551902427881,
3.3734939759,0.192447289129,
3.3734939759,0.307198646935,
1.70682730924,-0.580438449471,
3.3734939759,-0.580438449471,
-2.0265060241,0.39193121169,
2.3734939759,-0.229307147308,
-1.1265060241,-0.75351340695,
-2.6265060241,1.11254001496,
2.3734939759,-0.694689279638,
-2.6265060241,-0.932106619973,
0.373493975904,-0.932106619973,
-2.1265060241,-0.215147789043,
-0.376506024096,-0.501939821419,
-0.95983935743,0.639254000402,
2.3734939759,-0.0570213484038,
1.3734939759,0.246062401666,
2.3734939759,-0.165515251134,
7.42162162162,-1.51777699987,
-0.911711711712,-0.0537509484708,
-3.57837837838,-0.0537509484708,
7.08828828829,-0.810292357702,
1.42162162162,-0.334238493241,
-1.82837837838,-1.16792955961,
-0.578378378378,-0.447040338788,
3.42162162162,-0.540171246897,
5.08828828829,1.47977296519,
1.92162162162,0.831461352676,
0.421621621622,0.831461352676,
3.42162162162,0.547138650376,
0.421621621622,2.01802596809,
1.92162162162,2.01802596809,
1.80202020202,2.01802596809,
-2.03131313131,-0.740327741969,
-3.19797979798,-0.123155049235,
10.302020202,-0.389355981948,
0.90202020202,-0.470612366029,
6.30202020202,-0.470612366029,
2.30202020202,-0.264695445361,
2.9174048174,-0.264695445361,
-2.19797979798,-0.0504507898168,
-2.69797979798,-0.0504507898168,
2.30202020202,-0.0504507898168,
4.30202020202,0.934018115216,
-0.69797979798,0.934018115216,
-2.69797979798,0.934018115216,
2.30202020202,0.934018115216,
-1.69797979798,-0.761841590988,
-0.69797979798,-0.761841590988,
1.46868686869,-0.761841590988,
-1.69797979798,-0.761841590988,
-0.364646464646,-0.761841590988,
-1.69797979798,0.168680609443,
-1.36631944444,0.168680609443,
-1.36631944444,0.168680609443,
-1.36631944444,0.168680609443,
1.13368055556,0.168680609443,
-3.33333333333,-0.346601321518,
-1.33333333333,-0.242098951582,
0.166666666667,0.362820787266,
8.66666666667,1.34828801087,
2.66666666667,-0.141429806051,
-1.83333333333,-0.141429806051,
-0.954022988506,-1.41549074893,
2.04597701149,-0.003843105992,
-0.954022988506,-0.003843105992,
1.49949443883,0.050261819442,
-2.00050556117,0.398729653557,
-0.500505561173,0.398729653557,
-0.500505561173,0.398729653557,
-0.16717222784,0.398729653557,
0.83282777216,-0.489961971702,
7.49949443883,-0.489961971702,
-1.50050556117,-0.489961971702,
0.999494438827,-0.489961971702,
1.49949443883,-0.489961971702,
2.49949443883,-0.489961971702,
-1.50050556117,-0.489961971702,
-4.30070635721,0.00423738133969,
2.69929364279,0.597536753177,
1.69929364279,-1.37998061815,
0.699293642785,-1.37998061815,
4.29929364279,0.0429137196417,
-1.80070635721,-1.24187633267,
2.03262697612,1.41597495501,
2.69929364279,1.41597495501,
0.699293642785,-0.86545120135,
1.69929364279,-0.86545120135,
4.69929364279,-0.84738659536,
-0.800706357215,1.64441247925,
1.69929364279,1.64441247925,
2.69929364279,-0.118017806071,
10.6992936428,-0.118017806071,
0.365960309452,-0.118017806071,
-1.30070635721,0.797438367563,
1.19929364279,-1.29484960462,
-0.510582900425,-1.29484960462,
5.69929364279,-1.29484960462,
-1.30070635721,1.51460521034,
0.599358974359,1.34987673883,
-1.40064102564,1.34987673883,
6.59935897436,1.34987673883,
0.599358974359,1.34987673883,
4.59935897436,1.34987673883,
4.59935897436,1.34987673883,
0.599358974359,1.34987673883,
-0.0673076923077,1.34987673883,
4.59935897436,1.34987673883,
1.09935897436,1.34987673883,
-1.40064102564,1.34987673883,
-1.57929226737,1.34987673883,
-1.57929226737,-0.0727884180297,
0.420707732634,0.0980346528081,
5.42070773263,0.751408954066,
6.42070773263,-0.777336787595,
-1.57929226737,-0.777336787595,
-1.07929226737,0.625982909138,
-1.57929226737,0.625982909138,
7.42070773263,-0.546709081963,
1.42070773263,-0.546709081963,
3.67070773263,0.981312552199,
-1.19183078045,-0.392303967276,
-4.52516411379,-0.392303967276,
-0.525164113786,-0.392303967276,
-2.52516411379,-0.262458435811,
1.64150255288,0.572737113877,
-4.02516411379,-0.0947984559213,
0.465034965035,-0.535783157837,
1.96503496503,-0.312745451722,
1.96503496503,2.08763452917,
0.965034965035,-0.812900472851,
0.965034965035,-0.662486395286,
-2.03496503497,-0.963229962785,
3.71162790698,0.691982658765,
0.211627906977,-1.24337282176,
0.711627906977,-0.375355374593,
-2.28837209302,0.909868740262,
0.711627906977,0.592454678811,
3.71162790698,-0.0822845822977,
5.71162790698,0.413683353846,
3.71162790698,1.78947532414,
-1.24447949527,1.2996939042,
-5.74447949527,-0.864173415917,
15.2555205047,0.188422842176,
-2.99447949527,0.835910032175,
-0.744479495268,0.589589747566,
11.2555205047,0.184022685486,
8.25552050473,1.06343681065,
-0.244479495268,-0.2864860294,
-1.24447949527,0.819317180887,
-0.544479495268,0.819317180887,
-2.74447949527,-0.357528482294,
-2.55102040816,-0.357528482294,
0.448979591837,-0.357528482294,
0.448979591837,-0.357528482294,
-2.55102040816,-0.357528482294,
-2.55102040816,-0.357528482294,
3.44897959184,-0.357528482294,
-1.05102040816,-0.357528482294,
4.71428571429,1.05452014697,
-2.28571428571,0.606610384092,
-1.28571428571,0.476560796391,
-0.785714285714,0.862537553559,
0.714285714286,0.862537553559,
3.71428571429,-0.367306543502,
-0.785714285714,-0.485099044917,
-1.28571428571,-0.0869974084877,
4.11428571429,0.119112079068,
-1.28571428571,-0.949665210686,
-1.28571428571,-0.34548440342,
7.91842105263,0.114991251219,
2.91842105263,-0.250370260179,
-1.08157894737,2.23529248922,
-1.08157894737,2.23529248922,
-1.08157894737,0.500261215022,
-1.08157894737,-0.341981122143,
2.91842105263,1.48473012005,
4.91842105263,1.48473012005,
0.418421052632,-0.856222369154,
-1.21052631579,-1.10353226756,
9.78947368421,-0.168115458472,
-2.21052631579,0.313033017096,
-0.210526315789,0.44471330812,
0.789473684211,0.44471330812,
-0.210526315789,-0.150429943759,
3.78947368421,0.0468715421683,
-0.210526315789,-1.14139081459,
13.8022727273,2.32015649706,
-0.364393939394,2.32015649706,
2.80227272727,2.32015649706,
16.8022727273,2.32015649706,
-3.19772727273,2.32015649706,
2.30227272727,2.32015649706,
1.80227272727,2.32015649706,
-0.364393939394,2.32015649706,
-0.197727272727,2.32015649706,
-1.19772727273,2.32015649706,
3.80227272727,2.32015649706,
-0.697727272727,2.32015649706,
1.80227272727,2.32015649706,
6.80227272727,2.32015649706,
1.05227272727,2.32015649706,
4.80227272727,2.32015649706,
0.802272727273,2.32015649706,
2.80227272727,2.32015649706,
5.2987012987,2.32015649706,
9.2987012987,-1.05390139356,
6.2987012987,-0.288120053435,
-1.7012987013,0.166252345383,
-2.96026490066,0.239272745336,
2.53973509934,-0.805460956971,
3.03973509934,-0.74903275216,
5.03973509934,0.877451408902,
-2.96026490066,0.761752560396,
3.03973509934,-0.711531781755,
-2.96026490066,-0.711531781755,
2.48,0.476230196319,
9.48,-0.970445908351,
-3.52,-1.1351321865,
6.48,-0.37328102137,
2.48,-0.584788373928,
-0.186666666667,-0.584788373928,
-0.52,-0.547287403523,
1.48,-0.547287403523,
-3.52,-0.547287403523,
13.5655241935,-0.547287403523,
1.06552419355,-0.547287403523,
-2.43447580645,-0.837066008183,
3.56552419355,0.160146175525,
-0.434475806452,1.89843541504,
0.136952764977,1.89843541504,
-0.434475806452,-0.462407834902,
-0.434475806452,-1.54009023078,
-2.43447580645,0.980730945188,
-1.43447580645,-0.728982716577,
1.56552419355,-1.64672354412,
-2.43447580645,-1.64672354412,
0.565524193548,-1.64672354412,
-1.43447580645,0.726849459398,
-0.434475806452,-1.11767817599,
-2.43447580645,-1.11767817599,
9.56552419355,-0.352024938504,
0.565524193548,-0.798767854817,
1.56552419355,-0.798767854817,
7.56552419355,-0.184063689386,
-1.10114247312,0.589071794318,
6.56552419355,0.589071794318,
-2.43447580645,-1.12332548098,
