-0.824269889225,1.91858485387,
-1.82426988922,1.91858485387,
-0.990936555891,1.91858485387,
-0.181412746367,1.91858485387,
-0.602047667002,1.91858485387,
-1.82426988922,1.91858485387,
-1.32426988922,1.91858485387,
-0.324269889225,0.640866120947,
-1.32426988922,0.640866120947,
-0.657603222558,-1.11567444648,
-1.82426988922,-1.11567444648,
-1.32426988922,-0.148631259242,
-0.170423735378,-0.148631259242,
-0.324269889225,-0.148631259242,
-0.657603222558,-0.148631259242,
-0.824269889225,-0.148631259242,
-1.32426988922,-0.148631259242,
-0.824269889225,-0.148631259242,
-1.79095477387,0.0162017183584,
-0.933811916726,-0.455176143084,
-2.79095477387,-0.455176143084,
-1.04095477387,-0.277875845403,
-1.50524048816,-1.14951021848,
-2.79095477387,-0.194117683833,
-0.790954773869,-0.194117683833,
-0.790954773869,-0.150124992981,
-0.346510329425,0.582601055307,
-0.540954773869,0.582601055307,
-0.290954773869,-1.3193906062,
-1.79095477387,-0.101196959359,
-1.39095477387,-0.594548620573,
-2.79095477387,2.29882171076,
-0.540954773869,-0.130859200115,
-0.290954773869,-0.249602584829,
-0.790954773869,-0.249602584829,
-0.290954773869,0.569492766623,
-1.79095477387,0.569492766623,
-1.95,-0.829323421007,
-1.95,0.392616881935,
-1.95,-0.860987407347,
-1.95,-0.860987407347,
-2.95,-0.785176800829,
-0.95,0.25831387488,
-4.61666666667,1.10739790871,
-0.95,1.01926655562,
-0.95,0.232087889503,
-2.95,-1.26488499187,
-1.61666666667,0.512707340368,
-1.95,-0.393174854584,
-1.95,0.0532336887984,
-2.15210688592,1.6716096591,
-12.1521068859,-0.216575946207,
-0.15210688592,-0.216575946207,
-2.65210688592,-0.660499588923,
-1.15210688592,-0.660499588923,
-1.15210688592,-0.660499588923,
-1.15210688592,-0.567961390739,
-0.818773552587,-0.0293281714681,
-1.15210688592,-0.836949654197,
-3.15210688592,-0.836949654197,
-1.15210688592,-0.836949654197,
-1.15210688592,-0.275342633214,
-1.15210688592,1.16876792573,
-1.15210688592,0.267440242407,
-0.15210688592,0.267440242407,
-1.15210688592,0.267440242407,
-0.372763782402,0.267440242407,
-0.452309236948,0.153471833279,
-0.592015119301,1.35402790215,
-0.0773092369478,1.35402790215,
-1.22730923695,1.35402790215,
-1.82730923695,-0.213274469311,
-0.00912741876597,-0.553209063889,
-1.04953145917,0.548170627477,
-0.577309236948,-0.584971455733,
-0.493975903614,0.692095339301,
-0.493975903614,0.0109485205727,
-0.827309236948,0.0109485205727,
-0.427309236948,0.477689283529,
-0.327309236948,0.477689283529,
-0.0273092369478,0.343401856716,
-0.493975903614,0.343401856716,
-0.113023522662,-0.923609018972,
-5.25502008032,-0.923609018972,
-1.25502008032,0.752737809282,
-3.25502008032,-0.396291604842,
-1.75502008032,-0.396291604842,
-2.58835341365,-0.396291604842,
-0.755020080321,0.208107729769,
-2.58835341365,0.208107729769,
-1.25502008032,-0.708474782151,
-1.75502008032,-0.708474782151,
-2.25502008032,-0.708474782151,
-2.25502008032,-0.708474782151,
-1.25502008032,-0.708474782151,
-2.25502008032,0.355457912695,
-2.25502008032,-0.108188818477,
-2.25502008032,-0.761114207503,
-0.921686746988,-0.761114207503,
-0.755020080321,-0.761114207503,
-0.255020080321,-0.761114207503,
-1.05502008032,0.302308048532,
-2.25502008032,0.302308048532,
-2.25502008032,0.302308048532,
-3.25502008032,0.302308048532,
-0.862992922144,-0.0273605414931,
-1.86299292214,1.03500775553,
-1.14077069992,-0.392722052892,
-1.36299292214,-0.392722052892,
-2.36299292214,2.72847771587,
-1.36299292214,0.0447280231599,
-3.36299292214,0.0447280231599,
-1.36299292214,-0.225117703692,
-0.862992922144,-1.2945000806,
-2.36299292214,0.311324746654,
-0.362992922144,0.311324746654,
-2.86299292214,-0.470040790875,
-0.780721790772,-0.106431405197,
-0.917085427136,0.350972714472,
-0.417085427136,0.866825491057,
-0.685378110063,-1.75133191839,
-1.75041876047,-1.75133191839,
-0.417085427136,0.379447074842,
-1.31708542714,0.379447074842,
-0.667085427136,0.379447074842,
-1.41708542714,-0.645090497092,
-4.41708542714,-0.0499395832866,
-1.0837520938,-1.10796585411,
-1.22353704004,-1.06878642422,
-0.559942569993,0.494790471172,
-0.167085427136,0.494790471172,
-0.305974316025,0.0304568028187,
-0.491405460061,-0.28046310404,
-3.49140546006,-0.189108630194,
-1.49140546006,0.956968371442,
-1.49140546006,0.956968371442,
-2.49140546006,-0.686260697026,
-0.491405460061,0.0397193017689,
-0.491405460061,-1.20157573484,
-3.49140546006,-0.268343639915,
-5.49140546006,-0.268343639915,
-2.49140546006,2.49324397389,
-1.82473879339,-0.00686537388639,
-1.49140546006,-0.329723879869,
-0.491405460061,0.729652466384,
-2.74771573604,2.18290829329,
-0.247715736041,-0.365274232362,
-3.74771573604,-0.729761068013,
-2.24771573604,-0.729761068013,
-0.247715736041,-0.729761068013,
-1.64771573604,0.237719189522,
-0.997715736041,1.21146916839,
-2.24771573604,1.38470144161,
-0.447715736041,-1.20961543909,
-1.91438240271,-1.05480929748,
-0.00962049794537,-1.89599965324,
-1.97054886212,0.638866179514,
-2.359437751,0.638866179514,
-0.526104417671,0.638866179514,
-0.0975329890993,0.638866179514,
-2.52610441767,0.490892771553,
-0.926104417671,0.490892771553,
-0.0261044176707,0.490892771553,
-0.926104417671,0.0854715526081,
-0.859437751004,-0.255370398987,
-0.526104417671,-0.526382688177,
-4.02610441767,-0.526382688177,
-0.526104417671,-0.526382688177,
-0.526104417671,-0.526382688177,
-0.526104417671,0.338084874949,
-1.52610441767,0.509162654324,
-2.52610441767,0.729210520984,
-3.77610441767,-0.654140822293,
-0.526104417671,-0.654140822293,
-0.526104417671,0.663342408552,
-1.859437751,-0.928273259598,
-2.19277108434,-0.946735013669,
-2.27610441767,0.890203671401,
-2.859437751,0.312927480127,
-0.0261044176707,1.81141377001,
-0.526104417671,-0.415363236039,
-2.52610441767,-0.415363236039,
-3.52610441767,0.183856410955,
-2.31557810188,-0.84578604556,
-1.83521444695,0.837405010428,
-0.835214446953,-1.174380417,
-1.00188111362,0.944568360306,
-2.33521444695,1.80054929873,
-2.66854778029,1.80054929873,
-2.08521444695,0.197559642973,
-0.335214446953,-0.899754221585,
-1.33521444695,-0.899754221585,
-1.33521444695,0.323110409288,
-2.66854778029,0.363489443912,
-0.835214446953,-1.12987458801,
-1.33521444695,0.108226911028,
-1.33521444695,0.108226911028,
-1.33521444695,-0.836054346212,
-1.33521444695,0.386975249678,
-1.33521444695,0.386975249678,
-1.16783919598,-0.172180574249,
-2.71783919598,-0.264105898575,
-0.96783919598,-0.264105898575,
-0.96783919598,-0.264105898575,
-0.301172529313,-0.264105898575,
-0.96783919598,1.0970753117,
-0.301172529313,1.0970753117,
-1.36783919598,1.0970753117,
-0.96783919598,0.586886435484,
-1.30117252931,0.586886435484,
-0.331475559616,-0.535952258692,
-0.96783919598,-0.535952258692,
-0.96783919598,-0.507628681266,
-0.583223811365,0.230900097828,
-0.96783919598,0.130777034385,
-0.96783919598,0.130777034385,
-0.96783919598,0.130777034385,
-0.134505862647,2.40527695675,
-0.96783919598,2.40527695675,
-0.710667996012,-0.409859329971,
-0.726052611397,0.568154271562,
-0.444001329345,0.568154271562,
-1.94400132935,-0.310543742591,
-1.25352513887,-0.340317311552,
-2.11066799601,0.504127017702,
-1.77733466268,0.194337491517,
-0.194001329345,-0.738546523653,
-1.51066799601,-0.738546523653,
-0.166223551568,-0.738546523653,
-0.539239424583,-0.738546523653,
-5.77185929648,0.989616206101,
-1.27185929648,-0.587207294539,
-4.27185929648,-0.587207294539,
-2.77185929648,-0.702460628241,
-2.77185929648,0.855055371981,
-0.771859296482,1.31302106647,
-0.771859296482,1.31302106647,
-3.77185929648,0.451461836889,
-0.105192629816,0.451461836889,
-0.905192629816,-1.15048776208,
-0.271859296482,-1.15048776208,
-1.27185929648,3.24219170666,
-1.10519262982,3.24219170666,
-2.77185929648,-0.752907225676,
-1.40343824385,-0.752907225676,
-4.77185929648,-1.69352635887,
-0.646859296482,-0.474126084695,
-1.44095238095,-0.93049496428,
-0.440952380952,-0.575241555944,
-0.440952380952,0.269708161964,
-1.94095238095,-0.650599139717,
-1.44095238095,-0.255126134837,
-1.94095238095,1.01915064963,
-0.940952380952,0.207545888698,
-1.60761904762,-0.872406247469,
-4.94095238095,0.256467915464,
-0.902763819095,0.434581888702,
-0.652763819095,-0.99751083502,
-0.486097152429,-0.261140175349,
-2.1527638191,-0.0851756014976,
-1.1527638191,1.4434618747,
-1.1527638191,0.683572507777,
-1.1527638191,-0.134014739066,
-0.652763819095,-0.134014739066,
-0.152763819095,0.56193478115,
-1.1527638191,0.56193478115,
-0.486097152429,1.37651136662,
-1.1527638191,1.00004747952,
-0.867049533381,-1.15603188892,
-1.1527638191,-0.571562399366,
-0.652763819095,-0.571562399366,
-0.402763819095,0.235491708005,
-1.1527638191,0.235491708005,
-1.9027638191,-0.554367064558,
-0.152763819095,-0.250424507473,
-0.313330244053,-0.707819873506,
-0.928714859438,-0.213212335523,
-0.484270414993,-0.213212335523,
-0.595381526104,-0.213212335523,
-0.428714859438,-0.213212335523,
-0.0120481927711,-0.0387880645215,
-0.711959798995,-0.136389714485,
-0.258626465662,-0.136389714485,
-0.41548921076,-1.0597951102,
-0.41548921076,-1.0597951102,
-0.41548921076,1.05739604206,
-0.091959798995,1.19301242434,
-1.59195979899,-0.448942222189,
-1.09195979899,-0.452521916757,
-0.877674084709,-0.530522847081,
-0.791959798995,-0.269624125742,
-1.09195979899,-1.21031773474,
-1.59195979899,0.907186936286,
-0.791959798995,0.907186936286,
-1.73481694185,0.907186936286,
-0.11369892943,1.87844288903,
-0.591959798995,-0.864714295356,
-1.22244691608,-0.648811319363,
-1.22244691608,0.1080318104,
-1.47244691608,1.0238078278,
-1.22244691608,1.0238078278,
-0.222446916077,-0.900849678477,
-1.22244691608,-0.900849678477,
-0.580382988199,-0.34202637319,
-0.0526052104208,-0.140270282864,
-1.05260521042,0.707667739963,
-1.30260521042,-0.604442291289,
-0.469271877088,0.606129392299,
-0.802605210421,0.149175507089,
-1.10260521042,0.348098900911,
-0.135938543754,0.464392172088,
-1.80260521042,0.220655188278,
-0.446916076845,0.93771714372,
-0.446916076845,-0.225696325291,
-2.44691607685,-0.225696325291,
-2.44691607685,0.230988655152,
-2.44691607685,0.248564944021,
-0.846916076845,0.711037263669,
-2.44691607685,0.711037263669,
-3.44691607685,-0.331785078631,
-2.04691607685,-0.450477433409,
-1.44691607685,-0.450477433409,
-0.446916076845,0.561732445013,
-0.446916076845,-0.295359254664,
-0.446916076845,-0.541902553179,
-2.44691607685,-0.530373790041,
-1.46948356808,-0.530373790041,
-2.30281690141,0.336599447457,
-0.136150234742,0.336599447457,
-0.569483568075,0.336599447457,
-0.802816901408,0.336599447457,
-1.05281690141,0.336599447457,
-0.802816901408,0.336599447457,
-1.30281690141,0.336599447457,
-1.30281690141,0.428430236627,
-0.302816901408,0.428430236627,
-1.73138832998,0.428430236627,
-1.58853118712,0.428430236627,
-2.30281690141,0.428430236627,
-0.302816901408,0.428430236627,
-0.159959758551,0.428430236627,
-1.30281690141,0.428430236627,
-1.30281690141,0.428430236627,
-2.30281690141,0.428430236627,
-0.802816901408,-0.711823802922,
-0.969483568075,-0.711823802922,
-0.636150234742,-0.711823802922,
-1.30281690141,-0.711823802922,
-0.552816901408,-0.711823802922,
-1.62235649547,1.70887082955,
-1.28902316213,-0.412078204081,
-1.49735649547,-0.412078204081,
-0.622356495468,-0.412078204081,
-4.62235649547,-0.578005235329,
-3.62235649547,-1.20870789602,
-0.622356495468,-1.20870789602,
-2.37235649547,-0.330449581688,
-1.37235649547,-0.330449581688,
-2.62235649547,-1.0333364172,
-2.62235649547,-0.0184973202367,
-0.622356495468,0.673233151156,
-0.622356495468,-0.482135187681,
-2.82235649547,-0.510327654819,
-1.62235649547,-0.510327654819,
-2.62235649547,-0.175958384075,
-1.87235649547,0.627027257276,
-1.37235649547,0.627027257276,
-0.622356495468,0.225698967667,
-0.222356495468,-1.18201475902,
-0.622356495468,-0.575783191252,
-0.531550068587,0.181777610211,
-1.03155006859,0.181777610211,
-1.53155006859,-0.752542301806,
-1.03155006859,-0.582718357831,
-0.0315500685871,0.375114646335,
-1.03155006859,-0.710864436523,
-2.53155006859,1.45568863071,
-3.03155006859,0.0610024760629,
-1.03155006859,-0.050065645891,
-1.36488340192,-0.155851124869,
-2.32494969819,-0.15291225817,
-2.32494969819,-0.772821296058,
-2.32494969819,1.23216929916,
-2.32494969819,1.23216929916,
-0.824949698189,-0.656917566979,
-2.32494969819,0.160252885343,
-2.32494969819,-0.49051690091,
-0.324949698189,0.98239495739,
-0.324949698189,-0.256264563279,
-2.32494969819,-0.749929577972,
-0.324949698189,-0.54027676951,
-1.99161636486,-0.54027676951,
-0.324949698189,-0.637341028446,
-2.32494969819,0.158104014271,
-6.32494969819,0.158104014271,
-1.51603206413,0.666339911615,
-0.849365397462,-0.0800705158488,
-1.51603206413,0.131208413171,
-1.11603206413,0.247058505004,
-0.516032064128,-0.233278422481,
-0.766032064128,0.619450477248,
-0.516032064128,0.619450477248,
-1.51603206413,0.619450477248,
-1.76603206413,0.619450477248,
-0.516032064128,-0.183662395821,
-2.01603206413,-0.183662395821,
-0.404920953017,-0.183662395821,
-2.18269873079,0.53105284284,
-1.51603206413,0.541025779862,
-3.51603206413,0.541025779862,
-1.42512297322,-0.714145344366,
-1.01603206413,-0.394090219675,
-1.01603206413,-0.064157232299,
-0.849365397462,-0.064157232299,
-0.182698730795,-0.673607355708,
-0.404920953017,-0.673607355708,
-2.01603206413,1.04552765933,
-1.84936539746,1.04552765933,
-0.0160320641283,1.04552765933,
-1.51603206413,0.363284631741,
-1.18269873079,0.0628186222248,
-0.116032064128,-0.971891315555,
-0.553212851406,2.82931318149,
-0.83892713712,0.592600783879,
-0.553212851406,0.592600783879,
-0.553212851406,0.592600783879,
-0.719879518072,0.592600783879,
-0.553212851406,-0.429074730279,
-0.553212851406,-0.813482657748,
-0.0532128514056,-0.813482657748,
-0.553212851406,0.113232261913,
-0.553212851406,-0.904898572044,
-0.553212851406,0.526686637367,
-0.553212851406,0.0991559557191,
-0.553212851406,-0.64652747115,
-0.553212851406,-0.64652747115,
-0.553212851406,-1.05772851698,
-0.303212851406,-0.315141817916,
-0.553212851406,-0.315141817916,
-0.435565792582,-1.15733873947,
-0.587695610026,-1.15733873947,
-0.553212851406,-1.15733873947,
-0.303212851406,-0.454559486243,
-0.219879518072,1.71538987635,
-0.0520310932798,1.71538987635,
-0.11453109328,1.71538987635,
-3.17703109328,1.71538987635,
-3.17703109328,1.71538987635,
-0.92703109328,1.71538987635,
-0.404303820553,1.71538987635,
-0.30203109328,1.71538987635,
-0.17703109328,1.71538987635,
-0.260364426613,1.71538987635,
-1.09369775995,1.71538987635,
-1.01036442661,1.71538987635,
-0.772269188518,1.71538987635,
-0.27703109328,1.71538987635,
-0.67703109328,1.71538987635,
-0.410364426613,1.71538987635,
-1.73758865248,0.660657425998,
-1.73758865248,0.165651315503,
-1.73758865248,-1.53199410323,
-0.237588652482,-1.53199410323,
-0.237588652482,-0.118756084565,
-0.0709219858156,-0.173116438703,
-1.73758865248,-0.898209129122,
-0.737588652482,0.0922731179991,
-1.73758865248,1.19091907822,
-1.73758865248,0.0399179435401,
-1.73758865248,0.0399179435401,
-1.73758865248,-1.32580251785,
-2.73758865248,-1.23168294352,
-1.34297963558,0.108310232028,
-0.0096463022508,-0.336671750971,
-1.09297963558,-0.336671750971,
-2.34297963558,-1.32927456552,
-0.592979635584,-1.32927456552,
-2.34297963558,-0.875330842867,
-0.342979635584,0.484747310778,
-1.34297963558,1.12983579124,
-1.34297963558,-0.626704776194,
-1.34297963558,0.236767397884,
-0.342979635584,0.221698475521,
-2.00964630225,-0.0111838673773,
-2.34297963558,-0.646757531474,
-1.34297963558,0.402221728906,
-2.00964630225,-1.08085062181,
-0.105532786885,0.223455330978,
-3.10553278689,1.04006701653,
-2.35553278689,0.105896288085,
-2.90553278689,0.0533150375681,
-3.10553278689,0.579710722398,
-3.10553278689,-0.47095698599,
-3.10553278689,-0.47095698599,
-0.355532786885,0.742001023917,
-2.50553278689,-1.29722348579,
-1.10553278689,2.3231284036,
-3.10553278689,1.1311640508,
-3.10553278689,-0.908504646291,
-0.105532786885,-0.502738953481,
-3.10553278689,-0.701810870992,
-1.60553278689,-0.701810870992,
-2.59959349593,0.188617132109,
-1.09959349593,-0.268371446811,
-2.59959349593,-0.268371446811,
-1.2662601626,-0.268371446811,
-2.59959349593,-0.828771610169,
-2.59959349593,0.414726485545,
-2.59959349593,0.853539953149,
-2.59959349593,1.51363244499,
-2.59959349593,-0.358740511082,
-2.59959349593,-0.358740511082,
-0.266260162602,-0.205596724554,
-0.849593495935,-0.477845570595,
-0.599593495935,0.0546043123464,
-2.76446280992,-0.428112920893,
-0.264462809917,0.898710905315,
-0.764462809917,0.898710905315,
-0.764462809917,0.0506304605493,
-0.946280991736,-0.272080804472,
-2.76446280992,1.2421061718,
-1.76446280992,1.2421061718,
-3.76446280992,1.2421061718,
-0.564462809917,0.149541623637,
-1.76446280992,0.149541623637,
-3.76446280992,0.149541623637,
-2.56304985337,-0.32219990674,
-0.563049853372,-0.349953288647,
-1.56304985337,0.94612745415,
-3.56304985337,-0.108688232698,
-2.56304985337,0.989314947063,
-2.16304985337,-1.65644074116,
-1.66096579477,0.192862368264,
-3.66096579477,-0.959297051929,
-2.66096579477,0.30159509816,
-2.66096579477,0.946461635756,
-0.375251509054,1.88613227222,
-0.375251509054,-0.190535707162,
-1.16096579477,0.817491460414,
-3.9942991281,-0.0593030984904,
-0.660965794769,1.11736197878,
-0.160965794769,-1.19523297048,
-1.16096579477,-0.3619512504,
-2.66096579477,-0.778351252109,
-0.660965794769,-0.36639168725,
-0.994299128102,1.5680183761,
-2.32763246144,1.5680183761,
-0.375251509054,-0.740078275204,
-1.66096579477,-0.740078275204,
-0.660965794769,-1.03000699268,
-2.73333333333,0.019990525438,
-0.0666666666667,1.40398143018,
-4.06666666667,1.40398143018,
-1.73333333333,0.941910502196,
-1.73333333333,0.941910502196,
-1.06666666667,0.941910502196,
-0.0666666666667,0.941910502196,
-0.266666666667,0.941910502196,
-1.06666666667,0.941910502196,
-0.0666666666667,-1.79451464181,
-3.06666666667,0.0553755758285,
-0.0666666666667,0.120967087875,
-2.06666666667,1.23254928044,
-0.0666666666667,1.23254928044,
-2.06666666667,1.23254928044,
-0.0666666666667,1.23254928044,
-1.56666666667,0.235951667268,
-3.06666666667,-0.373512928968,
-3.06666666667,0.0905388763987,
-0.0666666666667,-0.633751911424,
-0.733333333333,-0.633751911424,
-0.0666666666667,-0.633751911424,
-5.06666666667,-0.633751911424,
-3.19850746269,0.711167670884,
-1.19850746269,-0.352738239957,
-3.19850746269,-0.239657553576,
-3.19850746269,0.20302189044,
-1.19850746269,0.20302189044,
-1.19850746269,0.20302189044,
-0.198507462687,0.20302189044,
-3.53184079602,0.20302189044,
-1.19850746269,0.20302189044,
-1.19850746269,0.115174275427,
-0.198507462687,0.115174275427,
-4.19850746269,0.115174275427,
-0.198507462687,0.115174275427,
-3.19850746269,-0.82665890389,
-3.19850746269,0.55119151175,
-0.198507462687,0.55119151175,
-0.53184079602,-0.262952749378,
-1.53184079602,0.542426145449,
-0.198507462687,-0.305142238232,
-0.0252918287938,-1.02769452847,
-2.02529182879,-0.38069839969,
-1.02529182879,-0.0741446248183,
-2.02529182879,0.417016572623,
-0.525291828794,0.417016572623,
-1.02529182879,0.417016572623,
-2.02529182879,0.417016572623,
-1.45386325737,0.276827135203,
-1.45386325737,0.276827135203,
-0.0252918287938,-0.238181507273,
-2.02529182879,0.039525123134,
-0.0252918287938,0.0985935614594,
-0.525291828794,-1.00879831144,
-2.02529182879,2.10454940334,
-1.52529182879,-0.193212222682,
-2.02529182879,0.237188041701,
-1.45386325737,0.237188041701,
-0.0252918287938,0.558731731076,
-1.23323323323,0.0268703261395,
-2.23323323323,0.485783802844,
-0.233233233233,-0.956400043655,
-0.0332332332332,1.49313065856,
-2.23323323323,-0.0140887505087,
-0.8998998999,-0.0140887505087,
-0.8998998999,1.8765789875,
-1.51894751895,-0.260114149775,
-0.810156310156,-0.260114149775,
-0.295733233233,-0.260114149775,
-0.233233233233,0.672743563199,
-1.23323323323,-0.574009467838,
-0.233233233233,-0.574009467838,
-0.189754972364,-0.404277177942,
-0.37609037609,-0.404277177942,
-0.633233233233,0.0652723274972,
-0.661804661805,-0.1163381615,
-0.6998998999,-0.437500562829,
-1.23323323323,-0.437500562829,
-0.608233233233,-0.437500562829,
-2.23323323323,-0.972495910677,
-1.56656656657,-0.52693006971,
-2.56422018349,0.0730743016555,
-0.564220183486,0.0730743016555,
-2.56422018349,0.0730743016555,
-0.564220183486,0.0730743016555,
-2.56422018349,0.0730743016555,
-0.564220183486,0.0730743016555,
-8.56422018349,0.0730743016555,
-0.564220183486,0.0730743016555,
-3.06422018349,0.0730743016555,
-0.564220183486,0.0730743016555,
-2.56422018349,0.0730743016555,
-1.56422018349,0.0730743016555,
-2.56422018349,0.0730743016555,
-0.456703443664,0.0730743016555,
-0.248370110331,0.0730743016555,
-0.456703443664,0.0730743016555,
-0.123370110331,0.0730743016555,
-0.423370110331,0.0730743016555,
-0.19479868176,0.0730743016555,
-0.409084396045,0.0730743016555,
-0.323370110331,0.0730743016555,
-0.2,0.0730743016555,
-2.45,0.0730743016555,
-0.783333333333,0.0730743016555,
-4.45,0.0730743016555,
-0.45,0.0730743016555,
-2.29411764706,0.228289137835,
-4.79411764706,-0.845786945667,
-2.79411764706,-0.161594548579,
-0.294117647059,0.152217748633,
-0.294117647059,-0.640887380262,
-1.04411764706,0.341331677465,
-0.460784313725,0.147043167579,
-3.29411764706,0.326805757518,
-2.29411764706,-0.464418464096,
-1.66326530612,0.0620603376532,
-1.66326530612,0.0620603376532,
-2.16326530612,0.0620603376532,
-2.31836734694,0.123319798689,
-1.31836734694,-0.744120655771,
-2.31836734694,-0.0958443880621,
-3.31836734694,-0.0473706463211,
-2.31836734694,0.176934911226,
-1.46278270827,-0.186904811579,
-1.08183032732,1.25858951389,
-0.248496993988,-0.303875628564,
-0.915163660655,2.3698627749,
-0.748496993988,-0.483582659558,
-1.74849699399,-0.483582659558,
-0.748496993988,-0.483582659558,
-0.748496993988,0.45383248929,
-1.34849699399,-0.783311381627,
-0.415163660655,-0.783311381627,
-1.14849699399,-0.783311381627,
-0.348496993988,-0.783311381627,
-2.24849699399,0.0404025978213,
-1.24849699399,0.0404025978213,
-0.891354136845,-0.554072515333,
-0.748496993988,-0.554072515333,
-1.64849699399,0.0895956744206,
-0.560996993988,-0.864596047607,
-0.348496993988,0.304813846478,
-2.49849699399,-0.577135195931,
-3.74849699399,0.370232161426,
-1.74849699399,0.370232161426,
-1.74849699399,-0.668834556702,
-2.24849699399,0.518817446501,
-0.748496993988,-0.541015588221,
-3.80651731161,-0.541015588221,
-0.806517311609,-1.21217507446,
-1.80651731161,-1.21217507446,
-1.30651731161,-1.21217507446,
-0.806517311609,1.59919143753,
-1.20651731161,-1.14138248906,
-0.577129443327,-1.14138248906,
-0.41046277666,-1.14138248906,
-1.91046277666,-1.14138248906,
-0.91046277666,-1.14138248906,
-0.78546277666,-1.14138248906,
-0.91046277666,-1.14138248906,
-0.91046277666,-1.14138248906,
-1.57712944333,-1.14138248906,
-1.91046277666,-1.14138248906,
-1.57712944333,-1.14138248906,
-1.91046277666,-1.14138248906,
-0.577129443327,-1.14138248906,
-1.51046277666,-1.14138248906,
-0.41046277666,-1.14138248906,
-2.24379610999,-1.14138248906,
-0.977129443327,-1.14138248906,
-0.51046277666,0.0,
-0.91046277666,0.0,
-2.74904458599,0.0,
-2.74904458599,0.0,
-1.74904458599,0.0,
-4.74904458599,0.0,
-2.24904458599,0.0,
-6.08237791932,0.0,
-2.74904458599,0.0,
-2.74904458599,0.0,
-1.24904458599,0.0,
-2.74904458599,0.0,
-2.24904458599,0.0,
-0.0823779193206,0.0,
-1.94904458599,0.0,
-2.74904458599,0.0,
-0.336363636364,-0.0314391876707,
-4.33636363636,-0.0314391876707,
-2.33636363636,1.28748769025,
-0.836363636364,-0.597248453582,
-2.33636363636,-0.597248453582,
-0.427710843373,-0.565042393542,
-0.846652267819,-0.58121182146,
-1.34665226782,-1.10315088089,
-1.09665226782,-0.477589791525,
-0.846652267819,-0.477589791525,
-1.84665226782,-1.5764180618,
-0.846652267819,-0.663306150039,
-1.84665226782,-0.663306150039,
-1.84665226782,-0.0755429402715,
-1.84665226782,0.180701620603,
-0.179985601152,0.399851812396,
-1.84665226782,-0.238371483933,
-4.09236947791,-1.08879524144,
-0.0923694779116,-1.16586039086,
-0.0923694779116,1.15093799354,
-1.09236947791,-0.556813748148,
-0.0923694779116,-0.556813748148,
-1.85465711361,1.37043176571,
-0.854657113613,0.131165158997,
-0.854657113613,1.07464256226,
-0.354657113613,0.126155696268,
-1.85465711361,0.775696920718,
-0.0495991983968,1.11032740542,
-0.799599198397,0.651219472051,
-0.799599198397,-0.378013425296,
-0.744043642841,-0.378013425296,
-1.2995991984,-0.378013425296,
-0.942456341254,-1.14091758031,
-1.63293253173,0.41612740822,
-2.2995991984,-0.21785384772,
-2.8995991984,-0.21785384772,
-0.585313484111,-1.0056841239,
-3.96626586506,-0.62975923171,
-1.2995991984,0.479502899975,
-1.2995991984,-0.661152802792,
-0.676706827309,-0.460702107775,
-0.470040160643,0.734025987175,
-1.51004016064,1.75026211927,
-2.51004016064,1.75026211927,
-2.01004016064,-0.0558031592377,
-0.568863690054,0.0465108797246,
-0.697540160643,-0.55164130857,
-0.510040160643,-0.436349004054,
-1.31004016064,0.319139317414,
-0.510040160643,-0.417394681097,
-0.310040160643,-0.417394681097,
-1.51004016064,-0.068488830666,
-0.760040160643,-0.487040831233,
-1.10094925155,-0.487040831233,
-3.04929577465,-0.487040831233,
-1.38262910798,-0.487040831233,
-0.0492957746479,-0.487040831233,
-1.38262910798,-0.487040831233,
-2.04929577465,-0.487040831233,
-2.04929577465,-0.487040831233,
-1.04929577465,-0.487040831233,
-2.04929577465,-0.487040831233,
-0.818526543879,-0.487040831233,
-2.04929577465,-0.487040831233,
-2.04929577465,-0.487040831233,
-2.04929577465,-0.487040831233,
-2.04929577465,-0.487040831233,
-1.20314192849,-0.487040831233,
-2.04929577465,-0.487040831233,
-2.04929577465,-0.487040831233,
-1.04929577465,-0.487040831233,
-2.04929577465,-0.487040831233,
-2.79929577465,-0.487040831233,
-0.0492957746479,-0.487040831233,
-2.04929577465,-0.487040831233,
-1.9003021148,1.19886589767,
-1.9003021148,1.19812079104,
-0.400302114804,1.19812079104,
-1.9003021148,1.19812079104,
-0.400302114804,1.19812079104,
-1.9003021148,-1.46631933784,
-1.9003021148,0.457352104679,
-2.06696878147,-0.804580047336,
-1.9003021148,1.40697763649,
-2.1003021148,-0.290873069684,
-0.900302114804,-0.290873069684,
-0.900302114804,1.81495973434,
-0.400302114804,0.263457829769,
-0.650302114804,0.263457829769,
-0.400302114804,-1.30623567509,
-1.9003021148,-0.0414203741027,
-0.851251251251,0.368476259422,
-0.584584584585,0.368476259422,
-1.67982267982,-0.840907976817,
-3.25125125125,-0.840907976817,
-1.37625125125,1.46349244378,
-0.82267982268,0.271713647555,
-0.536965536966,1.34691051667,
-0.251251251251,1.34691051667,
-0.679822679823,0.125943851487,
-2.18126272912,1.94597778881,
-2.18126272912,0.354374064152,
-0.347929395791,-1.18075103954,
-0.681262729124,-1.18075103954,
-0.181262729124,-1.18075103954,
-1.18126272912,0.371267189474,
-0.681262729124,0.371267189474,
-0.431262729124,-1.74980463699,
-0.181262729124,-1.74980463699,
-3.18126272912,0.66283975449,
-2.18126272912,0.66283975449,
-5.18126272912,0.809661181501,
-0.181262729124,-0.976412258341,
-1.22536158762,-0.429368782207,
-1.55869492096,-0.966264754104,
-1.89202825429,-0.966264754104,
-1.89202825429,-0.966264754104,
-1.55869492096,-0.966264754104,
-1.55869492096,-0.966264754104,
-0.892028254289,-0.966264754104,
-0.892028254289,-0.966264754104,
-1.14202825429,-0.966264754104,
-0.892028254289,-0.966264754104,
-3.09202825429,-0.376340264549,
-0.892028254289,-0.376340264549,
-0.292028254289,-0.376340264549,
-1.89202825429,-0.376340264549,
-1.89202825429,-0.376340264549,
-1.89202825429,-0.376340264549,
-2.05869492096,-0.540695860534,
-0.392028254289,-0.540695860534,
-0.725361587622,-0.540695860534,
-0.892028254289,-0.540695860534,
-3.39202825429,-0.540695860534,
-1.89202825429,-0.540695860534,
-1.64777327935,-0.46147176271,
-0.647773279352,0.636789020449,
-0.397773279352,-0.181419923231,
-0.814439946019,-0.181419923231,
-2.48110661269,0.197229504894,
-2.14777327935,-0.675027240819,
-0.647773279352,1.44944959811,
-0.772773279352,-0.38828024637,
-0.897773279352,-1.60363350152,
-0.647773279352,-1.21326626634,
-1.14777327935,-0.149947977808,
-0.522773279352,0.514323007248,
-2.98390342052,1.54235668321,
-1.48390342052,1.54235668321,
-1.98390342052,1.54235668321,
-1.98390342052,0.318090156079,
-1.20612564275,-0.979809252644,
-2.48390342052,0.829391795479,
-2.48390342052,0.0434995596766,
-0.233903420523,0.0434995596766,
-1.48390342052,0.342406419803,
-2.41247484909,0.342406419803,
-2.98390342052,0.342406419803,
-0.583903420523,-0.627520853929,
-2.48390342052,0.216923475324,
-2.98390342052,-0.300853340915,
-0.233903420523,-0.260209065452,
-0.383903420523,-0.0256115617178,
-0.671403420523,-0.0256115617178,
-0.259979939819,-0.653325922654,
-0.909979939819,-0.653325922654,
-0.0717446457018,0.0,
-0.159979939819,0.0,
-1.65997993982,0.0,
-0.978161758001,0.0,
-1.08855136839,0.0,
-0.978161758001,0.0,
-0.0171227969623,0.0,
-2.65997993982,0.0,
-0.159979939819,0.0,
-2.99331327315,0.0,
-0.352287632127,0.0,
-0.205434485274,0.0,
-1.0810325714,0.0,
-0.409979939819,0.0,
-0.472479939819,0.0,
-2.12108980827,0.0,
-2.12108980827,-0.275404550989,
-3.12108980827,0.779217070841,
-2.12108980827,1.30435844368,
-0.121089808274,1.30435844368,
-0.121089808274,1.30435844368,
-0.121089808274,-0.0739573541427,
-2.12108980827,-1.04636839246,
-1.12108980827,-1.04636839246,
-0.121089808274,-0.118119478058,
-2.12108980827,-0.19828919137,
-2.12108980827,-0.19828919137,
-0.0646048109966,-0.975577259093,
-1.39793814433,0.0912951622181,
-1.39793814433,1.03982824051,
-4.39793814433,1.03982824051,
-0.39793814433,0.752097092812,
-0.39793814433,0.224625867151,
-0.89793814433,0.416582613,
-1.064604811,0.416582613,
-0.39793814433,1.56203750111,
-1.064604811,-0.367320168793,
-1.14793814433,0.769250816281,
-1.064604811,-1.33148879629,
-1.39793814433,-1.60480520871,
-0.725075528701,0.526714856551,
-4.55840886203,-0.144123363503,
-2.05840886203,-0.144123363503,
-0.558408862034,0.0512130782357,
-3.39174219537,-0.0635084102301,
-2.05840886203,-0.0635084102301,
-0.0584088620342,-0.409114128998,
-1.05840886203,-0.409114128998,
-1.05840886203,-1.23882754979,
-2.05840886203,0.605687195538,
-1.80840886203,0.605687195538,
-3.39174219537,0.370399522892,
-2.05840886203,-0.0484893732493,
-0.391742195368,-0.0484893732493,
-0.0584088620342,-0.783672854519,
-1.05840886203,1.04732605173,
-0.558408862034,-0.364237756527,
-2.20284697509,0.34068358835,
-0.00607902735562,-0.777833572633,
-0.00607902735562,0.561836923298,
-0.00607902735562,0.723550789625,
-0.00607902735562,0.632506531824,
-0.506079027356,0.900220305186,
-2.00607902736,-0.305682107722,
-2.00607902736,-0.909826324311,
-0.00607902735562,-0.909826324311,
-2.00607902736,-1.00429740762,
-3.00607902736,0.862120425768,
-2.00607902736,-0.402145291382,
-3.00607902736,0.275391504111,
-1.75607902736,0.275391504111,
-0.339412360689,0.133270974074,
-1.00607902736,-1.32884903674,
-0.507575757576,-1.32884903674,
-0.507575757576,0.510963754879,
-0.310030395137,0.267647738858,
-2.31003039514,0.267647738858,
-2.31003039514,0.267647738858,
-0.310030395137,0.267647738858,
-2.31003039514,0.267647738858,
-2.31003039514,0.267647738858,
-1.31003039514,0.267647738858,
-1.31003039514,0.267647738858,
-0.324297188755,-0.200603639443,
-0.324297188755,-0.200603639443,
-0.324297188755,-0.200603639443,
-0.324297188755,-0.200603639443,
-0.620987654321,-0.777687249431,
-0.620987654321,0.0163985598107,
-2.09717813051,-0.814561706099,
-2.62098765432,0.447782398618,
-1.95432098765,-1.4840166853,
-1.95432098765,-0.452417687877,
-1.95432098765,1.02430383142,
-1.95432098765,0.630370412268,
-0.954320987654,0.630370412268,
-1.55369807497,0.519796971726,
-0.553698074975,0.519796971726,
-0.303698074975,1.33621285119,
-2.05369807497,-0.905127609628,
-1.55369807497,-0.149141988999,
-2.30369807497,-0.0457401692133,
-1.38703140831,-0.0457401692133,
-1.38703140831,1.07472531124,
-0.0536980749747,1.07472531124,
-0.625126646403,-0.213679832182,
-2.05369807497,0.118025935123,
-2.05369807497,1.16569003641,
-0.0536980749747,1.16569003641,
-0.0536980749747,-0.541221598521,
-3.05369807497,-0.410322400165,
-1.05369807497,0.121528548421,
-1.05369807497,-0.278360026288,
-1.55369807497,0.252921244441,
-0.0536980749747,-0.220159916504,
-0.720364741641,-0.923910554111,
-2.05369807497,0.518050912284,
-1.05369807497,-0.577256700019,
-0.553698074975,-0.577256700019,
-1.81124497992,-0.235703968802,
-2.81124497992,-0.235703968802,
-1.81124497992,-0.235703968802,
-2.81124497992,-0.235703968802,
-2.81124497992,-0.235703968802,
-0.56124497992,-0.235703968802,
-0.43624497992,-0.235703968802,
-0.81124497992,-0.235703968802,
-2.81124497992,-0.235703968802,
-2.81124497992,-0.235703968802,
-2.81124497992,-0.235703968802,
-2.81124497992,-0.235703968802,
-0.814002089864,0.7550521258,
-1.81400208986,-0.501144347008,
-1.81400208986,0.548900738049,
-0.480668756531,-0.431690491449,
-2.31400208986,-0.802249712271,
-1.81400208986,-1.46916638626,
-1.81400208986,0.408276367883,
-1.54518072289,-0.339415604708,
-0.711847389558,0.485559913114,
-0.598944163752,0.485559913114,
-0.211847389558,-0.365001249382,
-0.598944163752,-0.365001249382,
-0.611847389558,-0.365001249382,
-1.21184738956,-0.365001249382,
-0.64041881813,-0.365001249382,
-1.46184738956,-0.365001249382,
-3.21184738956,-0.18353604968,
-0.211847389558,0.657821688352,
-0.345180722892,0.0601384657734,
-0.848211025922,0.0601384657734,
-0.211847389558,0.0601384657734,
-2.1218529708,-0.217949431865,
-2.1218529708,1.80984526448,
-2.1218529708,1.80984526448,
-0.121852970796,0.0932456298733,
-0.621852970796,0.46298860399,
-0.871852970796,-0.70446599548,
-1.3218529708,0.739967414658,
-2.1218529708,-0.308453227835,
-0.788519637462,-0.17681514551,
-0.121852970796,-0.576500282436,
-0.621852970796,-1.02572949466,
-0.921852970796,-1.02572949466,
-4.1218529708,-0.892311727367,
-3.1218529708,-0.892311727367,
-0.921852970796,0.751260118925,
-1.76161616162,-1.66754547707,
-1.76161616162,0.858302953152,
-3.76161616162,0.584301878418,
-3.26161616162,-0.577537103484,
-0.761616161616,0.813259256523,
-4.26161616162,0.181168893596,
-1.26161616162,-0.524115184486,
-1.76161616162,-0.524115184486,
-0.0949494949495,0.484281041935,
-1.76161616162,0.484281041935,
-0.761616161616,-0.484973338136,
-1.76161616162,-0.35407413978,
-1.76161616162,-1.37453770658,
-2.37286821705,-1.21478376391,
-1.97286821705,3.71566459035,
-0.472868217054,2.33233383162,
-1.84706755754,1.03931997418,
-0.180400890869,-0.331134910635,
-2.18040089087,0.521593989094,
-0.430400890869,-0.283419639749,
-1.68040089087,-0.545836528024,
-0.180400890869,0.910970697208,
-1.0137342242,0.910970697208,
-1.18040089087,-0.612936064057,
-2.18040089087,-0.612936064057,
-2.18040089087,0.0720156886528,
-1.0137342242,-0.212755811042,
-0.180400890869,1.16334095176,
-0.180400890869,-0.2549537759,
-0.0417920427951,-0.703592229122,
-3.70845870946,0.741118871976,
-1.37512537613,0.741118871976,
-2.37512537613,2.69599316972,
-0.375125376128,1.00067866469,
-1.26401426502,0.987063464235,
-2.37512537613,0.738171528913,
-1.37512537613,0.622426586323,
-2.37512537613,0.622426586323,
-0.875125376128,-0.500416622961,
-2.87512537613,-0.500416622961,
-2.0417920428,-0.420762244006,
-0.152903153906,-0.420762244006,
-2.12512537613,-1.32135140186,
-2.37512537613,-0.626854824634,
-1.37512537613,-0.963403527718,
-1.37512537613,-0.963403527718,
-2.12512537613,-0.963403527718,
-0.375125376128,0.741898526195,
-0.875125376128,-0.560199979576,
-1.70845870946,-0.51968782311,
-2.37512537613,-0.958603563775,
-1.87512537613,-0.296695855129,
-1.37512537613,-0.296695855129,
-0.0631720430108,0.873398313461,
-0.529838709677,0.873398313461,
-0.35105083089,0.873398313461,
-0.479838709677,0.873398313461,
-0.35105083089,0.873398313461,
-0.729838709677,0.873398313461,
-1.22983870968,0.873398313461,
-0.301267281106,0.873398313461,
-0.729838709677,0.873398313461,
-2.72983870968,0.873398313461,
-0.638929618768,0.873398313461,
-1.22983870968,0.873398313461,
-0.229838709677,0.873398313461,
-0.729838709677,0.873398313461,
-2.06317204301,0.873398313461,
-1.39650537634,0.873398313461,
-3.4122983871,0.873398313461,
-0.162298387097,1.50161577467,
-0.0789650537634,1.50161577467,
-1.4122983871,-0.275405223613,
-1.4122983871,-0.275405223613,
-1.4122983871,-0.46760424819,
-0.566144540943,1.18646648731,
-0.412298387097,-0.259466264254,
-1.67954055994,-0.18055523873,
-1.20335008375,0.672778473745,
-1.03668341709,0.672778473745,
-2.53668341709,0.672778473745,
-2.03668341709,0.672778473745,
-0.536683417085,0.672778473745,
-2.17304705345,0.672778473745,
-0.136683417085,0.672778473745,
-2.03668341709,0.672778473745,
-0.0366834170854,0.672778473745,
-0.536683417085,1.0432832988,
-0.536683417085,0.605313540294,
-0.0366834170854,0.605313540294,
-0.536683417085,-1.07836575278,
-0.362770373607,-1.07836575278,
-1.03668341709,-1.07836575278,
-0.250969131371,-1.07836575278,
-0.25450180072,0.27985539882,
-1.75450180072,1.75270689796,
-2.25450180072,1.38693608262,
-2.25450180072,0.724511928031,
-0.25450180072,-0.0523197227795,
-2.25450180072,0.376699016495,
-1.75450180072,1.58525578023,
-1.25450180072,-0.452244976371,
-6.00822199383,-0.260145611944,
-2.00822199383,-0.0236351402786,
-2.00822199383,-0.0236351402786,
-2.6748886605,-0.135295365298,
-2.00822199383,0.562929344555,
-0.508221993834,-0.819093114674,
-2.00822199383,0.186351198091,
-2.00822199383,0.442595758966,
-1.00822199383,0.706289992644,
-2.00822199383,1.07269738072,
-0.323293172691,-0.547612770539,
-1.32329317269,-0.547612770539,
-1.32329317269,-0.547612770539,
-0.989959839357,-0.547612770539,
-0.656626506024,-0.547612770539,
-0.323293172691,-0.547612770539,
-0.573293172691,-0.547612770539,
-1.32329317269,-0.547612770539,
-0.323293172691,-0.547612770539,
-1.82329317269,-0.547612770539,
-2.32329317269,-0.547612770539,
-0.656626506024,-0.547612770539,
-0.656626506024,-0.547612770539,
-0.323293172691,-0.547612770539,
-2.32329317269,-0.547612770539,
-2.32329317269,-0.547612770539,
-0.323293172691,-0.547612770539,
-2.32329317269,-0.547612770539,
-2.48189134809,-0.854001271096,
-0.0818913480885,-0.505525582588,
-2.48189134809,-0.505525582588,
-0.481891348089,1.13344537733,
-2.14855801476,0.444660878915,
-1.48189134809,0.0827323178639,
-1.48189134809,0.820685516858,
-1.48189134809,-0.25094465259,
-1.31522468142,-1.2368769755,
-0.481891348089,-0.873477747404,
-1.48189134809,-1.47133372207,
-1.56451612903,-0.907004890589,
-1.56451612903,-0.907004890589,
-1.56451612903,-0.770844206418,
-2.06451612903,0.301697736892,
-2.56451612903,0.301697736892,
-2.56451612903,-1.51244614275,
-3.06451612903,-1.51244614275,
-2.56451612903,-0.15806176321,
-0.314516129032,0.503255399864,
-0.564516129032,0.849965404366,
-3.56451612903,0.745413687697,
-0.814516129032,0.395391558374,
-1.42165898618,0.167416638301,
-0.564516129032,0.808159846961,
-1.06451612903,0.808159846961,
-0.564516129032,0.893597554027,
-2.2311827957,-0.357511875493,
-0.764516129032,0.355531994904,
-0.0645161290323,1.83872595502,
-0.764516129032,-0.182454529113,
-2.68951612903,-0.182454529113,
-1.56451612903,-0.47201433166,
-4.56451612903,-0.749793820107,
-1.8595959596,0.212788518672,
-1.8595959596,0.359765494826,
-0.859595959596,0.359765494826,
-3.02626262626,0.0292081218639,
-1.3595959596,-0.728091396317,
-2.8595959596,-0.728091396317,
-0.859595959596,-0.19937285483,
-1.3595959596,-0.964726030189,
-0.859595959596,0.0884067733563,
-0.526262626263,0.0884067733563,
-2.8595959596,1.03463903109,
-1.8595959596,-0.0824496605969,
-2.04,-0.50006703799,
-5.04,-0.971877931515,
-0.04,0.0618374633903,
-0.54,0.651289505914,
-3.04,0.651289505914,
-1.04,0.651289505914,
-1.04,0.326915661866,
-2.04,-0.773123329534,
-0.54,0.544166423757,
-2.54,0.544166423757,
-0.194974874372,0.478471510296,
-0.394974874372,0.478471510296,
-0.394974874372,-0.112478444628,
-0.394974874372,-0.112478444628,
-1.39497487437,-0.112478444628,
-0.394974874372,0.498203122363,
-0.394974874372,0.498203122363,
-0.394974874372,1.04203727803,
-1.39497487437,-0.459755395674,
-0.839419318816,0.632242497456,
-0.394974874372,0.632242497456,
-1.06164154104,0.432413009727,
-0.394974874372,0.432413009727,
-0.394974874372,0.432413009727,
-5.49898989899,0.994294602362,
-0.332323232323,0.994294602362,
-1.99898989899,0.994294602362,
-1.33232323232,0.994294602362,
-0.99898989899,0.994294602362,
-0.99898989899,0.994294602362,
-0.99898989899,-0.22583772873,
-1.33232323232,-0.420817130331,
-0.31148989899,1.32004229536,
-0.089898989899,-0.94757913537,
-1.24898989899,-0.94757913537,
-0.49898989899,-0.0591909547279,
-1.24898989899,-0.0591909547279,
-0.99898989899,0.79900719186,
-0.443434343434,-0.0224264252697,
-0.79898989899,1.30536232239,
-0.443434343434,1.30536232239,
-0.832323232323,1.30536232239,
-0.332323232323,1.30536232239,
-1.53197969543,0.66612320845,
-1.88197969543,0.66612320845,
-2.13197969543,-0.389740623859,
-1.38197969543,-0.856285325456,
-1.46531302876,-0.856285325456,
-1.38197969543,0.112728581544,
-1.13197969543,-0.334245483102,
-1.63197969543,0.0599995889519,
-0.631979695431,0.0413269748152,
-2.13197969543,0.882188737931,
-2.13197969543,-0.1675987091,
-0.798646362098,1.4597205767,
-1.13197969543,-1.02937990583,
-2.13197969543,-0.670485919704,
-0.131979695431,-1.35978546218,
-0.631979695431,0.0872438255803,
-2.13197969543,-1.81295834521,
-0.797145769623,0.894877258284,
-0.33881243629,0.894877258284,
-0.46381243629,-1.50913465427,
-1.46381243629,-1.50913465427,
-0.130479102956,-1.50913465427,
-0.71381243629,-0.797293681608,
-0.71381243629,0.783600027043,
-3.46381243629,0.783600027043,
-0.96381243629,0.783600027043,
-1.46381243629,0.783600027043,
-1.46381243629,1.33188038275,
-2.06381243629,0.556686108833,
-2.46381243629,-0.0789809648074,
-1.46381243629,-0.0789809648074,
-1.46381243629,-0.0789809648074,
-1.46381243629,-0.843443326775,
-0.71381243629,-0.843443326775,
-1.46381243629,-0.843443326775,
-0.46381243629,-0.843443326775,
-0.831755593804,-0.843443326775,
-1.78413654618,-0.843443326775,
-0.742469879518,-0.843443326775,
-0.208378970427,-0.843443326775,
-0.917469879518,-0.843443326775,
-0.450803212851,-0.843443326775,
-0.54604130809,-0.843443326775,
-0.617469879518,-0.843443326775,
-2.11746987952,-0.843443326775,
-0.984136546185,-0.843443326775,
-2.29765013055,0.784296261929,
-0.547650130548,-1.11905054855,
-3.29765013055,-1.11905054855,
-1.54765013055,1.52765111512,
-3.29765013055,1.52765111512,
-3.29765013055,0.256736645375,
-3.29765013055,-0.456789227608,
-0.0976501305483,-0.456789227608,
-0.497650130548,0.0819433244293,
-1.29765013055,-0.175998993382,
-3.29765013055,0.91053297456,
-0.797650130548,-0.368016556065,
-2.29411764706,-0.368016556065,
-1.29411764706,-0.368016556065,
-2.29411764706,-0.368016556065,
-1.29411764706,-0.368016556065,
-4.29411764706,-0.368016556065,
-1.96078431373,-0.368016556065,
-0.794117647059,-0.368016556065,
-2.92105263158,-0.249781424538,
-4.25438596491,0.846532626185,
-3.58771929825,0.0343703889988,
-2.25438596491,0.0343703889988,
-7.92105263158,0.0796322556816,
-2.92105263158,-0.0606290786436,
-1.58771929825,-0.939327092796,
-1.20676691729,-0.939327092796,
-1.25310173697,-1.00881189559,
-3.25310173697,-1.52049163439,
-1.25310173697,0.498335615496,
-0.253101736973,-0.474841621816,
-1.25310173697,-0.474841621816,
-1.25310173697,-0.00429234463483,
-1.25310173697,-1.09544790395,
-0.325125628141,0.961599968063,
-2.07512562814,0.961599968063,
-1.22512562814,0.288196917851,
-0.825125628141,0.288196917851,
-3.82512562814,-0.299329018619,
-0.825125628141,-0.418531570716,
-1.20974101276,-0.418531570716,
-1.65845896147,-0.418531570716,
-0.825125628141,-0.418531570716,
-0.158458961474,-0.418531570716,
-0.825125628141,-0.418531570716,
-0.825125628141,-0.418531570716,
-1.82512562814,-0.418531570716,
-0.491792294807,-0.418531570716,
-1.82512562814,0.557484973944,
-1.82512562814,-0.0381305235473,
-0.825125628141,-0.0381305235473,
-0.325125628141,0.366313684262,
-1.07512562814,-0.71144984126,
-0.269570072585,-0.71144984126,
-0.325125628141,-0.71144984126,
-0.491792294807,-0.71144984126,
-1.82512562814,-0.580886769756,
-3.82512562814,-0.580886769756,
-0.344155844156,-0.455213898628,
-0.644155844156,-0.455213898628,
-0.38961038961,0.148262210798,
-0.228771228771,-0.384707602443,
-1.34415584416,-0.384707602443,
-1.17748917749,0.77534983209,
-0.415584415584,0.989378769148,
-0.993951612903,0.3817298371,
-0.743951612903,-0.461821736307,
-1.9939516129,0.371302781853,
-3.9939516129,-0.284950502407,
-1.9939516129,0.269069208051,
-1.9939516129,-0.831385337822,
-0.327284946237,-0.251095880682,
-1.1939516129,-0.925572227578,
-1.9939516129,0.95026231812,
-1.9939516129,0.274716498503,
-0.493951612903,-1.35661017576,
-2.9939516129,-1.35661017576,
-1.9939516129,-0.0371188454766,
-0.323115577889,-0.160591415935,
-1.82311557789,0.110010921778,
-1.82311557789,0.203265127817,
-1.82311557789,-0.376917718903,
-2.32311557789,1.45398019908,
-1.82311557789,1.45398019908,
-1.82311557789,0.810793242154,
-3.82311557789,0.810793242154,
-3.15644891122,0.810793242154,
-1.82311557789,0.0720579927782,
-1.82311557789,-0.699124716665,
-1.48978224456,-0.699124716665,
-0.323115577889,0.163626034315,
-0.573115577889,-0.322751318934,
-0.489782244556,0.245400082531,
-1.82311557789,-1.14248303069,
-1.98293172691,-1.0339068357,
-3.31626506024,-0.999722357877,
-1.98293172691,-0.999722357877,
-0.538487282463,-0.194956785352,
-0.316265060241,-0.194956785352,
-2.18293172691,-0.194956785352,
-5.98293172691,-0.435383707947,
-2.18293172691,-0.435383707947,
-2.23293172691,-0.0157224672341,
-1.48293172691,0.376353454748,
-2.20515394913,0.376353454748,
-3.98293172691,-0.148942717349,
-2.48293172691,-0.127563406825,
-2.98293172691,-0.409563740006,
-1.31626506024,1.1796176109,
-0.982931726908,1.1796176109,
-0.149598393574,1.1796176109,
-2.98293172691,1.1796176109,
-3.98293172691,1.1796176109,
-2.98293172691,0.934193084269,
-2.28293172691,-0.712387718275,
-0.197934595525,-0.236574375482,
-0.793172690763,0.551902427881,
-1.6265060241,0.551902427881,
-0.126506024096,0.192447289129,
-1.6265060241,0.192447289129,
-0.626506024096,0.307198646935,
-1.6265060241,0.307198646935,
-0.126506024096,-0.580438449471,
-2.29317269076,-0.580438449471,
-1.8765060241,0.39193121169,
-1.0265060241,0.39193121169,
-1.29317269076,-0.229307147308,
-0.293172690763,0.74827926675,
-1.95983935743,-0.932106619973,
-0.626506024096,-0.932106619973,
-5.6265060241,-0.284747389009,
-0.126506024096,-0.215147789043,
-2.8765060241,-0.501939821419,
-1.3765060241,-0.501939821419,
-0.426506024096,0.639254000402,
-0.126506024096,0.246062401666,
-0.0265060240964,0.246062401666,
-2.6265060241,0.111774974854,
-0.990142387733,-0.463544562786,
-1.6265060241,-0.611923794516,
-0.578378378378,0.389948124994,
-0.378378378378,-1.51777699987,
-0.578378378378,-0.270630774429,
-1.99504504505,-0.810292357702,
-6.57837837838,-0.810292357702,
-1.99504504505,-0.810292357702,
-2.57837837838,-0.810292357702,
-4.07837837838,-0.810292357702,
-1.57837837838,-0.334238493241,
-0.0783783783784,-1.16792955961,
-2.57837837838,0.686789122453,
-0.149806949807,-0.447040338788,
-2.57837837838,-0.447040338788,
-1.17837837838,-0.540171246897,
-0.778378378378,0.140722870979,
-0.378378378378,0.140722870979,
-1.07837837838,1.47977296519,
-1.57837837838,0.831461352676,
-1.17837837838,0.547138650376,
-1.57837837838,2.01802596809,
-0.864646464646,2.01802596809,
-0.69797979798,-0.740327741969,
-2.69797979798,-0.123155049235,
-0.364646464646,-0.123155049235,
-2.36464646465,-0.123155049235,
-0.69797979798,-0.389355981948,
-0.44797979798,-0.389355981948,
-2.69797979798,-0.389355981948,
-0.69797979798,-0.264695445361,
-3.03131313131,-0.0504507898168,
-0.555122655123,0.934018115216,
-2.44797979798,0.934018115216,
-0.19797979798,0.934018115216,
-5.69797979798,-0.761841590988,
-3.69797979798,-0.761841590988,
-0.69797979798,-0.761841590988,
-1.19797979798,-0.761841590988,
-1.36631944444,0.168680609443,
-1.36631944444,0.168680609443,
-4.36631944444,0.168680609443,
-1.86631944444,0.168680609443,
-1.36631944444,0.168680609443,
-0.366319444444,0.168680609443,
-1.36631944444,0.168680609443,
-1.36631944444,0.168680609443,
-2.86631944444,0.168680609443,
-1.36631944444,0.168680609443,
-1.83333333333,1.12428703267,
-1.33333333333,-0.851668905184,
-4.33333333333,0.362820787266,
-3.33333333333,-0.68134070072,
-6.33333333333,-0.68134070072,
-1.33333333333,0.17101277933,
-0.333333333333,-0.141429806051,
-0.954022988506,0.0815907312247,
-0.954022988506,0.0815907312247,
-0.954022988506,-0.003843105992,
-1.50050556117,0.398729653557,
-0.292958391362,0.398729653557,
-0.300505561173,0.398729653557,
-0.300505561173,0.398729653557,
-1.83383889451,0.398729653557,
-1.50050556117,0.398729653557,
-1.50050556117,0.398729653557,
-0.500505561173,-0.489961971702,
-1.50050556117,-0.489961971702,
-1.50050556117,-0.489961971702,
-1.50050556117,-0.489961971702,
-0.500505561173,-0.489961971702,
-0.750505561173,-0.489961971702,
-1.0719341326,-0.489961971702,
-0.900505561173,-0.489961971702,
-1.30070635721,0.581194289847,
-1.30070635721,0.00423738133969,
-0.634039690548,-1.37998061815,
-2.30070635721,-1.37998061815,
-0.634039690548,-0.483469586808,
-5.30070635721,0.0429137196417,
-1.30070635721,-1.14366951783,
-1.30070635721,-1.29484960462,
-0.800706357215,-1.29484960462,
-1.30070635721,-0.328847678975,
-1.30070635721,1.34987673883,
-1.40064102564,1.34987673883,
-1.40064102564,1.34987673883,
-2.40064102564,1.34987673883,
-1.40064102564,1.34987673883,
-0.400641025641,1.34987673883,
-1.40064102564,1.34987673883,
-4.40064102564,1.34987673883,
-0.900641025641,1.34987673883,
-1.40064102564,1.34987673883,
-1.40064102564,1.34987673883,
-0.0792922673657,1.34987673883,
-0.579292267366,-0.0727884180297,
-1.57929226737,0.0980346528081,
-1.57929226737,0.751408954066,
-1.57929226737,0.0730689340405,
-1.57929226737,0.625982909138,
-1.57929226737,-0.546709081963,
-1.52516411379,0.59415565525,
-0.797891386513,-0.392303967276,
-0.525164113786,-0.392303967276,
-2.52516411379,-0.392303967276,
-0.0251641137856,-0.392303967276,
-0.525164113786,0.847032139209,
-0.525164113786,-0.262458435811,
-1.52516411379,0.572737113877,
-0.525164113786,0.383820667032,
-0.275164113786,0.383820667032,
-2.52516411379,-0.902918829851,
-2.52516411379,-0.0947984559213,
-2.52516411379,-1.82503912073,
-0.034965034965,-1.04546344812,
-1.03496503497,-0.535783157837,
-1.3682983683,-0.812900472851,
-1.53496503497,-0.662486395286,
-1.03496503497,-0.963229962785,
-1.03496503497,-0.191755198683,
-0.288372093023,-1.24337282176,
-2.28837209302,0.382397514602,
-1.62170542636,-0.874517254225,
-0.288372093023,0.0969557117861,
-1.53837209302,-1.84902338353,
-0.288372093023,0.630233129644,
-0.788372093023,-0.0932552501658,
-1.24447949527,1.2996939042,
-0.494479495268,-0.968233523763,
-1.41114616193,-0.864173415917,
-2.74447949527,0.188422842176,
-0.411146161935,0.819317180887,
-2.55102040816,-0.357528482294,
-2.55102040816,-0.357528482294,
-2.55102040816,-0.357528482294,
-1.28571428571,0.708745012133,
-1.28571428571,1.05452014697,
-1.28571428571,1.05452014697,
-0.0857142857143,1.05452014697,
-0.785714285714,0.606610384092,
-2.28571428571,0.476560796391,
-1.78571428571,0.476560796391,
-0.785714285714,0.862537553559,
-3.28571428571,-0.485099044917,
-0.619047619048,0.576593749557,
-1.08157894737,-0.0904205192725,
-1.08157894737,0.271433283059,
-1.08157894737,-0.250370260179,
-1.08157894737,2.23529248922,
-1.08157894737,2.23529248922,
-1.08157894737,2.23529248922,
-1.08157894737,0.08009963881,
-1.08157894737,-0.0977849479601,
-1.08157894737,-0.0977849479601,
-1.08157894737,-0.341981122143,
-1.08157894737,-0.856222369154,
-1.08157894737,-0.856222369154,
-1.08157894737,-0.561436897103,
-1.08157894737,-0.252797196152,
-1.58157894737,0.1463660874,
-1.08157894737,0.674405622055,
-1.08157894737,0.0801530523509,
-2.21052631579,-0.708445948142,
-2.21052631579,-1.10353226756,
-0.960526315789,0.313033017096,
-0.210526315789,0.44471330812,
-0.210526315789,0.44471330812,
-0.210526315789,-1.14139081459,
-3.19772727273,2.32015649706,
-1.19772727273,2.32015649706,
-0.697727272727,2.32015649706,
-2.53106060606,2.32015649706,
-0.997727272727,2.32015649706,
-1.44772727273,2.32015649706,
-0.466958041958,2.32015649706,
-1.86439393939,2.32015649706,
-1.69772727273,2.32015649706,
-3.19772727273,2.32015649706,
-1.19772727273,2.32015649706,
-2.03463203463,2.32015649706,
-4.36796536797,0.21831231334,
-4.7012987013,1.04398365028,
-0.701298701299,0.848262673093,
-0.460264900662,0.267661213878,
-0.626931567329,-0.805460956971,
-2.62693156733,-1.06423229241,
-1.96026490066,0.761752560396,
-2.96026490066,-1.21353889254,
-1.96026490066,-0.711531781755,
-3.52,0.476230196319,
-3.52,-0.970445908351,
-3.52,0.121882288104,
-2.52,-1.29360643449,
-3.52,-0.37328102137,
-1.52,0.19804142344,
-1.52,0.264878280976,
-3.52,-0.547287403523,
-3.52,-0.547287403523,
-0.434475806452,-0.127412337097,
-2.93447580645,0.961106814203,
-1.76780913978,-1.54009023078,
-0.434475806452,-1.64672354412,
-0.434475806452,-1.11767817599,
-0.434475806452,-1.11767817599,
-0.434475806452,0.589071794318,
-2.10114247312,0.589071794318,
