1.67573011078,1.91858485387,
0.175730110775,1.91858485387,
0.275730110775,1.91858485387,
0.275730110775,1.91858485387,
0.675730110775,1.91858485387,
0.247158682204,1.91858485387,
2.67573011078,0.206843540483,
0.175730110775,-0.194399939002,
1.67573011078,0.640866120947,
1.34239677744,-0.148631259242,
0.175730110775,-0.148631259242,
5.70904522613,-0.148631259242,
2.20904522613,-0.148631259242,
0.834045226131,1.08308267584,
0.209045226131,-0.979975326646,
0.709045226131,-0.101196959359,
1.13212214921,-0.101196959359,
3.20904522613,-0.0426134051667,
0.542378559464,1.70718909422,
0.209045226131,-1.19630108269,
6.70904522613,-0.249602584829,
5.20904522613,-0.110405436637,
2.54237855946,0.569492766623,
0.875711892797,0.569492766623,
4.05,-0.883881620347,
0.55,-0.860987407347,
0.05,-0.376572410862,
0.55,-0.376572410862,
1.05,-0.785176800829,
0.05,0.25831387488,
0.05,0.757352618098,
3.05,0.953398443189,
1.38333333333,-0.12476252428,
1.05,0.961769443662,
2.55,0.670993648784,
0.84789311408,-0.660499588923,
0.84789311408,-0.567961390739,
1.84789311408,0.196440274696,
9.84789311408,-0.275342633214,
2.34789311408,1.33334538731,
1.84789311408,1.33334538731,
2.84789311408,-0.687946093228,
2.18122644741,0.267440242407,
1.84789311408,0.267440242407,
0.34789311408,0.267440242407,
0.84789311408,0.267440242407,
0.672690763052,0.153471833279,
0.0957676861291,1.35402790215,
0.422690763052,-0.348811567609,
0.172690763052,0.320851056407,
0.172690763052,0.0741434318978,
0.172690763052,0.413043931444,
0.172690763052,-0.584971455733,
0.283801874163,0.692095339301,
2.50602409639,0.614754106694,
0.839357429719,-0.999644984209,
1.57269076305,-1.04392969656,
1.74497991968,0.208107729769,
1.24497991968,-0.708474782151,
3.74497991968,-0.708474782151,
1.24497991968,-0.761114207503,
3.74497991968,-0.761114207503,
0.744979919679,-0.761114207503,
2.74497991968,-0.761114207503,
6.63700707786,0.578725673473,
1.13700707786,-0.392722052892,
2.63700707786,-0.392722052892,
3.63700707786,-0.392722052892,
1.13700707786,-0.392722052892,
0.137007077856,0.142694704665,
0.637007077856,0.176250608782,
0.637007077856,-0.352266411391,
1.63700707786,0.00401429468795,
0.97034041119,0.00401429468795,
1.30367374452,0.311324746654,
0.582914572864,-0.470040790875,
2.58291457286,-0.106431405197,
4.33291457286,0.350972714472,
1.78291457286,0.866825491057,
1.85564184559,-0.645090497092,
0.505991495941,-0.645090497092,
3.58291457286,-0.645090497092,
3.08291457286,0.515553431698,
0.694025683975,0.515553431698,
0.582914572864,1.57594626454,
0.382914572864,-1.06878642422,
1.12137611133,-1.06878642422,
0.782914572864,0.0304568028187,
0.440057430007,0.0304568028187,
1.50859453994,-0.189108630194,
4.50859453994,0.775251258757,
0.508594539939,-1.51813500432,
1.50859453994,-1.51813500432,
1.50859453994,-0.694254571655,
0.00859453993933,-0.380442274443,
0.508594539939,0.16339188122,
0.00859453993933,1.65208550838,
0.00859453993933,1.65208550838,
1.50859453994,-0.132642676679,
4.50859453994,-0.200652810697,
1.50859453994,0.0966764845583,
1.00859453994,0.729652466384,
0.752284263959,-0.365274232362,
0.418950930626,-0.359674874746,
2.75228426396,-0.535852779186,
0.473895582329,-0.209417438811,
1.47389558233,0.638866179514,
0.473895582329,0.490892771553,
0.0453241537579,0.0854715526081,
0.973895582329,-0.651745544176,
0.24312635156,-0.681972678645,
3.140562249,-0.526382688177,
0.307228915663,-0.794774524192,
0.973895582329,0.729210520984,
5.47389558233,-0.946735013669,
0.473895582329,0.256529355177,
2.16478555305,0.944568360306,
2.16478555305,0.944568360306,
0.331452219714,-1.1650306172,
8.66478555305,-0.373158382098,
0.164785553047,-0.829900161634,
4.66478555305,-0.0274974758719,
1.66478555305,1.8367664771,
1.66478555305,0.423607890537,
0.164785553047,0.0266134559869,
0.664785553047,-1.11908926368,
7.66478555305,-0.546684349762,
0.664785553047,0.575163738967,
1.03216080402,-0.172180574249,
0.0321608040201,-0.172180574249,
1.23216080402,1.0970753117,
0.486706258566,1.0970753117,
1.36549413735,1.0970753117,
1.83216080402,0.586886435484,
2.36549413735,0.586886435484,
0.143271915131,0.586886435484,
0.53216080402,-1.48836115663,
0.0321608040201,0.0940125049273,
1.17501794688,0.60068837309,
2.36549413735,0.130777034385,
0.41216080402,0.130777034385,
0.78216080402,0.130777034385,
0.0321608040201,0.130777034385,
5.03216080402,2.40527695675,
0.254383026242,2.40527695675,
0.764332003988,-0.450734574558,
1.68933200399,0.11208808218,
1.26433200399,1.15615717538,
0.746474861131,0.313844172506,
0.603617718274,-0.410880603236,
1.51433200399,0.0711566008406,
0.712861415753,1.97560971407,
0.289332003988,-0.871769815914,
0.889332003988,0.194337491517,
0.0321891468452,0.194337491517,
0.616604731261,0.194337491517,
0.0711501858062,-0.500058227592,
0.428140703518,-0.587207294539,
0.228140703518,0.855055371981,
2.22814070352,1.31302106647,
1.22814070352,-0.621959600568,
0.228140703518,-0.621959600568,
1.22814070352,-0.103636490546,
1.22814070352,3.24219170666,
1.22814070352,3.24219170666,
3.22814070352,0.630143950634,
6.22814070352,-0.474126084695,
0.228140703518,-0.474126084695,
0.228140703518,0.502180231463,
2.22814070352,0.574853175684,
5.05904761905,-0.448547514967,
1.05904761905,-0.448547514967,
2.39238095238,0.269708161964,
3.55904761905,-0.648156068911,
0.0590476190476,-0.648156068911,
0.0590476190476,1.22506026023,
1.55904761905,1.01915064963,
0.559047619048,1.01915064963,
0.725714285714,-0.637729299524,
0.0590476190476,0.207545888698,
1.05904761905,0.0742844898829,
2.05904761905,1.15371144169,
0.347236180905,0.0295949808328,
0.847236180905,0.0295949808328,
1.8472361809,-0.33705301896,
0.847236180905,-0.33705301896,
2.8472361809,0.683572507777,
2.0972361809,-0.134014739066,
0.847236180905,-0.561662627873,
2.3472361809,0.659545340586,
0.347236180905,-0.554367064558,
3.8472361809,-0.554367064558,
1.18056951424,-0.706741961208,
4.07128514056,-0.707819873506,
1.57128514056,-0.707819873506,
0.889466958744,0.706975991571,
2.07128514056,-0.0387880645215,
1.07470686767,0.403503156053,
0.876790201005,0.403503156053,
0.345540201005,0.403503156053,
0.608040201005,0.403503156053,
2.57470686767,1.39143113702,
0.0747068676717,-1.0597951102,
0.741373534338,-1.0597951102,
2.80804020101,0.289346321718,
0.408040201005,-0.190398775529,
3.90804020101,-0.0929645787556,
1.99137353434,0.907186936286,
0.979468772434,0.907186936286,
0.408040201005,-0.0761485190266,
3.00804020101,-0.864714295356,
2.77755308392,-0.197281773507,
0.527553083923,0.020604307991,
0.277553083923,1.0238078278,
0.277553083923,1.0238078278,
1.77755308392,1.0238078278,
0.777553083923,-0.900849678477,
3.27755308392,-0.900849678477,
1.77755308392,-0.900849678477,
1.39739478958,-0.452265484349,
0.197394789579,-0.140270282864,
1.69739478958,-0.864995058605,
1.69739478958,0.949390035535,
1.19739478958,-0.992310024317,
1.39739478958,-1.20660625888,
1.28830388049,1.96837126479,
0.797394789579,0.220655188278,
4.55308392315,0.457463683638,
0.219750589821,-0.518313424355,
1.55308392315,1.32868177612,
0.553083923155,0.230988655152,
0.0530839231547,0.230988655152,
1.21975058982,0.0124793833535,
0.219750589821,-0.331785078631,
2.38641725649,0.260345588662,
3.55308392315,0.561732445013,
1.55308392315,0.561732445013,
0.0530839231547,0.296549014206,
0.553083923155,-0.541902553179,
0.678083923155,-0.530373790041,
1.03051643192,-0.530373790041,
0.0305164319249,0.336599447457,
9.69718309859,0.336599447457,
0.0305164319249,-0.0532058811618,
1.69718309859,0.428430236627,
6.69718309859,0.428430236627,
5.69718309859,0.428430236627,
3.36384976526,-0.711823802922,
1.36384976526,-0.711823802922,
2.69718309859,-0.711823802922,
1.19718309859,-0.711823802922,
2.19718309859,-0.711823802922,
0.377643504532,0.868624481066,
0.488754615643,-1.20870789602,
0.127643504532,-0.330449581688,
0.377643504532,-0.330449581688,
1.37764350453,2.73764646242,
0.0443101711984,1.41332582381,
3.0443101712,0.107609915079,
0.377643504532,-0.0193449198171,
0.458724585613,-1.18201475902,
0.0443101711984,-0.652177958872,
0.377643504532,-0.575783191252,
3.30178326475,0.181777610211,
4.96844993141,-0.752542301806,
1.63511659808,0.298304488132,
0.968449931413,0.529858804108,
4.96844993141,0.0521679279111,
0.968449931413,0.247419200028,
0.968449931413,0.247419200028,
0.968449931413,1.27515373816,
1.96844993141,1.06924412756,
4.96844993141,1.06924412756,
3.46844993141,0.631127464178,
0.968449931413,-1.06800773002,
1.46844993141,-0.103842344308,
0.675050301811,1.26328005793,
3.67505030181,-0.656917566979,
6.67505030181,-0.49051690091,
2.34171696848,-0.49051690091,
0.532193158954,2.49511516184,
0.675050301811,-0.749929577972,
1.67505030181,-0.989842075179,
0.675050301811,-0.785280601508,
0.108967935872,-0.329254455116,
1.48396793587,-0.183662395821,
2.81730126921,-0.714145344366,
0.483967935872,-1.71359972847,
2.68396793587,1.04552765933,
0.483967935872,0.12037689712,
1.48396793587,0.363284631741,
0.483967935872,-0.971891315555,
0.589644291452,-0.429074730279,
0.16107286288,0.113232261913,
0.696787148594,-0.852384790854,
1.44678714859,-0.64652747115,
1.11345381526,-0.315141817916,
1.01046890672,1.71538987635,
1.05024163399,1.71538987635,
1.2460458298,1.71538987635,
0.57296890672,1.71538987635,
1.98963557339,1.71538987635,
0.156302240053,1.71538987635,
1.69796890672,1.71538987635,
1.51046890672,1.71538987635,
0.19796890672,1.71538987635,
1.32296890672,1.71538987635,
0.656302240053,1.71538987635,
0.32296890672,1.71538987635,
0.82296890672,1.71538987635,
2.26241134752,0.660657425998,
2.26241134752,-1.53199410323,
3.26241134752,-0.905842486991,
4.26241134752,-1.08401602962,
0.762411347518,0.866033893141,
1.26241134752,0.266849838702,
1.26241134752,-0.791042127598,
4.26241134752,1.53348559506,
1.26241134752,0.337832035336,
6.65702036442,-1.23168294352,
1.15702036442,-0.336671750971,
1.05702036442,-0.336671750971,
2.65702036442,-0.336671750971,
7.65702036442,1.04629724598,
4.15702036442,-0.370516072149,
0.157020364416,-1.32927456552,
3.32368703108,0.698991966323,
1.15702036442,0.221698475521,
4.65702036442,0.115964840322,
0.207020364416,0.115964840322,
2.32368703108,0.836486759668,
3.25702036442,-0.646757531474,
1.65702036442,0.186160253878,
1.15702036442,0.273655809057,
0.323687031083,0.273655809057,
0.394467213115,0.0533150375681,
2.89446721311,0.956030574434,
1.14446721311,-1.37849457318,
0.894467213115,-0.47095698599,
2.64446721311,-1.16464000776,
4.89446721311,-0.254938318226,
6.89446721311,0.718768110738,
6.89446721311,-0.850797155016,
6.89446721311,-0.701810870992,
0.400406504065,0.414726485545,
1.90040650407,0.649879049922,
0.900406504065,0.462392949319,
0.400406504065,0.462392949319,
1.40040650407,-0.355160816514,
0.900406504065,-0.355160816514,
0.400406504065,-1.00474923797,
2.40040650407,-1.00474923797,
1.40040650407,-0.358740511082,
0.400406504065,-0.358740511082,
1.40040650407,-0.622972227935,
0.400406504065,0.4278910747,
0.400406504065,0.4278910747,
0.900406504065,0.4278910747,
2.40040650407,0.897201838634,
5.40040650407,-1.07223865331,
1.40040650407,0.0894937203994,
0.400406504065,0.0278494759454,
0.835537190083,-0.428112920893,
3.23553719008,-1.2490045489,
2.23553719008,0.898710905315,
1.90220385675,1.2421061718,
6.23553719008,1.2421061718,
2.61053719008,0.551744666194,
1.23553719008,0.360573376512,
6.23553719008,0.189421426364,
0.235537190083,0.189421426364,
4.23553719008,-0.537671706434,
2.73553719008,-0.537671706434,
0.435537190083,-0.537671706434,
0.0369501466276,0.82161361373,
2.93695014663,-1.18751302657,
0.436950146628,0.622600941503,
2.43695014663,1.39358432369,
3.93695014663,-1.65644074116,
2.33903420523,-0.959297051929,
1.33903420523,-0.959297051929,
1.67236753856,-0.601892281661,
0.339034205231,0.515725511026,
0.839034205231,1.88613227222,
0.339034205231,-0.190535707162,
3.08903420523,-0.190535707162,
0.339034205231,0.817491460414,
0.339034205231,1.51529219884,
1.33903420523,-0.3619512504,
0.339034205231,-0.3619512504,
1.33903420523,-0.778351252109,
0.339034205231,-0.778351252109,
2.33903420523,0.123468881236,
1.11681198301,-1.49562751894,
4.33903420523,0.130939068862,
0.183333333333,1.40398143018,
0.933333333333,-1.79451464181,
1.93333333333,-0.169681543016,
0.933333333333,0.120967087875,
0.933333333333,0.120967087875,
0.933333333333,1.23254928044,
0.933333333333,-0.633751911424,
0.933333333333,-0.633751911424,
2.43333333333,-0.633751911424,
1.73333333333,-0.633751911424,
1.30149253731,-0.839800376316,
0.801492537313,0.711167670884,
0.801492537313,-0.352738239957,
1.46815920398,-0.239657553576,
1.46815920398,-0.239657553576,
1.46815920398,-0.239657553576,
0.801492537313,0.20302189044,
2.05149253731,0.20302189044,
0.176492537313,0.193984597691,
0.801492537313,0.115174275427,
1.30149253731,0.55119151175,
4.30149253731,-0.0562063903674,
0.801492537313,-0.305142238232,
3.97470817121,0.276827135203,
0.974708171206,-0.824518922314,
1.17470817121,-0.824518922314,
2.97470817121,-0.238181507273,
0.974708171206,0.0985935614594,
0.974708171206,0.0985935614594,
2.97470817121,0.0985935614594,
0.974708171206,0.558731731076,
1.83185102835,0.558731731076,
0.174708171206,0.812313790933,
0.0167667667668,-0.878542548315,
1.19533819534,0.484274445808,
1.1001001001,1.8765789875,
1.1001001001,1.8765789875,
0.218379669993,-0.260114149775,
0.516766766767,-0.574009467838,
1.76676676677,-0.37867098146,
2.64176676677,-0.547402483928,
0.6001001001,-0.437500562829,
2.76676676677,0.0356975960896,
0.566766766767,0.0356975960896,
0.454266766767,0.816960476107,
0.766766766767,-0.837629222285,
0.435779816514,0.0730743016555,
6.43577981651,0.0730743016555,
2.93577981651,0.0730743016555,
1.93577981651,0.0730743016555,
6.43577981651,0.0730743016555,
3.93577981651,0.0730743016555,
3.43577981651,0.0730743016555,
3.12662988967,0.0730743016555,
0.0988521118912,0.0730743016555,
0.126629889669,0.0730743016555,
1.55,0.0730743016555,
0.55,0.0730743016555,
0.55,0.0730743016555,
0.883333333333,0.0730743016555,
1.13445378151,0.373663570134,
3.70588235294,-0.183143002957,
3.70588235294,-0.497128713627,
0.705882352941,-1.60272806087,
0.705882352941,0.74377396721,
0.024064171123,1.15111851204,
0.27731092437,0.137937483919,
0.705882352941,0.137937483919,
2.13673469388,0.0620603376532,
0.336734693878,0.966501244324,
1.83673469388,0.966501244324,
2.33673469388,0.966501244324,
0.336734693878,0.0990138624646,
0.681632653061,1.15813721402,
2.01496598639,0.258708959441,
3.25150300601,-0.543453450056,
4.25150300601,-0.436492694641,
3.50150300601,2.3698627749,
5.00150300601,-0.483582659558,
6.25150300601,0.0404025978213,
2.50150300601,-0.554072515333,
3.25150300601,-0.864596047607,
3.25150300601,0.163984861545,
3.25150300601,0.370232161426,
0.695947450456,0.518817446501,
0.451503006012,0.518817446501,
11.251503006,0.518817446501,
7.19348268839,-0.194236043823,
6.19348268839,-0.246817294339,
3.19348268839,-1.21217507446,
1.19348268839,-1.21217507446,
2.19348268839,1.59919143753,
6.19348268839,1.59919143753,
2.69348268839,-1.72801740075,
3.28953722334,-1.14138248906,
0.645092778896,-1.14138248906,
1.75620389001,-1.14138248906,
0.803822937626,-1.14138248906,
1.94668008048,-1.14138248906,
3.08953722334,-1.14138248906,
0.756203890007,-1.14138248906,
1.42287055667,-1.14138248906,
0.012614146417,-1.14138248906,
3.83953722334,-1.14138248906,
0.38953722334,-1.14138248906,
1.08953722334,-1.14138248906,
1.66096579477,-1.14138248906,
8.08953722334,-1.14138248906,
2.33953722334,0.0,
1.08953722334,0.0,
1.25095541401,0.0,
1.50095541401,0.0,
0.250955414013,0.0,
6.25095541401,0.0,
5.25095541401,0.0,
0.917622080679,0.0,
1.25095541401,0.0,
0.917622080679,0.0,
10.250955414,0.0,
5.25095541401,0.0,
10.250955414,0.0,
0.584288747346,0.0,
1.25095541401,0.0,
0.250955414013,0.0,
1.75095541401,0.0,
2.66363636364,0.201857906351,
0.663636363636,0.201857906351,
3.66363636364,0.0432081662058,
3.57228915663,0.00548949294809,
0.572289156627,-1.14095601871,
4.15334773218,0.785383687487,
4.15334773218,-1.10315088089,
6.15334773218,-0.477589791525,
2.15334773218,-0.663306150039,
0.153347732181,-0.663306150039,
2.65334773218,0.399851812396,
4.90763052209,0.614235560584,
1.40763052209,0.614235560584,
7.90763052209,0.385807000587,
1.90763052209,0.264058381723,
8.90763052209,0.264058381723,
1.30763052209,0.217636221749,
1.90763052209,-0.444429253838,
0.907630522088,0.682461102798,
0.907630522088,-0.628984084448,
0.907630522088,0.581550035008,
5.90763052209,-1.31828362692,
3.24096385542,-1.60542893952,
1.24096385542,-1.60542893952,
4.14534288639,-0.57777601603,
0.145342886387,0.365220453473,
1.47867621972,-1.6530990147,
3.14534288639,0.131165158997,
0.145342886387,-1.26959105689,
1.14534288639,0.230435382104,
1.7004008016,-0.158591359922,
0.700400801603,0.793618857709,
1.15494625615,0.793618857709,
0.887900801603,0.651219472051,
2.9504008016,0.651219472051,
0.700400801603,0.651219472051,
0.200400801603,0.651219472051,
0.950400801603,-0.378013425296,
0.700400801603,-0.21785384772,
0.200400801603,-0.186537592514,
3.7004008016,0.537671161588,
0.950400801603,-1.21709159505,
0.486115087317,-0.62975923171,
0.200400801603,0.479502899975,
1.27182937303,0.479502899975,
0.614959839357,1.71368187789,
0.259190608588,0.0409104804139,
1.48995983936,-1.03178974779,
0.239959839357,-0.55164130857,
1.61495983936,-0.417394681097,
0.350704225352,-0.487040831233,
1.45070422535,-0.487040831233,
0.450704225352,-0.487040831233,
0.450704225352,-0.487040831233,
0.853930031804,-0.487040831233,
0.617370892019,-0.487040831233,
0.350704225352,-0.487040831233,
0.72848200313,-0.487040831233,
0.284037558685,-0.487040831233,
2.95070422535,-0.487040831233,
2.45070422535,-0.487040831233,
1.5996978852,-0.499405879596,
1.0996978852,-0.0979093853047,
1.5996978852,1.19812079104,
4.5996978852,1.19812079104,
1.43303121853,0.681213356182,
0.0996978851964,-0.445742529194,
1.43303121853,-0.290873069684,
3.0996978852,-1.09913970179,
1.0996978852,-0.0414203741027,
1.43303121853,-0.767079076932,
0.0996978851964,0.0264721513425,
1.76636455186,0.0264721513425,
2.0996978852,0.0264721513425,
0.970970970971,-0.280149341011,
1.74874874875,-0.280149341011,
1.24874874875,-0.637707067336,
0.112385112385,0.968808090263,
2.34874874875,1.46349244378,
1.94874874875,-0.58776831894,
1.11716980138,1.34691051667,
0.248748748749,0.125943851487,
2.14874874875,0.125943851487,
0.998748748749,0.125943851487,
3.74874874875,1.24490184257,
3.31873727088,0.66283975449,
0.568737270876,0.66283975449,
1.31873727088,-0.373852506756,
0.318737270876,-0.14112905466,
2.56873727088,-0.14112905466,
3.98540393754,-0.275416481473,
4.61873727088,0.982798578133,
0.985403937542,-0.429368782207,
0.774638412378,-0.966264754104,
0.107971745711,-0.966264754104,
1.10797174571,-0.966264754104,
2.35797174571,-0.966264754104,
1.10797174571,-0.966264754104,
0.507971745711,-0.966264754104,
0.507971745711,-0.376340264549,
2.10797174571,0.411120403625,
0.307971745711,-0.540695860534,
1.10797174571,-0.540695860534,
0.107971745711,-0.540695860534,
0.107971745711,-0.540695860534,
0.352226720648,0.282855154197,
1.35222672065,1.81149627335,
1.18556005398,-0.181419923231,
1.28079814922,-0.0231068018788,
0.852226720648,-0.0231068018788,
1.51889338731,-0.0231068018788,
3.51889338731,1.44944959811,
0.185560053981,-0.38828024637,
1.51889338731,-0.243732735538,
4.60222672065,-1.60363350152,
8.85222672065,-0.149947977808,
1.85222672065,-0.149947977808,
3.85222672065,-0.149947977808,
1.10222672065,-0.149947977808,
4.01609657948,1.54235668321,
0.516096579477,0.318090156079,
0.0160965794769,0.829391795479,
0.793874357255,0.700780797474,
0.663155403006,0.342406419803,
0.0160965794769,0.342406419803,
1.87323943662,0.342406419803,
0.682763246144,0.342406419803,
1.18276324614,0.342406419803,
1.51609657948,0.342406419803,
2.01609657948,-1.17192395846,
1.87323943662,-0.260209065452,
0.323788887169,-0.260209065452,
1.01609657948,-0.260209065452,
0.0160965794769,-0.260209065452,
0.34942991281,-0.260209065452,
2.68276324614,-0.260209065452,
2.01609657948,-0.0256115617178,
1.87323943662,-0.0256115617178,
3.01609657948,-0.0256115617178,
3.23333333333,0.795599380651,
0.340020060181,-0.653325922654,
1.34002006018,0.0,
1.34002006018,0.0,
2.12573434589,0.0,
2.26309698326,0.0,
2.74002006018,0.0,
0.840020060181,0.0,
1.34002006018,0.0,
0.158201878362,0.0,
0.562242282403,0.0,
2.87891019173,-0.774457697085,
0.378910191726,-1.04636839246,
2.07891019173,-1.04636839246,
3.87891019173,-1.04636839246,
2.37891019173,-1.04636839246,
0.878910191726,0.216656960782,
0.212243525059,0.0492235365335,
2.21224352506,-0.19828919137,
2.87891019173,-0.19828919137,
3.37891019173,0.598320948775,
7.87891019173,0.201105826593,
1.10206185567,-0.147843044637,
0.60206185567,0.0912951622181,
0.10206185567,0.416582613,
1.60206185567,0.416582613,
0.60206185567,0.416582613,
1.1734904271,0.665706486966,
6.60206185567,0.00280426080041,
1.60206185567,1.56203750111,
6.60206185567,-0.251026897617,
1.60206185567,-0.6944965743,
1.60206185567,-0.571484018154,
1.60825780463,0.190447565742,
0.941591137966,-0.380264351879,
0.941591137966,-0.120350879213,
0.941591137966,-0.120350879213,
0.941591137966,-0.825862343374,
4.99392097264,0.55358027699,
2.49392097264,-0.571877581279,
0.993920972644,-0.571877581279,
5.99392097264,-0.571877581279,
3.32725430598,0.275391504111,
4.99392097264,0.571353134044,
5.32725430598,-1.32884903674,
7.15909090909,0.305111131031,
1.68996960486,0.267647738858,
0.439969604863,0.267647738858,
1.68996960486,0.267647738858,
9.18996960486,0.267647738858,
1.68996960486,0.267647738858,
5.68996960486,0.267647738858,
0.189969604863,0.267647738858,
2.68996960486,0.267647738858,
3.82303370787,-0.662682349504,
4.82303370787,-0.848734377854,
0.823456790123,-0.777687249431,
0.0456790123457,0.304242376146,
3.04567901235,-0.814561706099,
3.04567901235,1.58355727872,
7.54567901235,0.447782398618,
1.04567901235,-0.256072950215,
1.54567901235,0.282722115931,
4.54567901235,-0.452417687877,
0.0456790123457,-0.452417687877,
2.04567901235,0.588069645331,
5.04567901235,0.588069645331,
0.0456790123457,0.630370412268,
1.54567901235,0.630370412268,
1.94630192503,-0.950759770847,
2.61296859169,-0.950759770847,
2.19630192503,-0.0790650470561,
0.946301925025,0.828337120504,
0.946301925025,0.252921244441,
1.94630192503,0.576219173898,
2.94630192503,-0.923910554111,
1.94630192503,2.03511339939,
1.27963525836,-0.577256700019,
2.18875502008,-0.235703968802,
1.18875502008,-0.235703968802,
2.18875502008,-0.235703968802,
0.68875502008,-0.235703968802,
1.68875502008,-0.235703968802,
6.18875502008,-0.235703968802,
0.185997910136,-0.235703968802,
3.18599791014,-1.07900342977,
0.185997910136,-0.501144347008,
4.51933124347,-0.501144347008,
2.18599791014,0.548900738049,
0.185997910136,-1.25122390192,
1.43599791014,0.495454012538,
1.18599791014,0.402005900029,
0.538152610442,-0.535791865966,
0.0381526104418,0.157149434236,
0.913152610442,0.485559913114,
2.12148594378,-0.365001249382,
2.03815261044,-0.365001249382,
1.28815261044,-0.365001249382,
2.12148594378,-0.315062500986,
0.35958118187,0.157408404266,
0.0738668961561,0.657821688352,
1.4310097533,0.657821688352,
0.788152610442,0.657821688352,
0.288152610442,0.0601384657734,
2.58815261044,0.0601384657734,
1.78815261044,0.0601384657734,
0.878147029204,-0.349692903741,
1.8781470292,-0.171897681752,
3.8781470292,-1.53700824761,
2.8781470292,-1.53700824761,
1.6781470292,0.46298860399,
0.544813695871,0.46298860399,
0.378147029204,0.664297595787,
3.4781470292,-0.70446599548,
4.21148036254,-0.624191233308,
1.21148036254,-0.308453227835,
0.544813695871,-0.308453227835,
0.544813695871,-0.308453227835,
3.21148036254,-0.576500282436,
1.3781470292,0.991029760084,
4.23838383838,0.813259256523,
0.238383838384,0.017622846642,
4.23838383838,0.181168893596,
1.23838383838,-0.131470324707,
0.738383838384,-0.184561220451,
0.238383838384,0.5479012384,
0.905050505051,0.790466709268,
2.48838383838,0.790466709268,
1.73838383838,0.142606865797,
1.23838383838,0.142606865797,
1.23838383838,1.19510355236,
7.23838383838,0.118998356284,
0.349494949495,0.118998356284,
2.90505050505,0.294070079983,
7.23838383838,0.294070079983,
1.23838383838,0.661794727848,
0.571717171717,-0.397138825323,
0.527131782946,1.5269136786,
0.319599109131,-0.618350835986,
1.15293244246,0.0720156886528,
0.819599109131,0.0402935235768,
0.624874623872,-0.703592229122,
0.624874623872,0.595744439676,
5.62487462387,0.738171528913,
0.458207957205,-0.420762244006,
3.12487462387,-1.21981682389,
2.62487462387,0.496644988969,
1.62487462387,-0.00024895578053,
3.62487462387,-0.963403527718,
3.9582079572,-0.963403527718,
5.62487462387,-0.963403527718,
4.62487462387,-0.560199979576,
2.62487462387,0.427002914242,
0.624874623872,-0.337692364203,
5.62487462387,0.873398313461,
3.77016129032,0.873398313461,
0.670161290323,0.873398313461,
1.93682795699,0.873398313461,
0.603494623656,0.873398313461,
1.27016129032,0.873398313461,
0.670161290323,0.873398313461,
1.27016129032,0.873398313461,
0.270161290323,0.873398313461,
3.02016129032,0.873398313461,
0.0201612903226,0.873398313461,
1.67016129032,0.873398313461,
0.670161290323,0.873398313461,
1.77016129032,0.873398313461,
1.27016129032,0.873398313461,
0.270161290323,0.873398313461,
1.27016129032,0.873398313461,
1.52016129032,0.873398313461,
4.5877016129,0.828150798869,
4.5877016129,-0.293079505345,
1.5877016129,1.50161577467,
0.0877016129032,-0.337098068822,
0.587701612903,-0.893959299323,
2.5877016129,-0.259466264254,
2.0877016129,-0.188648766349,
2.5877016129,-0.188648766349,
0.771008890607,-0.18055523873,
0.463316582915,-0.18055523873,
0.463316582915,0.672778473745,
0.463316582915,0.672778473745,
1.46331658291,0.672778473745,
0.963316582915,0.672778473745,
0.0347451543431,0.672778473745,
1.46331658291,0.468911013517,
1.28831658291,0.605313540294,
0.213316582915,-1.07836575278,
1.03121248499,0.777822981665,
1.74549819928,0.777822981665,
6.74549819928,-1.11126388448,
5.74549819928,-1.69269389095,
1.74549819928,0.655711245876,
1.74549819928,-0.905949367156,
0.24549819928,-0.248577751268,
5.74549819928,1.76585591458,
4.24549819928,0.376699016495,
0.74549819928,0.376699016495,
6.99177800617,-0.0236351402786,
5.99177800617,-0.0236351402786,
3.99177800617,-0.423685932606,
1.99177800617,-0.163285566675,
2.99177800617,-0.62766070408,
2.65844467283,-0.62766070408,
4.99177800617,-0.0969611368394,
2.65844467283,0.186351198091,
0.991778006166,0.106907628768,
1.99177800617,0.442595758966,
0.991778006166,-0.371548502162,
2.74177800617,-0.81970517685,
2.34337349398,-0.547612770539,
2.67670682731,-0.547612770539,
0.176706827309,-0.547612770539,
6.67670682731,-0.547612770539,
1.17670682731,-0.547612770539,
1.67670682731,-0.547612770539,
2.67670682731,-0.547612770539,
0.676706827309,-0.547612770539,
1.17670682731,-0.547612770539,
1.87670682731,-0.547612770539,
0.676706827309,-0.547612770539,
5.67670682731,-0.547612770539,
0.0767068273092,-0.547612770539,
0.0181086519115,-0.0603403792137,
4.51810865191,-0.854001271096,
0.768108651911,-0.505525582588,
1.51810865191,0.444660878915,
1.01810865191,0.444660878915,
2.51810865191,0.190785396734,
1.01810865191,-0.0284456157824,
0.518108651911,0.858740239042,
4.51810865191,-0.0773861913001,
1.10215053763,-0.770844206418,
0.435483870968,-0.2548272852,
4.23548387097,-0.15806176321,
4.03548387097,-0.476835804313,
4.43548387097,0.849965404366,
0.435483870968,-0.882976737651,
0.0604838709677,0.808159846961,
5.43548387097,0.893597554027,
5.43548387097,0.369126813552,
5.43548387097,0.355531994904,
0.810483870968,0.256711148397,
1.23548387097,-0.47201433166,
4.18548387097,-0.749793820107,
2.68548387097,-0.749793820107,
1.1404040404,-0.749793820107,
2.6404040404,-0.749793820107,
2.7404040404,-0.749793820107,
1.1404040404,-0.749793820107,
5.1404040404,-0.853279526977,
0.140404040404,-0.853279526977,
0.140404040404,0.212788518672,
6.1404040404,-0.728091396317,
0.140404040404,-0.728091396317,
0.140404040404,-0.728091396317,
7.1404040404,-0.728091396317,
6.1404040404,-0.559151763243,
0.473737373737,0.0884067733563,
3.1404040404,0.0884067733563,
0.140404040404,0.0884067733563,
3.1404040404,0.315047919634,
3.1404040404,-0.0824496605969,
3.1404040404,-0.0824496605969,
0.46,1.24275507818,
6.96,-0.531567491411,
7.96,-0.531567491411,
5.96,1.45414200508,
0.96,0.654744374119,
1.96,0.544166423757,
0.605025125628,-0.112478444628,
0.271691792295,-0.639489607511,
0.105025125628,-0.639489607511,
0.355025125628,-0.459755395674,
4.10502512563,0.632242497456,
0.605025125628,0.140403318286,
4.10502512563,-0.0836857776283,
0.105025125628,0.432413009727,
3.60502512563,0.432413009727,
0.429581529582,-0.828646790706,
1.12601010101,-1.52471332931,
0.50101010101,-1.52471332931,
1.20101010101,0.994294602362,
1.50101010101,0.994294602362,
5.00101010101,0.994294602362,
1.50101010101,0.994294602362,
0.112121212121,0.994294602362,
0.0010101010101,-0.22583772873,
0.0010101010101,-0.420817130331,
3.00101010101,-0.389494917527,
1.00101010101,-0.94757913537,
0.0010101010101,-0.0591909547279,
1.75101010101,1.30536232239,
3.33434343434,1.30536232239,
0.0010101010101,1.30536232239,
2.80101010101,1.30536232239,
0.667676767677,1.30536232239,
1.75101010101,1.30536232239,
0.0010101010101,1.30536232239,
0.201353637902,0.66612320845,
1.2013536379,0.66612320845,
0.368020304569,0.112728581544,
1.86802030457,0.591749066428,
0.868020304569,-0.18373014403,
1.25511707876,0.53641968326,
0.175712612261,-0.1675987091,
3.86802030457,1.4597205767,
0.701353637902,-0.670485919704,
0.868020304569,-1.11960352868,
1.78618756371,0.894877258284,
2.53618756371,0.894877258284,
1.53618756371,-0.797293681608,
1.53618756371,0.783600027043,
3.20285423038,0.783600027043,
0.899823927347,0.783600027043,
1.13618756371,0.783600027043,
1.03618756371,1.33188038275,
0.93618756371,0.556686108833,
4.53618756371,-0.0789809648074,
0.53618756371,-0.0789809648074,
1.78618756371,-0.0789809648074,
1.53618756371,-0.0789809648074,
2.03618756371,-0.843443326775,
5.53618756371,-0.843443326775,
0.821901849425,-0.843443326775,
0.941353649894,-0.843443326775,
0.0253872633391,-0.843443326775,
0.45395869191,-0.843443326775,
0.239672977625,-0.843443326775,
1.21586345382,-0.843443326775,
0.382530120482,-0.843443326775,
1.88253012048,-0.843443326775,
2.21586345382,-0.843443326775,
0.549196787149,-0.843443326775,
0.382530120482,-0.843443326775,
0.155257393209,-0.843443326775,
1.21586345382,-0.843443326775,
0.549196787149,-0.843443326775,
7.70234986945,0.784296261929,
3.70234986945,0.213859560504,
1.70234986945,-1.11905054855,
0.702349869452,0.256736645375,
3.20234986945,1.19635846262,
2.70234986945,-0.25150408382,
4.20234986945,0.387696923094,
1.70234986945,0.231247960132,
0.702349869452,0.91053297456,
0.702349869452,0.91053297456,
2.70234986945,-0.0625858914558,
0.702349869452,0.366783000864,
3.70234986945,-0.368016556065,
0.96875,-0.368016556065,
0.0392156862745,-0.368016556065,
0.705882352941,-0.368016556065,
0.705882352941,-0.368016556065,
1.70588235294,-0.368016556065,
0.705882352941,-0.368016556065,
0.705882352941,-0.368016556065,
1.74689826303,-1.00881189559,
2.74689826303,2.89481251688,
6.24689826303,-0.359266027802,
1.74689826303,0.578771835896,
0.946898263027,0.256364303279,
0.746898263027,0.256364303279,
4.74689826303,-0.576244320132,
1.74689826303,-0.576244320132,
1.74689826303,0.410616609414,
0.746898263027,-1.09544790395,
1.17487437186,0.961599968063,
1.67487437186,0.265347577438,
1.17487437186,0.265347577438,
12.1748743719,0.288196917851,
1.17487437186,-0.299329018619,
2.17487437186,-0.418531570716,
2.17487437186,-0.418531570716,
1.50820770519,-0.418531570716,
2.17487437186,-0.71144984126,
1.74630294329,-0.71144984126,
3.54987437186,-0.71144984126,
1.17487437186,-0.580886769756,
2.42487437186,-0.580886769756,
0.755844155844,-0.455213898628,
0.422510822511,0.148262210798,
0.322510822511,-0.44313549656,
4.0060483871,-0.309635254001,
0.00604838709677,1.4541388672,
0.00604838709677,-0.461821736307,
3.0060483871,-1.16670788457,
3.0060483871,1.09019649271,
5.5060483871,0.967536979104,
3.0060483871,0.828087158656,
4.0060483871,1.49557418092,
2.0060483871,1.78531783507,
0.00604838709677,0.95026231812,
1.0060483871,-0.994567836558,
2.0060483871,-0.354191631568,
0.00604838709677,-0.28018594761,
2.35,-0.950399836567,
0.35,-1.01064643369,
1.17688442211,-0.563270345888,
2.17688442211,-0.378231142299,
6.17688442211,-0.160591415935,
1.17688442211,-0.160591415935,
1.92688442211,0.110010921778,
2.17688442211,0.203265127817,
0.176884422111,0.0720579927782,
0.426884422111,0.0720579927782,
2.51021775544,0.0720579927782,
1.17688442211,0.0720579927782,
2.17688442211,-0.699124716665,
0.176884422111,-0.36718375636,
4.17688442211,1.00081963439,
0.176884422111,1.00081963439,
2.17688442211,0.769387228714,
3.17688442211,0.769387228714,
2.17688442211,0.769387228714,
1.17688442211,0.242491827187,
2.17688442211,0.163626034315,
3.68373493976,-1.0339068357,
1.35040160643,-1.0339068357,
1.01706827309,0.663023062071,
0.517068273092,-0.194956785352,
1.51706827309,0.376353454748,
1.01706827309,0.376353454748,
0.0170682730924,0.376353454748,
4.68373493976,0.376353454748,
0.0170682730924,0.376353454748,
0.0170682730924,1.18687441447,
0.731353987378,-0.515048072261,
0.0170682730924,-0.409563740006,
2.51706827309,1.1796176109,
0.517068273092,-0.712387718275,
0.892068273092,-0.712387718275,
10.0170682731,-0.712387718275,
1.01706827309,-0.712387718275,
2.68373493976,-0.712387718275,
0.706827309237,0.239336723496,
1.8734939759,0.283491546931,
0.373493975904,0.192447289129,
2.8734939759,0.192447289129,
0.573493975904,0.39193121169,
0.373493975904,-0.229307147308,
2.70682730924,0.0853770405844,
3.1734939759,-0.75351340695,
0.706827309237,1.11254001496,
3.04016064257,-0.694689279638,
1.8734939759,-0.284747389009,
0.373493975904,-0.284747389009,
0.123493975904,0.734649503257,
2.1234939759,-0.0570213484038,
5.8734939759,-0.165515251134,
1.6234939759,0.0822241865991,
3.42162162162,-0.771645270241,
1.42162162162,-0.0537509484708,
6.42162162162,-0.810292357702,
2.22162162162,0.686789122453,
7.42162162162,0.644152352444,
2.22162162162,0.140722870979,
0.821621621622,0.831461352676,
0.421621621622,0.831461352676,
1.42162162162,0.547138650376,
1.42162162162,0.547138650376,
0.564478764479,-0.637417945869,
1.42162162162,-0.187117472087,
1.13590733591,2.01802596809,
2.30202020202,1.11711311105,
4.30202020202,-0.123155049235,
1.30202020202,-0.123155049235,
1.30202020202,-0.389355981948,
0.968686868687,-0.389355981948,
1.30202020202,-0.389355981948,
1.30202020202,-0.389355981948,
0.413131313131,-0.470612366029,
1.30202020202,-0.470612366029,
3.10202020202,-0.0504507898168,
1.30202020202,0.934018115216,
0.30202020202,0.934018115216,
0.0520202020202,-0.761841590988,
0.42702020202,-0.761841590988,
0.968686868687,-0.761841590988,
0.30202020202,-0.761841590988,
2.30202020202,-0.761841590988,
1.63368055556,0.168680609443,
2.63368055556,0.168680609443,
1.63368055556,0.168680609443,
1.63368055556,0.168680609443,
0.855902777778,0.168680609443,
4.66666666667,1.12428703267,
6.66666666667,1.12428703267,
4.66666666667,1.12428703267,
0.666666666667,1.12428703267,
0.666666666667,-0.242098951582,
0.666666666667,-0.483377425584,
0.333333333333,1.34828801087,
0.666666666667,1.34828801087,
1.04597701149,-0.003843105992,
0.0459770114943,0.050261819442,
2.49949443883,0.050261819442,
0.0328277721604,0.398729653557,
0.154039893373,0.398729653557,
0.499494438827,0.398729653557,
0.499494438827,0.398729653557,
3.83282777216,0.398729653557,
0.499494438827,-0.489961971702,
0.999494438827,-0.489961971702,
0.999494438827,-0.489961971702,
0.0423515816842,-0.489961971702,
0.499494438827,-0.489961971702,
0.699494438827,-0.489961971702,
2.36596030945,0.581194289847,
3.19929364279,0.581194289847,
0.365960309452,0.597536753177,
4.69929364279,-1.37998061815,
0.699293642785,-1.37998061815,
2.32429364279,-1.24187633267,
0.949293642785,-1.24187633267,
0.699293642785,1.41597495501,
0.699293642785,-0.86545120135,
1.19929364279,-0.976599937054,
2.69929364279,-0.84738659536,
0.0326269761184,0.351880632534,
3.19929364279,1.64441247925,
0.365960309452,1.64441247925,
2.19929364279,-0.118017806071,
0.199293642785,-0.342106901986,
2.69929364279,0.619435152441,
4.69929364279,0.797438367563,
5.09935897436,1.34987673883,
0.599358974359,1.34987673883,
2.59935897436,1.34987673883,
0.599358974359,1.34987673883,
0.599358974359,1.34987673883,
0.599358974359,1.34987673883,
4.09935897436,1.34987673883,
0.599358974359,1.34987673883,
0.599358974359,1.34987673883,
6.59935897436,1.34987673883,
1.09935897436,1.34987673883,
0.920707732634,1.34987673883,
1.42070773263,1.34987673883,
1.62070773263,0.0730689340405,
1.42070773263,0.0730689340405,
2.42070773263,-0.777336787595,
1.42070773263,-0.777336787595,
1.42070773263,0.625982909138,
0.420707732634,0.625982909138,
5.42070773263,-1.18473588253,
2.42070773263,0.425853603513,
0.420707732634,-1.11796506649,
1.42070773263,0.81627817821,
0.420707732634,-0.546709081963,
0.920707732634,0.981312552199,
1.42070773263,0.981312552199,
6.92070773263,-0.030139971191,
4.92070773263,0.59415565525,
0.474835886214,0.837738176344,
2.47483588621,0.847032139209,
1.47483588621,0.572737113877,
3.47483588621,1.39828825428,
0.474835886214,0.383820667032,
0.474835886214,-1.11179135891,
1.46503496503,-0.535783157837,
0.965034965035,-0.77728675468,
2.46503496503,0.624674076063,
0.965034965035,0.056288783972,
0.378294573643,-0.375355374593,
1.71162790698,-1.84902338353,
6.71162790698,0.630233129644,
5.21162790698,-0.0932552501658,
1.25552050473,0.188422842176,
3.58885383807,0.589589747566,
5.25552050473,0.184022685486,
0.588853838065,-0.2864860294,
4.25552050473,-0.2864860294,
0.448979591837,-0.357528482294,
1.11428571429,-0.265354295392,
0.047619047619,1.05452014697,
2.71428571429,1.05452014697,
0.714285714286,-1.08814771049,
0.214285714286,-1.08814771049,
0.714285714286,0.606610384092,
0.714285714286,0.476560796391,
2.21428571429,0.862537553559,
0.714285714286,-0.775365015354,
0.714285714286,-0.485099044917,
0.214285714286,2.6946877347,
1.71428571429,-0.0869974084877,
1.21428571429,-0.730030751809,
0.880952380952,0.119112079068,
5.71428571429,1.25206313952,
3.38095238095,-0.949665210686,
2.91842105263,0.271433283059,
0.918421052632,1.48473012005,
1.91842105263,-0.0827659109792,
0.418421052632,-1.38006384598,
3.78947368421,0.44471330812,
0.789473684211,0.44471330812,
4.78947368421,0.44471330812,
0.789473684211,-1.06080795917,
4.78947368421,-0.150429943759,
3.78947368421,0.0468715421683,
3.78947368421,0.999627942277,
0.789473684211,2.32015649706,
2.78947368421,2.32015649706,
0.602272727273,2.32015649706,
4.80227272727,2.32015649706,
0.602272727273,2.32015649706,
1.80227272727,2.32015649706,
1.46893939394,2.32015649706,
0.298701298701,-0.494147553848,
1.2987012987,-0.693837681794,
0.798701298701,0.166252345383,
0.539735099338,-1.19780245232,
1.706401766,-0.0930010897824,
8.53973509934,-0.805460956971,
1.03973509934,0.877451408902,
1.03973509934,-0.749772164809,
2.28973509934,-0.711531781755,
0.0397350993377,-0.711531781755,
0.0397350993377,-0.711531781755,
1.81333333333,-0.24985717769,
1.81333333333,0.912432951082,
2.48,-0.584788373928,
2.48,1.50975460535,
5.48,-1.4804713765,
6.48,-0.547287403523,
4.48,-0.547287403523,
3.56552419355,-0.547287403523,
1.06552419355,-0.18329408181,
1.56552419355,-0.837066008183,
1.06552419355,0.682398494876,
1.56552419355,2.19459410428,
7.56552419355,1.89843541504,
7.56552419355,0.980730945188,
1.56552419355,0.980730945188,
1.56552419355,-0.728982716577,
6.56552419355,-1.64672354412,
4.56552419355,-1.64672354412,
3.56552419355,0.726849459398,
1.56552419355,-1.11767817599,
3.06552419355,-1.11767817599,
0.565524193548,-1.12332548098,
