0.5,1.91858485387,
3.0,1.91858485387,
0.0,1.91858485387,
1.5,1.91858485387,
1.44444444444,1.91858485387,
0.0,1.91858485387,
1.25,1.91858485387,
1.44444444444,1.91858485387,
2.0,1.91858485387,
1.27272727273,1.91858485387,
1.27272727273,1.91858485387,
0.0,1.91858485387,
-0.5,1.91858485387,
0.0,1.91858485387,
-0.666666666667,0.206843540483,
1.71428571429,-0.194399939002,
1.0,0.640866120947,
2.46153846154,0.640866120947,
3.0,0.640866120947,
1.0,-1.11567444648,
-0.5,-1.11567444648,
1.16666666667,-1.11567444648,
-0.5,-1.11567444648,
0.25,-0.148631259242,
1.06666666667,-0.148631259242,
2.6,-0.148631259242,
1.875,-0.148631259242,
3.0,-0.148631259242,
0.666666666667,-0.148631259242,
0.636363636364,-0.148631259242,
0.0,-0.148631259242,
0.5,-0.148631259242,
0.0,-0.148631259242,
0.5,-0.148631259242,
0.5,-0.148631259242,
5.0,-0.148631259242,
2.33333333333,-0.148631259242,
0.0,0.0162017183584,
2.09090909091,1.08308267584,
2.0,-0.979975326646,
0.736842105263,-0.455176143084,
-1.0,-0.455176143084,
1.58333333333,-0.277875845403,
0.285714285714,-1.14951021848,
-1.0,-0.194117683833,
1.0,-0.194117683833,
0.666666666667,-0.194117683833,
2.0,-0.194117683833,
1.66666666667,-0.150124992981,
1.5,0.582601055307,
1.25,0.582601055307,
1.0,-1.3193906062,
1.75,-0.101196959359,
2.38888888889,-0.101196959359,
0.0,-0.101196959359,
0.428571428571,-0.594548620573,
5.0,-0.0426134051667,
2.33333333333,1.70718909422,
-1.0,2.29882171076,
1.25,-0.130859200115,
-2.0,-0.130859200115,
5.0,-0.130859200115,
2.0,-1.19630108269,
1.5,-0.249602584829,
-2.0,-0.249602584829,
8.5,-0.249602584829,
0.923076923077,-0.249602584829,
7.0,-0.110405436637,
2.5,0.569492766623,
3.0,0.569492766623,
3.0,0.569492766623,
2.75,0.569492766623,
0.4,0.569492766623,
0.0,0.569492766623,
1.5,-0.829323421007,
6.0,-0.883881620347,
0.0,0.392616881935,
0.0,-0.860987407347,
1.66666666667,-0.860987407347,
0.0,-0.860987407347,
1.0,-0.376572410862,
1.66666666667,-0.376572410862,
8.5,-0.714498678855,
-0.5,-0.785176800829,
3.0,-0.785176800829,
2.0,0.25831387488,
1.0,0.25831387488,
0.375,1.10739790871,
2.5,0.459622866677,
0.0,0.708548215553,
2.0,0.757352618098,
3.0,0.267148423032,
1.0,1.01926655562,
1.0,1.01926655562,
4.0,0.232087889503,
1.0,0.232087889503,
3.625,0.953398443189,
2.81818181818,-0.12476252428,
3.0,0.961769443662,
3.1,0.670993648784,
3.0,-0.916910390064,
-1.0,-1.26488499187,
0.333333333333,0.512707340368,
0.0,-0.393174854584,
0.0,0.0532336887984,
0.666666666667,0.0532336887984,
-0.5,1.6716096591,
-4.0,-0.216575946207,
1.0,-0.216575946207,
1.0,-0.660499588923,
0.0,-0.660499588923,
0.5,-0.660499588923,
2.0,-0.660499588923,
0.0,-0.660499588923,
0.0,-0.660499588923,
-1.0,-0.660499588923,
0.0,-0.567961390739,
2.0,-0.567961390739,
0.0,-0.567961390739,
0.0,-0.567961390739,
9.0,-0.0293281714681,
0.333333333333,-0.0293281714681,
1.5,0.196440274696,
1.0,0.196440274696,
4.0,-1.36300001127,
0.0,-0.836949654197,
1.0,-0.836949654197,
0.666666666667,-0.836949654197,
2.5,-0.275342633214,
5.0,-0.275342633214,
3.5,1.33334538731,
1.5,1.33334538731,
3.0,1.33334538731,
4.0,-0.687946093228,
0.25,1.16876792573,
2.75,0.267440242407,
-1.0,0.267440242407,
-1.5,0.267440242407,
0.0,0.267440242407,
1.0,0.267440242407,
2.0,0.267440242407,
2.16666666667,0.267440242407,
1.5,0.267440242407,
2.0,0.267440242407,
2.83333333333,0.267440242407,
0.9,0.267440242407,
1.09090909091,0.153471833279,
0.375,0.153471833279,
1.3125,1.35402790215,
0.296296296296,1.35402790215,
1.18181818182,1.35402790215,
1.16666666667,1.35402790215,
0.0,1.35402790215,
-0.166666666667,-0.213274469311,
1.16666666667,-0.213274469311,
1.6,-0.348811567609,
1.4,0.320851056407,
0.75,-0.553209063889,
0.545454545455,0.0741434318978,
1.38461538462,0.413043931444,
-0.222222222222,0.548170627477,
0.846153846154,-0.584971455733,
0.555555555556,-0.584971455733,
1.11111111111,0.692095339301,
0.6,0.692095339301,
3.55555555556,0.614754106694,
0.266666666667,0.0109485205727,
0.1875,0.0109485205727,
0.625,0.477689283529,
0.952380952381,0.477689283529,
0.833333333333,0.343401856716,
1.23076923077,0.343401856716,
0.866666666667,-0.999644984209,
1.77777777778,-1.04392969656,
1.05263157895,-0.923609018972,
1.0,-0.923609018972,
1.66666666667,-0.923609018972,
-3.0,-0.923609018972,
0.0,0.752737809282,
0.8,0.752737809282,
1.71428571429,-0.396291604842,
1.0,-0.396291604842,
-0.8,-0.396291604842,
1.0,0.208107729769,
1.5,0.208107729769,
-0.8,0.208107729769,
0.0,0.208107729769,
4.6,0.208107729769,
2.33333333333,-0.708474782151,
1.8,-0.708474782151,
8.5,-0.708474782151,
3.5,-0.708474782151,
0.0,-0.708474782151,
5.5,-0.708474782151,
2.0,-0.708474782151,
3.66666666667,-0.708474782151,
1.33333333333,-0.708474782151,
0.0,0.355457912695,
0.285714285714,-0.108188818477,
0.0,-0.761114207503,
3.5,-0.761114207503,
1.33333333333,-0.761114207503,
4.33333333333,-0.761114207503,
2.5,-0.761114207503,
2.5,-0.761114207503,
1.5,-0.761114207503,
2.0,-0.761114207503,
0.0,-0.761114207503,
1.2,0.302308048532,
0.0,0.302308048532,
2.0,0.302308048532,
0.0,0.302308048532,
0.25,0.302308048532,
2.0,-0.0273605414931,
0.0,0.578725673473,
4.0,0.578725673473,
9.0,0.578725673473,
1.75,1.03500775553,
3.2,-0.392722052892,
7.25,-0.392722052892,
6.0,-0.392722052892,
3.2,-0.392722052892,
1.83333333333,-0.392722052892,
1.0,-0.392722052892,
1.0,-0.721772858461,
-3.0,-0.721772858461,
0.0,-1.29433668826,
3.0,0.897139069024,
1.0,0.142694704665,
0.75,0.176250608782,
0.0,2.72847771587,
1.0,0.0447280231599,
-1.0,0.0447280231599,
3.0,-0.352266411391,
1.5,-0.225117703692,
6.0,0.351827206225,
2.0,0.351827206225,
3.0,0.00401429468795,
1.66666666667,0.00401429468795,
3.0,0.00401429468795,
1.2,-1.2945000806,
0.0,0.311324746654,
2.0,0.311324746654,
3.75,0.311324746654,
0.8,-0.470040790875,
3.6,-0.470040790875,
5.0,-0.106431405197,
1.8125,-0.106431405197,
6.6,0.350972714472,
1.5,0.350972714472,
5.125,0.866825491057,
2.16666666667,0.866825491057,
2.09677419355,0.866825491057,
1.59183673469,-1.75133191839,
0.6,-1.75133191839,
2.09677419355,0.379447074842,
1.14285714286,0.379447074842,
2.1,0.379447074842,
3.92307692308,-0.645090497092,
1.14285714286,-0.645090497092,
3.11111111111,-0.645090497092,
6.0,-0.645090497092,
2.125,-0.0499395832866,
6.25,0.515553431698,
2.5,0.515553431698,
0.5,-1.10796585411,
2.25,1.57594626454,
1.41025641026,-1.06878642422,
2.25,-1.06878642422,
3.2,-1.06878642422,
2.2,0.494790471172,
2.17647058824,0.494790471172,
2.4,0.0304568028187,
2.69230769231,0.0304568028187,
3.63636363636,0.0304568028187,
6.33333333333,0.0304568028187,
4.0,-0.345550662034,
0.4,-0.28046310404,
-0.666666666667,-0.189108630194,
2.4,-0.189108630194,
0.0,0.956968371442,
0.0,0.956968371442,
1.5,0.798750864493,
1.0,0.798750864493,
4.66666666667,0.775251258757,
1.5,0.775251258757,
1.0,-1.51813500432,
3.0,-1.51813500432,
4.75,-0.694254571655,
2.09090909091,-0.380442274443,
3.0,-0.686260697026,
-1.0,-0.686260697026,
1.0,0.16339188122,
1.0,0.0397193017689,
5.0,-1.20157573484,
5.0,-0.268343639915,
-2.0,-0.268343639915,
-4.0,-0.268343639915,
3.0,-0.268343639915,
-1.0,2.49324397389,
1.0,-0.543307824232,
1.5,1.65208550838,
3.33333333333,1.65208550838,
3.0,-0.132642676679,
0.5,-0.200652810697,
4.0,-0.200652810697,
1.5,0.0966764845583,
-0.333333333333,-0.00686537388639,
0.0,-0.329723879869,
4.2,0.729652466384,
1.42857142857,0.729652466384,
-0.333333333333,2.18290829329,
1.8,-0.365274232362,
3.0,-0.365274232362,
0.5,-0.729761068013,
-1.4,-0.729761068013,
0.4,-0.729761068013,
2.0,-0.729761068013,
2.0,-0.729761068013,
0.6,0.237719189522,
2.0,0.237719189522,
3.0,-0.359674874746,
2.66666666667,-0.359674874746,
0.777777777778,-0.359674874746,
1.25,1.21146916839,
4.0,1.38470144161,
0.0,1.38470144161,
2.5,1.38470144161,
0.777777777778,1.38470144161,
2.0,-1.20961543909,
-2.0,-1.05480929748,
0.333333333333,-1.05480929748,
5.0,-0.535852779186,
0.0,-0.126500805817,
2.2380952381,-1.89599965324,
1.5,-1.21124005207,
1.0,-0.939147645763,
3.0,-0.209417438811,
0.818181818182,0.638866179514,
1.30769230769,0.638866179514,
1.0,0.638866179514,
1.33333333333,0.638866179514,
2.42857142857,0.638866179514,
2.66666666667,0.490892771553,
1.66666666667,0.490892771553,
1.875,0.490892771553,
1.66666666667,0.490892771553,
2.55555555556,0.0854715526081,
1.875,0.0854715526081,
3.2,-0.651745544176,
1.66666666667,-0.255370398987,
2.21052631579,-0.681972678645,
2.77777777778,-0.526382688177,
-1.0,-0.526382688177,
1.6875,-0.526382688177,
5.66666666667,-0.526382688177,
5.5,-0.526382688177,
2.66666666667,-0.794774524192,
2.6,0.338084874949,
1.0,0.509162654324,
1.33333333333,0.509162654324,
0.333333333333,0.729210520984,
1.4,0.729210520984,
-0.2,-0.654140822293,
3.0,-0.654140822293,
1.6875,-0.654140822293,
2.0,0.663342408552,
1.25,-0.928273259598,
1.5,-0.946735013669,
8.0,-0.946735013669,
0.8,-0.946735013669,
0.25,0.890203671401,
2.8,0.312927480127,
2.66666666667,1.81141377001,
2.2,-0.415363236039,
1.5,-0.415363236039,
-1.0,0.183856410955,
3.0,0.256529355177,
0.285714285714,-0.84578604556,
3.5,0.477335015085,
5.0,-0.848052913246,
-0.5,0.837405010428,
0.5,-1.174380417,
0.25,0.944568360306,
3.66666666667,0.944568360306,
3.66666666667,0.944568360306,
2.0,-1.1650306172,
3.8,-0.373158382098,
1.0,1.80054929873,
-0.8,1.80054929873,
1.5,-0.829900161634,
6.0,-0.0274974758719,
-0.75,0.197559642973,
2.5,-0.899754221585,
0.0,-0.899754221585,
0.0,-0.899754221585,
2.5,1.8367664771,
2.0,0.323110409288,
3.0,0.423607890537,
-0.8,0.363489443912,
1.75,0.0266134559869,
0.333333333333,-1.12987458801,
5.33333333333,0.108226911028,
0.5,0.108226911028,
0.0,1.24282652376,
0.0,-0.836054346212,
0.0,0.386975249678,
0.0,0.386975249678,
4.0,0.784892484435,
2.0,-1.11908926368,
9.0,-0.546684349762,
2.0,0.575163738967,
1.0,-0.172180574249,
1.0,-0.172180574249,
0.357142857143,-0.172180574249,
0.333333333333,-0.994697357962,
-1.0,-0.264105898575,
1.28571428571,-0.264105898575,
9.0,-0.264105898575,
0.25,-0.264105898575,
1.25,-0.264105898575,
1.83333333333,1.0970753117,
0.0,1.0970753117,
1.25,1.0970753117,
1.45454545455,1.0970753117,
1.84615384615,1.0970753117,
-0.0769230769231,1.0970753117,
2.85714285714,0.586886435484,
1.42857142857,0.586886435484,
-0.125,0.586886435484,
-0.333333333333,0.586886435484,
1.11111111111,0.586886435484,
0.7,-0.535952258692,
2.25,-0.535952258692,
0.1,-1.48836115663,
1.0,0.0940125049273,
1.0,-0.507628681266,
0.384615384615,0.230900097828,
0.833333333333,-0.675062105515,
1.875,0.60068837309,
5.0,0.130777034385,
3.33333333333,0.130777034385,
1.40740740741,0.130777034385,
2.23076923077,0.130777034385,
0.285714285714,0.130777034385,
1.5,0.130777034385,
-0.666666666667,0.130777034385,
1.22222222222,0.130777034385,
6.0,2.40527695675,
1.0,2.40527695675,
1.22222222222,2.40527695675,
0.0,2.40527695675,
2.5,-0.450734574558,
2.0,0.11208808218,
2.44444444444,1.15615717538,
2.63157894737,0.313844172506,
2.88888888889,-0.409859329971,
2.83333333333,-0.410880603236,
1.16666666667,0.568154271562,
1.73913043478,0.568154271562,
2.64285714286,0.0711566008406,
2.31818181818,1.97560971407,
1.53333333333,-0.310543742591,
3.14285714286,-0.871769815914,
1.46666666667,-0.340317311552,
0.0,0.504127017702,
0.909090909091,0.194337491517,
3.0,0.194337491517,
2.14285714286,0.194337491517,
2.05263157895,0.194337491517,
2.22222222222,-0.500058227592,
2.85,-0.738546523653,
0.666666666667,-0.738546523653,
2.17857142857,-0.738546523653,
2.11764705882,-0.738546523653,
2.0,0.989616206101,
4.0,-0.93630529938,
1.5,-0.587207294539,
4.0,-0.587207294539,
-1.0,-0.587207294539,
2.5,-0.587207294539,
3.2,-0.587207294539,
0.0,-0.702460628241,
4.0,-0.702460628241,
2.14285714286,0.855055371981,
0.0,0.855055371981,
5.0,1.31302106647,
2.0,1.31302106647,
2.66666666667,1.31302106647,
1.0,0.451461836889,
3.2,0.451461836889,
2.0,-0.621959600568,
5.33333333333,-0.621959600568,
1.86666666667,-1.15048776208,
2.5,-1.15048776208,
2.66666666667,-0.103636490546,
2.66666666667,-0.0684601693656,
2.0,3.24219170666,
3.0,3.24219170666,
1.5,3.24219170666,
1.8,3.24219170666,
2.0,3.24219170666,
6.0,0.630143950634,
2.0,-0.752907225676,
1.52173913043,-0.752907225676,
1.5,-1.69352635887,
6.66666666667,0.062678863085,
4.5,-0.474126084695,
3.0,-0.474126084695,
2.22222222222,-0.474126084695,
3.0,0.502180231463,
5.0,0.574853175684,
0.0,-0.622651462547,
0.333333333333,-0.93049496428,
5.0,-0.448547514967,
-0.5,-0.448547514967,
2.5,-0.448547514967,
2.0,0.154956804158,
1.5,-0.575241555944,
6.0,-0.575241555944,
4.33333333333,0.269708161964,
1.5,0.269708161964,
2.0,-0.648156068911,
2.0,-0.648156068911,
0.0,-0.650599139717,
7.0,1.12634584904,
0.5,-0.255126134837,
2.0,1.22506026023,
0.0,1.22506026023,
3.4,1.01915064963,
2.0,1.01915064963,
0.0,1.01915064963,
3.4,-0.637729299524,
2.0,0.207545888698,
1.0,0.207545888698,
0.333333333333,-0.872406247469,
3.0,0.0742844898829,
-3.0,0.256467915464,
4.0,1.15371144169,
2.0,1.15371144169,
1.0,0.434581888702,
1.6,-0.99751083502,
1.4,-0.99751083502,
0.333333333333,-0.261140175349,
1.0,-0.0851756014976,
0.0,1.4434618747,
-3.0,0.390257284493,
2.0,0.0295949808328,
1.71428571429,0.0295949808328,
3.0,-0.33705301896,
1.71428571429,-0.33705301896,
2.5,-0.33705301896,
3.5,0.683572507777,
-0.25,0.683572507777,
-0.166666666667,-0.134014739066,
3.25,-0.134014739066,
1.83333333333,-0.134014739066,
2.66666666667,-0.35948880493,
1.66666666667,0.56193478115,
0.75,0.56193478115,
1.5,1.37651136662,
2.0,-0.561662627873,
2.33333333333,0.659545340586,
0.0,1.00004747952,
0.470588235294,-1.15603188892,
0.0,-0.571562399366,
1.83333333333,-0.571562399366,
0.25,0.235491708005,
0.0,0.235491708005,
1.0,-0.554367064558,
-0.5,-0.554367064558,
1.5,-0.554367064558,
0.0,-0.554367064558,
0.666666666667,-0.250424507473,
0.0,-0.706741961208,
1.0,-0.706741961208,
14.0,-0.706741961208,
4.0,-0.707819873506,
3.25,-0.707819873506,
2.14285714286,-0.707819873506,
2.0,-0.707819873506,
0.727272727273,-0.213212335523,
0.8125,-0.213212335523,
1.14285714286,-0.213212335523,
1.0,-0.213212335523,
2.5,0.706975991571,
1.26315789474,-0.0387880645215,
3.33333333333,-0.0387880645215,
2.125,0.403503156053,
2.46875,0.403503156053,
1.76470588235,0.403503156053,
2.2,0.403503156053,
3.85714285714,1.39143113702,
0.969696969697,-0.136389714485,
1.15384615385,-0.136389714485,
1.45945945946,-1.0597951102,
1.25,-1.0597951102,
2.15789473684,-1.0597951102,
1.45945945946,-1.0597951102,
2.88888888889,0.289346321718,
1.08823529412,1.05739604206,
1.5,1.19301242434,
0.0,-0.448942222189,
2.42857142857,-0.452521916757,
1.8,-0.530522847081,
2.35294117647,-0.190398775529,
3.0,-0.0929645787556,
0.8,-0.269624125742,
0.8,-1.21031773474,
3.33333333333,0.907186936286,
0.714285714286,0.907186936286,
2.5,0.907186936286,
0.52380952381,0.907186936286,
0.1875,0.907186936286,
1.44444444444,1.87844288903,
2.0,-0.0761485190266,
3.44444444444,-0.864714295356,
1.30769230769,-0.864714295356,
2.5,-0.197281773507,
0.0,-0.648811319363,
1.66666666667,0.020604307991,
8.0,0.020604307991,
0.0,0.1080318104,
0.0,0.1080318104,
0.0,-0.192637632856,
1.5,1.0238078278,
1.5,1.0238078278,
-0.25,1.0238078278,
0.0,1.0238078278,
0.0,1.0238078278,
2.0,1.0238078278,
0.0,1.0238078278,
0.5,1.0238078278,
2.5,-0.900849678477,
1.0,-0.900849678477,
0.0,-0.900849678477,
4.5,-0.900849678477,
3.0,-0.900849678477,
3.28571428571,-0.452265484349,
1.69230769231,-0.34202637319,
0.714285714286,-0.140270282864,
2.45454545455,-0.140270282864,
1.68686868687,-0.864995058605,
1.28571428571,0.707667739963,
0.869565217391,-0.604442291289,
0.333333333333,0.606129392299,
0.6,0.149175507089,
3.5,0.949390035535,
1.44444444444,-0.992310024317,
0.6875,0.348098900911,
3.14285714286,-1.20660625888,
1.27272727273,0.464392172088,
3.41666666667,1.96837126479,
0.375,0.220655188278,
2.4,0.220655188278,
1.5,-1.03100927928,
3.0,0.457463683638,
6.0,0.457463683638,
1.33333333333,-0.518313424355,
3.0,-0.420943001987,
3.14285714286,0.93771714372,
2.0,-0.225696325291,
2.33333333333,-0.225696325291,
4.0,1.32868177612,
2.33333333333,0.230988655152,
3.0,0.230988655152,
5.25,0.230988655152,
0.0,0.248564944021,
3.7,0.0124793833535,
2.0,0.711037263669,
0.0,0.711037263669,
1.0,0.711037263669,
4.0,-0.331785078631,
0.333333333333,-0.331785078631,
0.0,0.260345588662,
4.83333333333,0.260345588662,
1.75,-0.960045345382,
2.0,-0.450477433409,
1.0,-0.450477433409,
2.0,0.561732445013,
3.0,0.561732445013,
3.42857142857,0.561732445013,
2.25,-0.295359254664,
1.66666666667,0.296549014206,
2.0,-0.541902553179,
3.0,-0.541902553179,
-1.5,-0.530373790041,
1.78571428571,-0.530373790041,
2.33333333333,-0.530373790041,
-0.166666666667,-0.530373790041,
1.2,0.336599447457,
1.07692307692,0.336599447457,
0.5,0.336599447457,
2.66666666667,0.336599447457,
0.875,0.336599447457,
1.8,0.336599447457,
0.75,0.336599447457,
0.25,0.336599447457,
0.0,0.336599447457,
0.75,0.336599447457,
3.0,0.336599447457,
0.0,0.336599447457,
1.0,-0.0532058811618,
1.33333333333,-0.0532058811618,
0.0,0.428430236627,
0.5,0.428430236627,
1.2,0.428430236627,
0.0,0.428430236627,
8.0,0.428430236627,
3.66666666667,0.428430236627,
-0.125,0.428430236627,
1.75,0.428430236627,
2.71428571429,0.428430236627,
1.14285714286,0.428430236627,
0.5,0.428430236627,
0.0,0.428430236627,
-0.8,0.428430236627,
1.125,-0.711823802922,
2.90909090909,-0.711823802922,
0.333333333333,-0.711823802922,
0.875,-0.711823802922,
2.66666666667,-0.711823802922,
4.0,-0.711823802922,
-0.25,-0.711823802922,
0.142857142857,-0.711823802922,
3.11111111111,-0.711823802922,
0.75,-0.711823802922,
1.7,1.70887082955,
0.8,-0.412078204081,
1.46153846154,-0.412078204081,
1.5,-0.412078204081,
-0.5,-0.412078204081,
2.0,-0.412078204081,
0.0,-0.83381374757,
3.28571428571,-0.578005235329,
0.0,-0.578005235329,
3.0,0.868624481066,
3.28571428571,0.868624481066,
0.5,-1.20870789602,
1.16666666667,-1.20870789602,
3.52941176471,-1.20870789602,
1.59259259259,-0.330449581688,
2.77777777778,-0.330449581688,
1.4,-0.330449581688,
2.2,-0.330449581688,
6.25,2.73764646242,
1.0,-1.0333364172,
1.25,-0.0184973202367,
4.0,0.673233151156,
2.4,-0.482135187681,
2.76470588235,-0.510327654819,
1.0,-0.510327654819,
-0.333333333333,-0.175958384075,
2.27272727273,0.627027257276,
1.4,0.627027257276,
2.36363636364,0.225698967667,
0.5,1.41332582381,
2.5,1.41332582381,
4.4,0.107609915079,
4.0,-0.761396974854,
2.8,-0.0193449198171,
3.0,-1.18201475902,
3.0,-1.18201475902,
3.83333333333,-0.652177958872,
2.85714285714,-0.575783191252,
2.71428571429,-0.575783191252,
0.333333333333,0.181777610211,
0.0,0.181777610211,
3.25,0.181777610211,
5.0,-0.752542301806,
0.333333333333,-0.752542301806,
0.6,-0.752542301806,
2.42857142857,0.298304488132,
0.0,-0.582718357831,
3.5,0.375114646335,
2.0,0.529858804108,
2.66666666667,0.0521679279111,
3.0,0.0521679279111,
2.0,0.247419200028,
1.9,0.247419200028,
0.0,-0.710864436523,
-1.2,1.45568863071,
-2.0,0.0610024760629,
1.5,-0.050065645891,
1.4,1.27515373816,
1.75,1.06924412756,
3.0,1.06924412756,
0.0,-0.307314339054,
2.0,-0.330908471248,
4.5,0.631127464178,
2.0,-1.06800773002,
12.0,-0.155851124869,
0.25,-0.155851124869,
3.0,-0.217495369323,
1.0,-1.11375666264,
3.66666666667,-0.103842344308,
0.0,-0.15291225817,
2.2,-0.15291225817,
0.0,-0.15291225817,
2.66666666667,-0.772821296058,
3.0,-0.772821296058,
1.5,1.26328005793,
3.63636363636,1.23216929916,
0.0,1.23216929916,
6.0,-0.656917566979,
1.5,-0.656917566979,
0.0,0.160252885343,
0.25,-0.49051690091,
5.0,-0.49051690091,
4.66666666667,-0.49051690091,
3.42857142857,0.98239495739,
5.0,0.98239495739,
2.22222222222,2.49511516184,
3.0,0.674356366059,
3.0,-0.028326243492,
4.0,-0.028326243492,
0.666666666667,-0.256264563279,
1.5,-0.749929577972,
3.0,-0.749929577972,
3.33333333333,-0.54027676951,
5.0,-0.54027676951,
0.25,-0.54027676951,
2.0,0.0583939528971,
2.0,-0.637341028446,
4.08333333333,-0.989842075179,
9.0,0.158104014271,
0.0,0.158104014271,
-4.0,0.158104014271,
3.0,-0.785280601508,
0.0,0.666339911615,
0.625,-0.0800705158488,
1.4,0.131208413171,
2.0,0.131208413171,
1.08333333333,0.247058505004,
1.71428571429,-0.233278422481,
0.75,0.619450477248,
1.25,0.619450477248,
1.2,0.619450477248,
0.25,0.619450477248,
2.07142857143,-0.329254455116,
3.0,-0.183662395821,
1.75,-0.183662395821,
0.727272727273,-0.183662395821,
0.5,-0.183662395821,
-0.555555555556,0.53105284284,
1.0,0.541025779862,
-2.0,0.541025779862,
1.0,-0.714145344366,
3.0,-0.714145344366,
0.333333333333,-0.394090219675,
1.2,-0.064157232299,
0.666666666667,-0.064157232299,
1.57142857143,-0.673607355708,
0.5,-0.673607355708,
1.14285714286,-1.71359972847,
4.57142857143,1.04552765933,
0.0,1.04552765933,
-0.5,1.04552765933,
1.71428571429,1.04552765933,
2.9375,0.12037689712,
1.5,0.363284631741,
1.8,0.363284631741,
0.8,0.0628186222248,
1.0,-0.971891315555,
1.85714285714,-0.971891315555,
0.0,2.82931318149,
0.384615384615,2.82931318149,
0.0,-0.285973940298,
-0.285714285714,0.592600783879,
0.0,0.592600783879,
0.0,0.592600783879,
0.363636363636,0.592600783879,
1.28571428571,-0.429074730279,
0.0,-0.429074730279,
0.0,-0.813482657748,
0.285714285714,-0.813482657748,
0.625,0.113232261913,
0.0,0.113232261913,
0.0,0.113232261913,
1.25,-0.852384790854,
0.4,-0.904898572044,
0.333333333333,0.526686637367,
0.5,0.526686637367,
0.0,0.0991559557191,
0.0,-0.274428089444,
2.0,-0.64652747115,
0.0,-0.64652747115,
0.0,-0.64652747115,
0.0,-1.05772851698,
2.0,0.655151256195,
0.214285714286,-0.315141817916,
0.833333333333,-0.315141817916,
1.66666666667,-0.315141817916,
0.384615384615,-1.15733873947,
-0.03125,-1.15733873947,
0.5,-1.15733873947,
0.181818181818,-0.454559486243,
0.25,1.71538987635,
1.22727272727,1.71538987635,
0.7,1.71538987635,
1.58333333333,1.71538987635,
1.47058823529,1.71538987635,
1.28571428571,1.71538987635,
-0.2,1.71538987635,
0.2,1.71538987635,
2.66666666667,1.71538987635,
-0.2,1.71538987635,
0.842105263158,1.71538987635,
1.91666666667,1.71538987635,
1.60869565217,1.71538987635,
0.75,1.71538987635,
-0.2,1.71538987635,
0.5,1.71538987635,
2.0,1.71538987635,
0.4375,1.71538987635,
0.555555555556,1.71538987635,
0.5,1.71538987635,
0.529411764706,1.71538987635,
-0.0666666666667,1.71538987635,
1.07142857143,1.71538987635,
1.0,1.71538987635,
-0.192307692308,1.71538987635,
1.46153846154,1.71538987635,
-1.2,1.71538987635,
0.0,1.71538987635,
0.571428571429,1.71538987635,
4.0,0.660657425998,
0.0,0.660657425998,
0.0,0.165651315503,
0.0,1.16627465519,
0.0,-1.53199410323,
2.0,-1.53199410323,
4.0,-1.53199410323,
0.0,2.00569227767,
2.0,-0.118756084565,
5.0,-0.905842486991,
1.66666666667,-0.173116438703,
0.0,-0.898209129122,
0.0,-0.898209129122,
6.0,-1.08401602962,
1.0,0.0922731179991,
2.5,0.866033893141,
2.5,0.266849838702,
0.0,1.19091907822,
0.0,0.0399179435401,
0.0,0.0399179435401,
3.0,-0.791042127598,
6.0,1.53348559506,
0.0,-1.32580251785,
3.0,0.337832035336,
-1.0,-1.23168294352,
0.0,-1.23168294352,
1.66666666667,-1.23168294352,
0.0,0.108310232028,
3.66666666667,-0.336671750971,
-0.25,-0.336671750971,
2.0,-0.336671750971,
1.5,-0.336671750971,
0.2,-0.336671750971,
4.0,-0.336671750971,
0.0,1.04629724598,
9.0,1.04629724598,
5.5,-0.370516072149,
0.0,-0.370516072149,
-1.0,-1.32927456552,
0.75,-1.32927456552,
1.5,-1.32927456552,
0.0,-0.875330842867,
-1.0,-0.875330842867,
1.4,0.484747310778,
1.5,0.188407870767,
2.33333333333,0.698991966323,
-0.5,1.12983579124,
3.0,-0.54230307029,
0.0,-0.626704776194,
4.0,-0.626704776194,
0.25,0.236767397884,
2.5,0.221698475521,
1.4,0.221698475521,
-0.5,-0.0111838673773,
6.0,0.115964840322,
2.0,0.115964840322,
1.2972972973,0.115964840322,
3.66666666667,0.836486759668,
-1.0,-0.646757531474,
2.9,-0.646757531474,
2.0,0.186160253878,
2.5,0.273655809057,
1.75,0.273655809057,
0.0,0.402221728906,
-0.5,-1.08085062181,
9.0,0.223455330978,
1.5,0.223455330978,
5.5,1.04006701653,
0.75,0.105896288085,
0.0,-0.571299318948,
0.2,0.0533150375681,
2.25,0.0533150375681,
4.0,0.956030574434,
4.0,0.956030574434,
2.0,0.956030574434,
4.0,0.956030574434,
2.33333333333,0.579710722398,
5.0,0.346630260853,
3.5,-1.37849457318,
4.0,-0.47095698599,
0.0,-0.47095698599,
0.0,-0.47095698599,
3.2,0.742001023917,
8.0,-1.29722348579,
0.428571428571,-1.29722348579,
5.0,-1.16464000776,
3.75,2.3231284036,
8.0,-0.254938318226,
1.0,1.1311640508,
3.33333333333,1.1311640508,
0.0,-0.908504646291,
0.0,-0.908504646291,
3.0,0.718768110738,
5.75,0.718768110738,
3.0,0.602643078696,
10.0,0.602643078696,
6.5,-0.850797155016,
0.666666666667,-0.850797155016,
4.33333333333,-1.01336854935,
4.33333333333,-0.502738953481,
6.75,-0.701810870992,
2.0,-0.701810870992,
1.0,-0.701810870992,
3.0,0.188617132109,
3.0,0.188617132109,
2.0,0.188617132109,
0.5,0.188617132109,
2.25,-0.268371446811,
0.0,-0.268371446811,
1.33333333333,-0.268371446811,
-2.0,-0.165859167853,
3.0,-0.828771610169,
1.75,0.414726485545,
3.0,0.414726485545,
0.0,0.853539953149,
0.0,0.853539953149,
2.66666666667,0.649879049922,
3.2,0.462392949319,
3.0,0.462392949319,
4.0,-0.355160816514,
2.6,-0.355160816514,
4.33333333333,1.51363244499,
3.4,-1.00474923797,
5.0,-1.00474923797,
0.0,-0.358740511082,
4.5,-0.358740511082,
0.0,-0.358740511082,
3.0,-0.358740511082,
4.0,-0.622972227935,
1.5,0.4278910747,
2.0,0.4278910747,
4.5,0.4278910747,
1.66666666667,0.897201838634,
4.0,-1.07223865331,
4.0,0.0894937203994,
4.5,0.0894937203994,
1.5,0.0278494759454,
1.75,-0.205596724554,
1.75,-0.477845570595,
3.33333333333,0.0546043123464,
2.75,-0.428112920893,
3.375,-0.428112920893,
4.0,-1.2490045489,
2.16666666667,0.898710905315,
3.72727272727,0.898710905315,
1.75,0.898710905315,
1.75,0.0506304605493,
3.5,0.0506304605493,
2.47058823529,-0.272080804472,
3.8,1.2421061718,
9.0,1.2421061718,
0.0,1.2421061718,
1.0,1.2421061718,
-1.0,1.2421061718,
4.8,0.551744666194,
5.6,0.360573376512,
9.0,0.189421426364,
1.57142857143,0.189421426364,
0.0,-0.515342309708,
4.33333333333,-0.537671706434,
3.66666666667,-0.537671706434,
2.2,-0.537671706434,
4.6,-0.537671706434,
1.0,0.149541623637,
2.2,0.149541623637,
1.75,0.149541623637,
-1.0,0.149541623637,
0.0,-0.32219990674,
1.77777777778,-0.349953288647,
2.71428571429,0.82161361373,
3.57142857143,-1.18751302657,
0.333333333333,0.622600941503,
1.0,0.94612745415,
4.5,-0.705475822496,
-1.5,-0.108688232698,
0.0,0.626872067567,
0.0,0.989314947063,
3.0,0.0255809329436,
5.0,1.39358432369,
4.0,-0.829807659724,
9.0,0.152021142356,
5.66666666667,-1.65644074116,
1.57142857143,-1.65644074116,
1.0,0.192862368264,
2.0,-0.959297051929,
1.2,-0.959297051929,
4.0,-0.959297051929,
0.0,0.30159509816,
2.33333333333,-0.601892281661,
3.6,0.515725511026,
1.25,0.946461635756,
2.28571428571,1.88613227222,
0.666666666667,1.88613227222,
2.28571428571,-0.190535707162,
3.0,-0.190535707162,
7.83333333333,-0.190535707162,
1.83333333333,0.817491460414,
0.0666666666667,0.817491460414,
4.5,1.51529219884,
3.0,0.188341851833,
-1.33333333333,-0.0593030984904,
1.78571428571,1.11736197878,
3.4,-1.19523297048,
3.0,-0.3619512504,
2.5,-0.3619512504,
2.33333333333,-0.3619512504,
4.0,-0.778351252109,
2.5,-0.778351252109,
4.5,-0.778351252109,
3.57142857143,-0.36639168725,
4.25,0.123468881236,
2.22222222222,1.5680183761,
3.8,1.5680183761,
3.6,-1.49562751894,
2.77777777778,-0.740078275204,
1.0,-0.740078275204,
0.0,-0.740078275204,
3.875,-1.03000699268,
2.0,-1.03000699268,
7.0,0.130939068862,
0.5,0.0835195695395,
6.0,-1.21332348994,
1.6,0.019990525438,
4.0,1.40398143018,
3.66666666667,1.40398143018,
-1.0,1.40398143018,
3.0,1.40398143018,
1.8,1.40398143018,
1.71428571429,0.941910502196,
0.0,0.941910502196,
1.71428571429,0.941910502196,
3.0,0.941910502196,
2.5,0.941910502196,
4.4,0.941910502196,
2.5,0.941910502196,
2.0,0.941910502196,
1.5,-1.79451464181,
4.0,-1.79451464181,
5.0,-0.169681543016,
2.0,0.0553755758285,
3.0,0.120967087875,
2.66666666667,0.120967087875,
3.5,0.120967087875,
0.5,1.23254928044,
4.0,1.23254928044,
3.33333333333,1.23254928044,
3.25,1.23254928044,
1.5,1.23254928044,
2.14285714286,0.235951667268,
0.0,-0.373512928968,
1.5,0.0905388763987,
4.0,-0.633751911424,
3.0,-0.633751911424,
7.0,-0.633751911424,
5.5,-0.633751911424,
3.0,-0.633751911424,
5.16666666667,-0.633751911424,
3.2,-0.633751911424,
1.5,-0.633751911424,
0.5,-0.633751911424,
3.6,-0.839800376316,
1.0,-0.839800376316,
4.25,0.711167670884,
0.0,0.711167670884,
1.0,-0.352738239957,
4.0,-0.352738239957,
0.0,-0.239657553576,
4.66666666667,-0.239657553576,
4.66666666667,-0.239657553576,
0.0,-0.239657553576,
4.66666666667,-0.239657553576,
0.666666666667,0.20302189044,
2.0,0.20302189044,
0.5,0.20302189044,
2.0,0.20302189044,
3.0,0.20302189044,
2.5,0.20302189044,
5.4,0.20302189044,
-0.333333333333,0.20302189044,
3.0,0.20302189044,
3.22222222222,0.193984597691,
4.33333333333,0.115174275427,
2.28571428571,0.115174275427,
3.0,0.115174275427,
2.0,0.115174275427,
2.5,0.115174275427,
3.5,-0.82665890389,
1.0,0.0871397063824,
5.0,0.55119151175,
3.0,0.55119151175,
3.0,0.55119151175,
0.0,-0.262952749378,
3.57142857143,-0.262952749378,
5.33333333333,-0.0562063903674,
1.66666666667,0.542426145449,
3.25,-0.305142238232,
3.0,-0.305142238232,
6.5,-0.305142238232,
1.25,-1.02769452847,
0.0,-0.38069839969,
1.0,-0.0741446248183,
0.5,0.417016572623,
0.0,0.417016572623,
1.5,0.417016572623,
0.888888888889,0.417016572623,
0.0,0.417016572623,
0.666666666667,0.276827135203,
1.25,0.276827135203,
2.0,0.276827135203,
0.666666666667,0.276827135203,
1.1,-0.824518922314,
3.25,-0.824518922314,
3.0,0.0306905749822,
2.75,0.0306905749822,
5.0,-0.238181507273,
3.16666666667,-0.238181507273,
4.0,-0.245540932869,
2.0,0.039525123134,
3.0,0.039525123134,
0.5,0.0985935614594,
2.0,0.0985935614594,
1.90909090909,0.0985935614594,
1.57142857143,0.0985935614594,
5.0,0.0985935614594,
4.0,-0.0944435063664,
1.5,-1.00879831144,
0.0,-1.00879831144,
0.333333333333,2.10454940334,
0.5,-0.193212222682,
1.5,0.237188041701,
1.26315789474,0.237188041701,
1.0,0.558731731076,
3.33333333333,0.558731731076,
2.0,0.558731731076,
3.33333333333,0.812313790933,
-1.0,-0.878542548315,
2.16666666667,-0.878542548315,
0.666666666667,0.0268703261395,
3.0,0.485783802844,
3.27272727273,0.484274445808,
2.58333333333,-0.956400043655,
1.92307692308,1.49313065856,
0.666666666667,-0.0140887505087,
0.833333333333,-0.0140887505087,
3.33333333333,1.8765789875,
2.66666666667,1.8765789875,
0.833333333333,1.8765789875,
1.42857142857,-0.260114149775,
2.5671641791,-0.260114149775,
2.26470588235,-0.260114149775,
1.95,-0.260114149775,
2.625,0.672743563199,
2.75,-0.574009467838,
2.42857142857,-0.574009467838,
2.19047619048,-0.574009467838,
3.25,-0.37867098146,
2.35294117647,-0.404277177942,
0.8,-0.404277177942,
3.9,0.0652723274972,
1.85714285714,-0.1163381615,
3.3,-0.547402483928,
1.44444444444,-0.437500562829,
1.5,-0.437500562829,
2.1,-0.437500562829,
1.27272727273,-0.437500562829,
3.36363636364,0.0356975960896,
2.5,0.0356975960896,
1.83333333333,-0.972495910677,
2.5,0.816960476107,
2.6875,-0.837629222285,
-0.4,-0.52693006971,
0.0,0.0730743016555,
3.0,0.0730743016555,
3.0,0.0730743016555,
0.0,0.0730743016555,
3.0,0.0730743016555,
3.0,0.0730743016555,
0.0,0.0730743016555,
-0.5,0.0730743016555,
9.33333333333,0.0730743016555,
-0.5,0.0730743016555,
4.66666666667,0.0730743016555,
4.5,0.0730743016555,
1.5,0.0730743016555,
0.0,0.0730743016555,
0.0,0.0730743016555,
0.0,0.0730743016555,
0.0,0.0730743016555,
-3.0,0.0730743016555,
2.0,0.0730743016555,
2.0,0.0730743016555,
0.166666666667,0.0730743016555,
3.33333333333,0.0730743016555,
-2.0,0.0730743016555,
0.0,0.0730743016555,
0.0,0.0730743016555,
3.0,0.0730743016555,
1.0,0.0730743016555,
5.0,0.0730743016555,
2.33333333333,0.0730743016555,
1.0,0.0730743016555,
6.0,0.0730743016555,
0.0,0.0730743016555,
6.5,0.0730743016555,
3.0,0.0730743016555,
5.0,0.0730743016555,
-0.181818181818,0.0730743016555,
2.16666666667,0.0730743016555,
-0.0833333333333,0.0730743016555,
-0.125,0.0730743016555,
0.0,0.0730743016555,
0.0,0.0730743016555,
-0.176470588235,0.0730743016555,
0.12,0.0730743016555,
0.15,0.0730743016555,
-0.230769230769,0.0730743016555,
-0.0952380952381,0.0730743016555,
-0.1,0.0730743016555,
2.25,0.0730743016555,
0.0,0.0730743016555,
4.0,0.0730743016555,
0.0,0.0730743016555,
3.0,0.0730743016555,
4.0,0.0730743016555,
1.66666666667,0.0730743016555,
3.0,0.0730743016555,
3.0,0.0730743016555,
3.0,0.0730743016555,
3.33333333333,0.0730743016555,
2.5,0.0730743016555,
2.0,0.0730743016555,
0.5,0.228289137835,
3.42857142857,0.373663570134,
-0.25,-0.845786945667,
4.18181818182,-0.183143002957,
4.18181818182,-0.497128713627,
0.333333333333,-1.60272806087,
2.33333333333,-0.161594548579,
2.0,0.152217748633,
4.33333333333,-0.640887380262,
3.0,0.74377396721,
3.0,0.74377396721,
2.34782608696,1.15111851204,
1.25,0.341331677465,
1.88888888889,0.137937483919,
3.5,0.137937483919,
1.83333333333,0.147043167579,
-1.0,0.326805757518,
2.0,-0.464418464096,
0.0,-0.464418464096,
2.0,1.6176283868,
1.5,-1.29932413177,
5.0,0.30761558312,
2.0,0.30761558312,
0.0,0.0620603376532,
0.0,0.0620603376532,
0.0,0.0620603376532,
4.28571428571,0.0620603376532,
-0.5,0.0620603376532,
0.0,-0.62093623736,
1.0,0.966501244324,
3.5,0.966501244324,
4.0,0.966501244324,
2.0,0.0990138624646,
2.5,0.0990138624646,
3.0,1.15813721402,
0.0,0.123319798689,
0.0,-0.744120655771,
1.0,-0.744120655771,
0.0,-0.0958443880621,
2.0,-0.0473706463211,
3.0,0.731390125249,
3.5,0.731390125249,
0.0,0.176934911226,
2.33333333333,-1.66671920129,
4.0,0.130143039592,
0.0,-0.681051284957,
3.66666666667,0.258708959441,
1.6,-0.186904811579,
3.0,-0.186904811579,
6.0,-0.543453450056,
0.454545454545,1.25858951389,
1.9,-0.303875628564,
5.33333333333,-0.436492694641,
1.77777777778,2.3698627749,
3.875,2.3698627749,
0.928571428571,-0.483582659558,
0.8,-0.483582659558,
5.8,-0.483582659558,
0.928571428571,-0.483582659558,
1.0,0.45383248929,
1.5,1.23773921115,
0.384615384615,-0.783311381627,
1.3,-0.783311381627,
1.16666666667,-0.783311381627,
1.09090909091,-0.783311381627,
-0.5,0.0404025978213,
0.5,0.0404025978213,
6.75,0.0404025978213,
0.5625,-0.554072515333,
3.75,-0.554072515333,
1.14285714286,-0.554072515333,
0.272727272727,0.0895956744206,
3.45454545455,-0.864596047607,
1.33333333333,-0.864596047607,
2.16666666667,0.163984861545,
1.09090909091,0.304813846478,
0.333333333333,-0.577135195931,
-0.2,0.370232161426,
-0.8,0.370232161426,
3.57142857143,0.370232161426,
2.0,0.370232161426,
4.0,0.370232161426,
0.0,-0.668834556702,
0.4,0.518817446501,
1.53846153846,0.518817446501,
2.35714285714,0.518817446501,
0.166666666667,0.518817446501,
6.4,0.518817446501,
0.666666666667,-0.541015588221,
3.0,-0.541015588221,
-9.0,-0.541015588221,
-1.0,-0.541015588221,
0.0,-0.194236043823,
7.5,-0.194236043823,
0.0,-0.246817294339,
8.0,-0.246817294339,
9.0,-0.246817294339,
0.0,-1.21217507446,
2.5,-1.21217507446,
4.0,-1.21217507446,
1.0,-1.21217507446,
1.0,-1.21217507446,
1.5,-1.21217507446,
6.0,-1.21217507446,
4.0,-1.21217507446,
8.0,1.39097543091,
1.0,1.59919143753,
4.0,1.59919143753,
5.0,1.59919143753,
9.0,1.59919143753,
5.5,-1.72801740075,
1.91666666667,-1.14138248906,
4.0,-1.14138248906,
2.22222222222,-1.14138248906,
1.69230769231,-1.14138248906,
2.75,-1.14138248906,
3.44444444444,-1.14138248906,
1.2,-1.14138248906,
0.0,-1.14138248906,
1.0,-1.14138248906,
3.85714285714,-1.14138248906,
1.125,-1.14138248906,
1.0,-1.14138248906,
2.16666666667,-1.14138248906,
3.0,-1.14138248906,
2.0,-1.14138248906,
1.4,-1.14138248906,
0.333333333333,-1.14138248906,
0.0,-1.14138248906,
0.909090909091,-1.14138248906,
1.66666666667,-1.14138248906,
3.4,-1.14138248906,
1.78571428571,-1.14138248906,
2.0,-1.14138248906,
3.25,-1.14138248906,
1.3,-1.14138248906,
0.625,-1.14138248906,
0.0,-1.14138248906,
1.71428571429,-1.14138248906,
2.3,-1.14138248906,
-0.333333333333,-1.14138248906,
1.26315789474,-1.14138248906,
2.28571428571,-1.14138248906,
3.0,-1.14138248906,
2.77777777778,-1.14138248906,
4.2,-1.14138248906,
4.25,0.0,
2.16666666667,0.0,
1.4,0.0,
3.0,0.0,
4.0,0.0,
3.25,0.0,
1.5,0.0,
0.0,0.0,
8.0,0.0,
4.8,0.0,
2.0,0.0,
2.4,0.0,
3.0,0.0,
6.66666666667,0.0,
3.0,0.0,
5.33333333333,0.0,
-2.0,0.0,
0.4,0.0,
2.75,0.0,
-2.5,0.0,
0.0,0.0,
5.0,0.0,
2.5,0.0,
3.66666666667,0.0,
-1.0,0.0,
0.0,0.0,
0.0,0.0,
3.5,0.0,
0.4,0.0,
7.0,0.0,
2.4,0.0,
1.05555555556,0.0,
8.0,0.0,
8.0,0.0,
5.2,0.0,
-0.5,0.0,
2.66666666667,0.0,
2.75,0.0,
2.77777777778,0.0,
0.666666666667,0.0,
9.0,1.50283973658,
2.0,1.50283973658,
9.0,1.50283973658,
2.0,-0.0314391876707,
0.333333333333,-0.0314391876707,
5.0,0.201857906351,
3.0,0.201857906351,
4.0,-0.624597793234,
10.0,1.28748769025,
0.0,1.28748769025,
2.0,-2.00370838939,
1.5,-0.597248453582,
0.0,-0.597248453582,
3.0,0.0432081662058,
1.5,-0.565042393542,
5.0,0.00548949294809,
3.0,-1.14095601871,
1.0,-0.58121182146,
3.0,0.571202289831,
-1.0,0.785383687487,
6.0,0.785383687487,
6.0,-1.10315088089,
1.75,-1.10315088089,
0.75,-0.477589791525,
8.0,-0.477589791525,
3.0,-0.477589791525,
0.5,-0.477589791525,
0.0,-1.5764180618,
0.5,-1.5764180618,
4.0,-0.663306150039,
1.0,-0.663306150039,
2.0,-0.663306150039,
0.0,-0.663306150039,
0.0,-0.0755429402715,
0.0,-0.0755429402715,
0.0,0.180701620603,
7.0,0.330872839125,
3.33333333333,0.399851812396,
1.66666666667,0.399851812396,
0.0,1.43015131391,
2.2,-0.238371483933,
7.0,0.614235560584,
5.2,0.614235560584,
-1.0,-1.08879524144,
10.0,0.385807000587,
2.0,-1.16586039086,
1.25,1.15093799354,
2.25,1.15093799354,
1.33333333333,1.15093799354,
4.33333333333,0.264058381723,
11.0,0.264058381723,
3.4,0.217636221749,
2.0,0.40684373914,
2.95238095238,-0.444429253838,
3.0,0.682461102798,
2.66666666667,0.682461102798,
1.66666666667,-0.556813748148,
2.0,-0.556813748148,
3.0,-0.628984084448,
4.5,0.581550035008,
3.0,0.581550035008,
3.0,0.581550035008,
0.0,-0.404777990559,
4.0,-1.31828362692,
5.33333333333,-1.60542893952,
2.25,-1.60542893952,
6.0,-0.57777601603,
4.0,0.365220453473,
3.33333333333,-1.6530990147,
0.0,1.37043176571,
1.0,0.131165158997,
5.0,0.131165158997,
0.5,0.131165158997,
3.0,0.131165158997,
1.0,1.07464256226,
4.0,0.126155696268,
1.0,0.775696920718,
3.0,-0.265413855413,
1.0,0.560264836949,
3.5,-1.26959105689,
0.0,0.882834554321,
1.5,0.230435382104,
1.36363636364,1.11032740542,
1.8,-0.158591359922,
2.0,0.793618857709,
1.47368421053,0.793618857709,
2.21951219512,0.651219472051,
3.83333333333,0.651219472051,
2.75,0.651219472051,
0.5,0.651219472051,
2.0,0.651219472051,
1.0,-0.378013425296,
0.5,-0.378013425296,
1.35714285714,-0.378013425296,
0.0,-0.378013425296,
4.0,-0.378013425296,
0.4,-0.378013425296,
1.0,-1.14091758031,
0.0,0.41612740822,
2.33333333333,0.41612740822,
0.0,-0.21785384772,
1.78571428571,-0.21785384772,
-1.0,-0.21785384772,
-0.285714285714,-0.21785384772,
3.0,-0.186537592514,
3.33333333333,0.537671161588,
0.0,-1.0056841239,
0.714285714286,-1.0056841239,
0.416666666667,-1.21709159505,
1.73684210526,-0.62975923171,
-2.66666666667,-0.62975923171,
-1.0,0.479502899975,
0.6,0.479502899975,
2.33333333333,0.479502899975,
0.0,-0.661152802792,
1.53333333333,-0.460702107775,
2.22222222222,1.71368187789,
1.39473684211,0.734025987175,
1.875,0.0409104804139,
1.0,1.75026211927,
-0.666666666667,1.75026211927,
0.0,-0.0558031592377,
1.0,0.0465108797246,
2.0,-1.03178974779,
1.4347826087,-0.55164130857,
0.727272727273,-0.55164130857,
1.08333333333,-0.436349004054,
0.620689655172,0.319139317414,
0.555555555556,-0.417394681097,
1.85,-0.417394681097,
2.54545454545,-0.417394681097,
1.27272727273,-0.068488830666,
1.05882352941,-0.487040831233,
0.694444444444,-0.487040831233,
2.0,-0.487040831233,
5.5,-0.487040831233,
-1.0,-0.487040831233,
1.0,-0.487040831233,
4.0,-0.487040831233,
1.5,-0.487040831233,
1.81818181818,-0.487040831233,
3.5,-0.487040831233,
2.2,-0.487040831233,
2.2,-0.487040831233,
1.4,-0.487040831233,
3.0,-0.487040831233,
2.51020408163,-0.487040831233,
0.857142857143,-0.487040831233,
0.0,-0.487040831233,
1.5,-0.487040831233,
1.33333333333,-0.487040831233,
2.28571428571,-0.487040831233,
0.0,-0.487040831233,
0.0,-0.487040831233,
3.33333333333,-0.487040831233,
0.0,-0.487040831233,
0.666666666667,-0.487040831233,
0.625,-0.487040831233,
1.5,-0.487040831233,
1.5,-0.487040831233,
3.0,-0.487040831233,
1.09090909091,-0.487040831233,
0.666666666667,-0.487040831233,
1.0,-0.487040831233,
2.5,-0.487040831233,
3.0,-0.487040831233,
3.04166666667,-0.487040831233,
0.0,-0.487040831233,
4.5,-0.487040831233,
0.0,-0.487040831233,
2.0,-0.487040831233,
1.0,-0.487040831233,
6.0,-0.487040831233,
3.5,-0.499405879596,
0.0,-0.959713071665,
0.0,1.19886589767,
3.0,-0.0979093853047,
0.0,1.19812079104,
3.5,1.19812079104,
1.5,1.19812079104,
6.5,1.19812079104,
0.0,1.19812079104,
1.5,1.19812079104,
4.75,-0.091774296964,
1.0,-1.46631933784,
0.0,-1.46631933784,
3.33333333333,0.681213356182,
1.5,-0.445742529194,
4.33333333333,0.457352104679,
0.615384615385,-0.804580047336,
2.0,-0.804580047336,
0.0,1.40697763649,
-0.166666666667,-0.290873069684,
2.33333333333,-0.290873069684,
3.33333333333,-0.290873069684,
1.0,1.81495973434,
6.0,-1.09913970179,
2.33333333333,0.263457829769,
2.33333333333,0.263457829769,
1.5,-1.30623567509,
4.66666666667,-0.0414203741027,
0.0,-0.0414203741027,
3.33333333333,-0.767079076932,
7.0,0.0264721513425,
3.66666666667,0.0264721513425,
3.0,0.0264721513425,
1.33333333333,0.368476259422,
2.0,0.368476259422,
3.55555555556,-0.280149341011,
2.125,-0.280149341011,
3.5,-0.637707067336,
8.0,-0.637707067336,
2.36666666667,0.968808090263,
1.53846153846,-0.840907976817,
2.5,-0.840907976817,
2.5,-0.840907976817,
0.684210526316,1.46349244378,
4.05555555556,1.46349244378,
2.93103448276,-0.58776831894,
1.0625,0.271713647555,
1.63636363636,1.34691051667,
3.78947368421,1.34691051667,
3.375,1.34691051667,
0.875,0.125943851487,
4.4,0.125943851487,
1.44444444444,0.125943851487,
3.16666666667,0.125943851487,
3.5,1.24490184257,
2.66666666667,1.94597778881,
0.0,0.354374064152,
-0.25,0.354374064152,
1.95,-1.18075103954,
1.5,-1.18075103954,
3.0,-1.18075103954,
1.0,0.371267189474,
1.5,0.371267189474,
2.0,-1.74980463699,
2.0,-1.74980463699,
5.5,0.66283975449,
-1.0,0.66283975449,
2.75,0.66283975449,
0.0,0.66283975449,
2.0,-0.702668351495,
3.5,-0.373852506756,
-1.0,0.176096320278,
-3.0,0.809661181501,
3.5,-0.640139212716,
1.75,-0.976412258341,
2.5,-0.14112905466,
3.66666666667,-0.14112905466,
5.22222222222,-0.275416481473,
6.42857142857,0.982798578133,
3.27272727273,-0.429368782207,
0.666666666667,-0.429368782207,
3.75,-0.429368782207,
1.8,-0.966264754104,
0.333333333333,-0.966264754104,
0.0,-0.966264754104,
5.0,-0.966264754104,
2.66666666667,-0.966264754104,
2.0,-0.966264754104,
2.0,-0.966264754104,
3.4,-0.966264754104,
0.0,-0.966264754104,
2.0,-0.966264754104,
0.333333333333,-0.966264754104,
4.0,-0.966264754104,
2.0,-0.966264754104,
0.5,-0.966264754104,
1.0,-0.966264754104,
1.71428571429,-0.966264754104,
0.5,-0.966264754104,
0.866666666667,-0.966264754104,
-0.588235294118,-0.376340264549,
1.0,-0.376340264549,
1.6,-0.376340264549,
0.428571428571,-0.376340264549,
-0.5,-0.376340264549,
0.0,-0.376340264549,
1.71428571429,-0.376340264549,
3.2,0.411120403625,
0.333333333333,-0.540695860534,
0.714285714286,-0.540695860534,
3.28571428571,-0.540695860534,
3.33333333333,-0.540695860534,
1.71428571429,-0.540695860534,
1.0,-0.540695860534,
0.7,-0.540695860534,
2.2,-0.540695860534,
1.57142857143,-0.540695860534,
0.0,-0.540695860534,
0.5,-0.46147176271,
0.666666666667,-0.46147176271,
0.0,-0.46147176271,
1.5,0.636789020449,
2.5,-0.14475746368,
6.6,-0.323372027446,
2.6,0.282855154197,
2.14285714286,1.81149627335,
0.0,1.81149627335,
1.75,-0.181419923231,
3.2,-0.181419923231,
0.0,-0.181419923231,
1.33333333333,-0.181419923231,
3.53846153846,-0.0231068018788,
3.0,-0.0231068018788,
2.83333333333,-0.0231068018788,
-0.333333333333,0.197229504894,
2.33333333333,1.09632368213,
1.5,-0.675027240819,
4.0,1.44944959811,
2.6,1.44944959811,
1.0,1.44944959811,
0.833333333333,-0.38828024637,
2.33333333333,-0.38828024637,
4.5,-0.243732735538,
2.83333333333,-0.243732735538,
5.0,0.602862715177,
1.33333333333,-0.78751040084,
1.375,-1.60363350152,
6.75,-1.60363350152,
1.5,-1.21326626634,
4.28571428571,-0.149947977808,
3.25,-0.149947977808,
1.66666666667,-0.149947977808,
5.7,-0.149947977808,
2.33333333333,-0.149947977808,
2.0,0.514323007248,
6.0,1.54235668321,
1.5,1.54235668321,
3.2,1.54235668321,
7.0,1.54235668321,
2.7,0.318090156079,
1.0,0.318090156079,
2.19047619048,-0.979809252644,
1.0,0.829391795479,
1.125,0.829391795479,
5.0,0.700780797474,
3.61538461538,0.700780797474,
1.125,0.0434995596766,
2.21428571429,0.0434995596766,
1.2,0.342406419803,
3.26315789474,0.342406419803,
0.636363636364,0.342406419803,
3.63636363636,0.342406419803,
0.571428571429,0.342406419803,
0.0,0.342406419803,
1.0,0.342406419803,
4.75,0.342406419803,
4.0,0.342406419803,
4.21428571429,-1.17192395846,
2.25,-0.627520853929,
0.5,0.216923475324,
0.0,-0.300853340915,
3.63636363636,-0.260209065452,
3.30769230769,-0.260209065452,
2.75,-0.260209065452,
3.5,-0.260209065452,
8.5,-0.260209065452,
3.4,-0.260209065452,
3.8,-0.260209065452,
4.6,-0.260209065452,
3.37931034483,-0.0256115617178,
1.625,-0.0256115617178,
4.11111111111,-0.0256115617178,
2.55555555556,-0.0256115617178,
3.45454545455,-0.0256115617178,
0.0,0.136174833558,
6.0,0.795599380651,
1.7,-0.653325922654,
0.785714285714,-0.653325922654,
0.333333333333,-0.653325922654,
1.72222222222,0.0,
0.8125,0.0,
-0.166666666667,0.0,
0.681818181818,0.0,
3.83333333333,0.0,
1.0,0.0,
0.681818181818,0.0,
1.68181818182,0.0,
1.8,0.0,
-0.333333333333,0.0,
3.29411764706,0.0,
1.33333333333,0.0,
3.72413793103,0.0,
1.0,0.0,
1.35714285714,0.0,
0.5,0.0,
3.22222222222,0.0,
1.08333333333,0.0,
0.666666666667,0.0,
1.0,0.0,
1.5,0.0,
2.2,0.0,
2.27272727273,0.0,
1.81818181818,0.0,
2.08333333333,0.0,
1.5,0.0,
0.0,0.0,
4.0,0.0,
5.0,-0.774457697085,
0.0,0.083026788825,
4.66666666667,-0.0982145109929,
0.0,0.00817998445211,
0.0,-0.275404550989,
5.0,0.779217070841,
0.0,1.30435844368,
1.0,1.30435844368,
0.8,1.30435844368,
2.0,-0.0739573541427,
1.0,-1.04636839246,
2.71428571429,-1.04636839246,
4.5,-1.04636839246,
-1.5,-1.04636839246,
3.0,-1.04636839246,
4.5,-1.04636839246,
0.666666666667,-1.04636839246,
1.5,0.216656960782,
1.75,0.0492235365335,
2.0,-0.118119478058,
0.0,-0.19828919137,
2.33333333333,-0.19828919137,
5.0,-0.19828919137,
2.2,-0.19828919137,
8.0,0.598320948775,
4.33333333333,0.598320948775,
4.0,0.201105826593,
8.0,0.201105826593,
1.0,0.201105826593,
1.66666666667,0.201105826593,
1.33333333333,-0.975577259093,
2.5,-0.147843044637,
1.0,0.0912951622181,
1.0,0.0912951622181,
0.0,1.03982824051,
-1.5,1.03982824051,
1.0,0.752097092812,
2.0,0.752097092812,
1.0,0.224625867151,
3.0,-0.0749959470614,
0.25,0.416582613,
0.5,0.416582613,
1.0,0.416582613,
1.5,0.416582613,
0.333333333333,0.416582613,
2.0,0.665706486966,
2.5,0.00280426080041,
2.0,1.56203750111,
1.0,1.56203750111,
0.0,1.17997796542,
7.0,1.17997796542,
0.0,-0.367320168793,
6.0,-0.367320168793,
0.333333333333,-0.367320168793,
0.2,0.769250816281,
0.0,-0.169356893657,
0.25,-1.33148879629,
4.0,-0.266910642502,
5.33333333333,-0.251026897617,
0.0,0.485033311257,
1.5,-0.6944965743,
0.0,-1.60480520871,
3.0,-0.571484018154,
-1.5,0.526714856551,
2.5,0.526714856551,
3.66666666667,0.190447565742,
3.0,0.190447565742,
-2.5,-0.144123363503,
0.0,-0.144123363503,
-1.0,-1.3140304773,
-1.0,0.0667097127666,
0.333333333333,-1.02331655333,
2.33333333333,0.0512130782357,
3.0,-0.380264351879,
-0.25,-0.0635084102301,
0.0,-0.0635084102301,
6.0,3.06838569723,
1.0,-0.409114128998,
0.666666666667,-0.409114128998,
1.66666666667,-1.23882754979,
0.0,0.605687195538,
1.5,0.605687195538,
1.83333333333,0.605687195538,
0.0,0.370399522892,
-0.25,0.370399522892,
8.0,0.370399522892,
2.66666666667,-0.0484893732493,
0.8,-0.0484893732493,
1.75,-0.0484893732493,
2.16666666667,0.0577951448887,
3.0,-0.783672854519,
2.25,-0.120350879213,
1.8,-0.120350879213,
1.0,1.04732605173,
1.0,-0.364237756527,
1.8,-0.825862343374,
2.5,0.731119216351,
0.0,0.34068358835,
7.0,0.55358027699,
0.5,-0.777833572633,
1.33333333333,0.561836923298,
2.0,0.723550789625,
2.0,0.632506531824,
1.5,0.900220305186,
0.0,-0.305682107722,
2.66666666667,-0.909826324311,
1.0,-0.909826324311,
0.333333333333,-1.00429740762,
0.0,0.862120425768,
-1.0,0.862120425768,
2.75,-0.571877581279,
2.33333333333,-0.571877581279,
3.55555555556,-0.571877581279,
1.83333333333,-0.402145291382,
-1.0,0.275391504111,
3.0,0.275391504111,
4.57142857143,0.275391504111,
2.55555555556,0.275391504111,
1.66666666667,0.133270974074,
6.0,0.133270974074,
0.0,0.133270974074,
0.0,-1.82255485774,
4.0,0.571353134044,
6.75,-1.32884903674,
6.0,-1.32884903674,
0.0,-1.32884903674,
7.66666666667,0.305111131031,
0.0,0.305111131031,
0.0,0.510963754879,
0.0,0.267647738858,
2.0,0.267647738858,
2.33333333333,0.267647738858,
2.75,0.267647738858,
0.333333333333,0.267647738858,
4.0,0.267647738858,
-0.5,0.267647738858,
0.0,0.267647738858,
11.5,0.267647738858,
4.66666666667,0.267647738858,
2.5,0.267647738858,
3.66666666667,0.267647738858,
2.0,0.267647738858,
5.0,0.267647738858,
2.0,0.267647738858,
2.5,0.267647738858,
2.66666666667,0.267647738858,
0.0,0.267647738858,
5.0,0.267647738858,
0.0,0.267647738858,
2.5,0.267647738858,
1.6,0.267647738858,
4.33333333333,0.267647738858,
1.0,0.267647738858,
1.0,0.267647738858,
0.0,0.267647738858,
1.0,0.267647738858,
2.33333333333,0.267647738858,
2.0,-0.804754942364,
5.0,1.0181864507,
3.0,1.0181864507,
4.0,0.40479328256,
3.0,-0.662682349504,
7.0,-0.848734377854,
3.0,-0.200603639443,
0.0,-0.200603639443,
0.0,-0.200603639443,
0.0,-0.200603639443,
0.0,-0.200603639443,
0.0,-0.200603639443,
0.0,-0.200603639443,
0.0,-0.200603639443,
-3.0,-0.830245981015,
2.33333333333,-0.777687249431,
3.77777777778,-0.777687249431,
3.0,0.304242376146,
2.5,0.0163985598107,
0.857142857143,-0.814561706099,
6.0,-0.814561706099,
6.0,1.58355727872,
11.0,0.447782398618,
0.333333333333,0.447782398618,
7.0,0.447782398618,
4.0,-0.839270908275,
4.0,-0.256072950215,
3.4,0.282722115931,
-0.666666666667,0.282722115931,
2.6,-1.4840166853,
2.0,-0.452417687877,
6.33333333333,-0.452417687877,
3.0,-0.452417687877,
5.0,1.02430383142,
0.666666666667,0.588069645331,
8.0,0.588069645331,
1.0,0.588069645331,
3.75,0.630370412268,
1.5,0.630370412268,
3.4,0.630370412268,
3.0,0.630370412268,
4.5,0.630370412268,
3.0,0.519796971726,
0.5,0.519796971726,
1.22222222222,0.519796971726,
1.71428571429,1.33621285119,
0.0,-0.905127609628,
1.33333333333,-0.149141988999,
-2.0,-0.387283645783,
1.0,-0.0457401692133,
2.0,-0.0457401692133,
1.875,-0.950759770847,
4.5,-0.950759770847,
2.0,1.07472531124,
1.5,1.07472531124,
0.0,0.905431330215,
4.66666666667,-0.0790650470561,
1.33333333333,-0.213679832182,
1.0,0.828337120504,
2.0,0.828337120504,
0.0,0.118025935123,
0.0,0.118025935123,
0.0,1.16569003641,
0.333333333333,1.16569003641,
2.0,-1.14153537726,
2.0,-0.541221598521,
-0.5,-0.410322400165,
4.0,-0.669958005752,
-0.5,0.121528548421,
1.66666666667,-0.278360026288,
2.0,0.252921244441,
0.4,0.252921244441,
2.0,0.576219173898,
4.0,-0.220159916504,
2.0,-0.220159916504,
1.2,-1.28857218676,
5.0,-0.923910554111,
1.5,-0.923910554111,
4.2,2.03511339939,
3.0,0.518050912284,
0.0,0.518050912284,
3.33333333333,-0.577256700019,
1.0,-0.577256700019,
1.25,-0.577256700019,
5.0,-0.235703968802,
1.0,-0.235703968802,
0.0,-0.235703968802,
1.75,-0.235703968802,
2.66666666667,-0.235703968802,
0.0,-0.235703968802,
-1.0,-0.235703968802,
0.75,-0.235703968802,
2.0,-0.235703968802,
4.0,-0.235703968802,
1.0,-0.235703968802,
4.8,-0.235703968802,
3.42857142857,-0.235703968802,
2.7,-0.235703968802,
2.5,-0.235703968802,
2.0,-0.235703968802,
0.0,-0.235703968802,
1.0,-0.235703968802,
2.5,-0.235703968802,
4.5,-0.235703968802,
0.0,-0.235703968802,
0.0,-0.235703968802,
9.0,-0.235703968802,
3.0,-0.235703968802,
2.5,-0.235703968802,
2.0,-0.235703968802,
5.0,-1.07900342977,
1.0,0.7550521258,
3.0,0.828805051206,
2.33333333333,-0.501144347008,
5.4,-0.501144347008,
3.0,-0.501144347008,
1.28571428571,-0.501144347008,
4.0,0.548900738049,
0.714285714286,0.548900738049,
1.44444444444,-1.25122390192,
2.2,-0.431690491449,
1.0,-1.25782422185,
2.33333333333,2.11676693801,
3.28571428571,0.495454012538,
-0.5,-0.802249712271,
-0.5,-1.46916638626,
0.714285714286,0.408276367883,
1.0,0.402005900029,
3.0,0.402005900029,
0.0,0.402005900029,
4.0,-0.499143636437,
0.0,-0.499143636437,
2.33333333333,-0.499143636437,
6.0,-0.871911201553,
1.53333333333,-0.535791865966,
-0.0526315789474,-0.339415604708,
1.25,0.157149434236,
2.16666666667,0.485559913114,
0.5,0.485559913114,
0.578947368421,0.485559913114,
0.428571428571,-0.365001249382,
2.33333333333,-0.365001249382,
0.578947368421,-0.365001249382,
0.484848484848,-0.365001249382,
1.81818181818,-0.365001249382,
0.0,-0.365001249382,
0.615384615385,-0.365001249382,
-0.428571428571,-0.365001249382,
1.46666666667,-0.365001249382,
2.90909090909,-0.315062500986,
1.51724137931,0.157408404266,
-2.0,-0.18353604968,
1.33333333333,0.657821688352,
2.64285714286,0.657821688352,
1.42857142857,0.657821688352,
1.15384615385,0.657821688352,
2.42857142857,0.0601384657734,
0.866666666667,0.0601384657734,
0.333333333333,0.0601384657734,
0.967741935484,0.0601384657734,
2.63636363636,0.0601384657734,
2.83333333333,0.0601384657734,
0.714285714286,-0.217949431865,
1.0,1.80984526448,
1.2,1.80984526448,
1.5,0.0932456298733,
0.0,0.492620099129,
1.0,-0.349692903741,
-2.0,-0.349692903741,
3.0,-0.349692903741,
1.2,-0.171897681752,
-2.0,-0.171897681752,
0.0,-0.171897681752,
2.25,-1.53700824761,
3.0,-1.53700824761,
3.8,0.46298860399,
3.0,0.46298860399,
2.66666666667,0.46298860399,
3.33333333333,0.664297595787,
0.571428571429,-0.70446599548,
0.0,-0.70446599548,
5.11111111111,-0.70446599548,
1.5,0.739967414658,
1.33333333333,-0.624191233308,
5.5,-0.624191233308,
3.0,-0.308453227835,
2.625,-0.308453227835,
2.66666666667,-0.308453227835,
2.66666666667,-0.308453227835,
1.33333333333,-0.17681514551,
1.5,-0.576500282436,
5.33333333333,-0.576500282436,
2.0,-1.02572949466,
2.0,-1.02572949466,
2.25,-1.02572949466,
1.57142857143,0.991029760084,
-2.0,-0.892311727367,
-1.0,-0.892311727367,
-1.0,0.751260118925,
1.83333333333,0.751260118925,
0.0,-1.66754547707,
0.4,0.858302953152,
-1.33333333333,0.584301878418,
0.5,-0.407484781124,
-1.5,-0.577537103484,
1.0,0.813259256523,
6.0,0.813259256523,
2.0,0.017622846642,
6.0,0.181168893596,
-1.66666666667,0.181168893596,
3.0,-0.131470324707,
0.5,-0.524115184486,
4.0,-0.524115184486,
1.5,-0.524115184486,
-3.0,-0.479558566206,
2.5,-0.184561220451,
5.0,0.5479012384,
2.6,0.484281041935,
0.2,0.484281041935,
1.0,-0.484973338136,
0.666666666667,-0.35407413978,
2.0,0.790466709268,
3.0,0.790466709268,
0.0,0.790466709268,
1.5,-1.37453770658,
2.0,0.142606865797,
2.6,0.142606865797,
3.0,0.142606865797,
3.0,1.19510355236,
7.33333333333,0.118998356284,
2.4,0.118998356284,
4.0,0.294070079983,
3.33333333333,0.294070079983,
9.0,-0.109447501612,
3.66666666667,0.661794727848,
2.33333333333,-0.397138825323,
4.5,-0.787900940514,
2.22222222222,-0.0869163309374,
-0.4,-1.21478376391,
0.0,3.71566459035,
6.0,-0.494091230177,
2.0,-0.494091230177,
2.5,1.5269136786,
2.0,-0.300939910225,
1.5,2.33233383162,
11.0,-0.312226400943,
0.333333333333,1.03931997418,
6.0,-0.227950937798,
2.5,-0.331134910635,
0.0,0.521593989094,
1.83333333333,-0.283419639749,
4.0,0.0346653484133,
0.333333333333,-0.545836528024,
2.0,0.555014613923,
2.0,0.910970697208,
1.0,0.910970697208,
1.0,-0.612936064057,
1.0,-0.612936064057,
3.4,-0.618350835986,
4.0,-0.618350835986,
0.0,0.0720156886528,
3.5,0.0720156886528,
1.0,-0.212755811042,
2.0,0.595099831989,
5.0,0.595099831989,
-2.0,-1.4177534466,
2.0,1.16334095176,
0.0,-0.530168283699,
3.25,0.0402935235768,
2.0,-0.2549537759,
3.0,-0.703592229122,
3.0,-0.703592229122,
2.0,0.595744439676,
-1.33333333333,0.741118871976,
2.33333333333,0.741118871976,
1.66666666667,2.69599316972,
1.0,1.00067866469,
1.58333333333,0.987063464235,
-0.5,0.738171528913,
5.25,0.738171528913,
1.55555555556,0.622426586323,
-0.5,0.622426586323,
1.5,-0.500416622961,
-0.5,-0.500416622961,
1.0,-0.420762244006,
2.45454545455,-0.420762244006,
3.05263157895,-0.420762244006,
0.25,-1.32135140186,
0.0,-0.626854824634,
5.5,-1.21981682389,
5.0,0.496644988969,
4.0,-0.00024895578053,
1.42857142857,-0.963403527718,
0.333333333333,-0.963403527718,
1.0,-0.963403527718,
6.33333333333,-0.963403527718,
0.25,-0.963403527718,
5.2,-0.963403527718,
2.66666666667,0.741898526195,
5.0,-0.560199979576,
1.5,-0.560199979576,
0.666666666667,-0.51968782311,
0.75,-0.958603563775,
0.5,-0.958603563775,
1.66666666667,0.427002914242,
4.5,-0.337692364203,
0.5,-0.296695855129,
1.42857142857,-0.296695855129,
8.0,0.873398313461,
3.66666666667,0.873398313461,
1.83333333333,0.873398313461,
2.83333333333,0.873398313461,
3.42857142857,0.873398313461,
1.5,0.873398313461,
3.66666666667,0.873398313461,
2.33333333333,0.873398313461,
2.5,0.873398313461,
1.43243243243,0.873398313461,
2.14285714286,0.873398313461,
1.83333333333,0.873398313461,
1.43243243243,0.873398313461,
2.28571428571,0.873398313461,
2.0,0.873398313461,
2.0,0.873398313461,
1.66666666667,0.873398313461,
3.5,0.873398313461,
3.0,0.873398313461,
2.5,0.873398313461,
0.875,0.873398313461,
1.5,0.873398313461,
1.8,0.873398313461,
2.5,0.873398313461,
1.66666666667,0.873398313461,
1.45454545455,0.873398313461,
2.21428571429,0.873398313461,
1.09090909091,0.873398313461,
2.66666666667,0.873398313461,
3.0,0.873398313461,
0.428571428571,0.873398313461,
0.0,0.873398313461,
-0.25,0.873398313461,
0.8,0.873398313461,
2.33333333333,0.873398313461,
4.25,0.873398313461,
2.0,0.873398313461,
2.5,0.873398313461,
3.25,0.873398313461,
-0.2,0.873398313461,
0.333333333333,0.873398313461,
0.0,0.873398313461,
-2.0,0.873398313461,
3.0,0.828150798869,
2.0,-0.293079505345,
2.75,-0.293079505345,
6.0,-0.293079505345,
1.25,1.50161577467,
4.33333333333,1.50161577467,
1.33333333333,1.50161577467,
1.66666666667,-0.337098068822,
2.0,-0.337098068822,
6.0,0.656273392217,
1.5,0.656273392217,
0.0,-0.275405223613,
0.0,-0.275405223613,
2.0,-0.893959299323,
0.0,-0.46760424819,
6.0,-0.46760424819,
1.14285714286,1.18646648731,
1.5,-0.259466264254,
3.2,-0.259466264254,
3.5,-0.188648766349,
4.0,-0.188648766349,
2.66666666667,-0.18055523873,
1.12903225806,-0.18055523873,
2.33333333333,-0.18055523873,
1.27272727273,0.672778473745,
1.66666666667,0.672778473745,
2.46666666667,0.672778473745,
0.5,0.672778473745,
4.33333333333,0.672778473745,
1.125,0.672778473745,
1.0,0.672778473745,
4.33333333333,0.672778473745,
1.0,0.672778473745,
4.0,0.672778473745,
2.0,0.672778473745,
3.66666666667,0.672778473745,
2.0,0.672778473745,
1.16666666667,0.672778473745,
2.62962962963,0.672778473745,
3.28421052632,0.672778473745,
2.25,-0.855960286786,
4.57142857143,0.468911013517,
3.0,1.0432832988,
1.6,0.605313540294,
1.71428571429,0.605313540294,
3.97619047619,0.605313540294,
2.8,-1.07836575278,
2.38461538462,-1.07836575278,
2.11111111111,-1.07836575278,
1.44,-1.07836575278,
5.0,-1.07836575278,
2.33333333333,-1.07836575278,
0.0,-1.07836575278,
0.0,0.617028467201,
2.0,0.27985539882,
2.0,-1.12998549931,
5.0,1.75270689796,
0.666666666667,1.75270689796,
3.28571428571,0.777822981665,
4.0,0.777822981665,
9.0,-1.11126388448,
8.0,-1.69269389095,
4.0,0.655711245876,
4.0,-0.761294544531,
2.0,-0.761294544531,
0.0,-0.761294544531,
4.5,1.38693608262,
3.5,1.38693608262,
4.0,-0.905949367156,
7.0,-1.17578872491,
3.0,-1.85274310439,
2.5,-0.248577751268,
0.0,1.76585591458,
8.0,1.76585591458,
1.0,-2.03461545978,
1.75,0.724511928031,
1.8,-0.0523197227795,
1.5,0.376699016495,
4.33333333333,0.376699016495,
3.0,0.376699016495,
1.33333333333,1.58525578023,
1.0,-0.452244976371,
2.0,-0.0497686219139,
-4.0,-0.260145611944,
2.0,-0.0236351402786,
1.0,-0.0236351402786,
2.0,-0.0236351402786,
2.5,-0.0236351402786,
4.33333333333,-0.0236351402786,
3.0,-0.423685932606,
2.5,-0.423685932606,
9.0,0.329632250534,
-0.428571428571,-0.135295365298,
4.0,-0.163285566675,
3.0,-0.62766070408,
5.0,-0.62766070408,
1.0,-0.62766070408,
3.5,-0.0969611368394,
0.75,0.562929344555,
0.8,-0.819093114674,
0.0,0.186351198091,
1.0,0.186351198091,
2.33333333333,0.106907628768,
4.0,0.442595758966,
4.0,0.442595758966,
0.0,0.442595758966,
3.5,-0.371548502162,
3.25,0.706289992644,
4.75,-0.81970517685,
3.0,-0.425552756183,
1.0,1.07269738072,
-3.0,-0.547612770539,
4.4,-0.547612770539,
4.33333333333,-0.547612770539,
3.0,-0.547612770539,
5.0,-0.547612770539,
2.5,-0.547612770539,
9.0,-0.547612770539,
2.0,-0.547612770539,
3.27272727273,-0.547612770539,
3.5,-0.547612770539,
0.166666666667,-0.547612770539,
3.27272727273,-0.547612770539,
4.0,-0.547612770539,
1.0,-0.547612770539,
2.75,-0.547612770539,
2.16666666667,-0.547612770539,
1.33333333333,-0.547612770539,
2.0,-0.547612770539,
3.2,-0.547612770539,
9.0,-0.547612770539,
3.5,-0.547612770539,
1.0,-0.547612770539,
3.0,-0.547612770539,
0.25,-0.547612770539,
3.0,-0.547612770539,
-4.0,-0.547612770539,
1.0,-0.547612770539,
1.2,-0.547612770539,
2.0,-0.547612770539,
1.75,-0.547612770539,
2.0,-0.547612770539,
-1.5,-0.547612770539,
3.4,-0.547612770539,
2.0,-0.547612770539,
2.28571428571,-0.547612770539,
1.33333333333,-0.547612770539,
3.28571428571,-0.547612770539,
5.25,-0.547612770539,
4.14285714286,-0.547612770539,
2.4,-0.547612770539,
0.0,-0.547612770539,
0.0,-1.45779971591,
2.0,0.226394681157,
2.2,-0.0603403792137,
6.0,-0.854001271096,
-1.0,-0.854001271096,
1.57142857143,-0.505525582588,
-1.0,-0.505525582588,
2.0,-0.505525582588,
1.0,1.13344537733,
3.0,0.444660878915,
-0.2,0.444660878915,
2.5,0.444660878915,
0.0,0.0827323178639,
4.0,0.190785396734,
0.0,0.820685516858,
0.0,-0.25094465259,
0.166666666667,-1.2368769755,
2.5,-0.0284456157824,
1.0,-0.873477747404,
2.0,0.858740239042,
0.0,0.858740239042,
2.66666666667,-0.0773861913001,
0.0,-1.47133372207,
0.75,-0.907004890589,
1.0,-0.907004890589,
3.66666666667,-0.770844206418,
2.33333333333,-0.770844206418,
4.0,-0.193945094395,
1.66666666667,-0.2548272852,
1.0,0.301697736892,
0.0,0.301697736892,
0.0,-1.51244614275,
0.4,-1.51244614275,
5.25,-0.15806176321,
0.0,-0.15806176321,
4.71428571429,-0.476835804313,
2.33333333333,0.503255399864,
2.83333333333,0.849965404366,
2.0,0.849965404366,
3.2,-0.882976737651,
6.0,-0.882976737651,
0.0,-0.914788499549,
-0.5,0.745413687697,
2.33333333333,0.395391558374,
1.76,0.167416638301,
3.5,0.808159846961,
1.75,0.808159846961,
1.81818181818,0.808159846961,
4.66666666667,0.893597554027,
1.6,0.893597554027,
3.2,0.893597554027,
8.0,0.369126813552,
1.8,-0.357511875493,
2.0,0.355531994904,
8.0,0.355531994904,
2.7,0.256711148397,
3.55555555556,1.83872595502,
1.57142857143,-0.182454529113,
0.666666666667,-0.182454529113,
2.5,-0.47201433166,
1.0,-0.47201433166,
5.4,-0.749793820107,
2.0,-0.749793820107,
4.8,-0.749793820107,
4.0,-0.749793820107,
2.25,-0.749793820107,
3.57142857143,-0.749793820107,
4.0,-0.749793820107,
4.0,-0.853279526977,
4.25,-0.853279526977,
3.0,0.212788518672,
2.0,0.212788518672,
4.33333333333,0.212788518672,
3.0,0.101732510433,
4.33333333333,0.359765494826,
3.11111111111,0.359765494826,
0.5,0.0292081218639,
11.0,-0.728091396317,
4.5,-0.728091396317,
1.0,-0.728091396317,
2.42857142857,-0.728091396317,
1.0,-0.728091396317,
3.0,-0.728091396317,
4.8,-0.728091396317,
5.0,-0.728091396317,
6.0,-0.728091396317,
6.0,1.44485571711,
1.75,-0.19937285483,
2.33333333333,-0.964726030189,
2.42857142857,-0.559151763243,
3.33333333333,0.0884067733563,
6.0,0.0884067733563,
2.0,0.0884067733563,
1.8,0.0884067733563,
1.83333333333,0.0884067733563,
3.0,0.0884067733563,
5.66666666667,0.315047919634,
0.0,1.03463903109,
0.0,1.03463903109,
4.25,-0.0824496605969,
4.0,-0.0824496605969,
1.33333333333,-0.0824496605969,
2.0,0.455281988814,
1.0,-0.81368464239,
0.0,-0.50006703799,
-3.0,-0.971877931515,
2.0,0.0618374633903,
2.5,1.24275507818,
9.0,-0.531567491411,
5.0,-0.531567491411,
7.0,1.45414200508,
1.0,1.45414200508,
6.0,1.45414200508,
1.5,0.651289505914,
-1.0,0.651289505914,
1.0,0.651289505914,
8.0,-0.350387907698,
1.0,0.326915661866,
2.0,-0.773123329534,
10.0,0.758510877446,
-2.0,-0.588260072951,
2.66666666667,0.654744374119,
2.5,0.654744374119,
1.5,0.544166423757,
4.0,0.544166423757,
0.0,0.544166423757,
-0.5,0.544166423757,
-0.166666666667,0.478471510296,
0.0,0.478471510296,
-0.2,-0.112478444628,
0.0,-0.112478444628,
1.0,-0.112478444628,
-0.5,-0.112478444628,
4.0,-0.112478444628,
0.666666666667,-0.639489607511,
0.4,-0.639489607511,
0.0,-0.639489607511,
0.0,0.498203122363,
4.0,0.498203122363,
0.0,0.498203122363,
0.25,1.04203727803,
0.6,-0.459755395674,
-1.0,-0.459755395674,
-0.5,0.632242497456,
0.0,0.632242497456,
3.6,0.632242497456,
4.0,0.140403318286,
1.5,0.140403318286,
4.5,-0.0836857776283,
2.0,0.432413009727,
-1.0,0.432413009727,
-0.5,0.432413009727,
0.0,0.432413009727,
0.5,0.432413009727,
0.0,0.432413009727,
4.0,0.432413009727,
0.0,0.432413009727,
1.625,-0.828646790706,
2.0,-1.52471332931,
2.25,-1.52471332931,
0.666666666667,0.994294602362,
1.2,0.994294602362,
-0.333333333333,0.994294602362,
-1.5,0.994294602362,
2.0,0.994294602362,
1.57142857143,0.994294602362,
3.0,0.994294602362,
3.0,0.994294602362,
1.57142857143,0.994294602362,
0.0,0.994294602362,
1.3,0.994294602362,
0.666666666667,0.994294602362,
1.0,-0.22583772873,
0.75,-0.22583772873,
0.647058823529,-0.420817130331,
0.75,-0.420817130331,
0.666666666667,1.32004229536,
0.5,-0.389494917527,
0.6875,-0.94757913537,
0.0,-0.94757913537,
3.0,-0.94757913537,
-3.0,-0.0591909547279,
1.66666666667,-0.0591909547279,
0.5,-0.0591909547279,
0.647058823529,-0.0591909547279,
-0.25,0.79900719186,
1.1875,-0.0224264252697,
1.44444444444,1.30536232239,
0.166666666667,1.30536232239,
1.83333333333,1.30536232239,
4.33333333333,1.30536232239,
1.0,1.30536232239,
0.166666666667,1.30536232239,
2.625,1.30536232239,
1.5,1.30536232239,
0.666666666667,1.30536232239,
2.0,1.30536232239,
0.166666666667,1.30536232239,
1.0,1.57925923893,
1.14285714286,0.66612320845,
0.25,0.66612320845,
3.2,0.66612320845,
2.5,0.66612320845,
0.0,-0.389740623859,
0.4,-0.856285325456,
1.66666666667,-0.856285325456,
2.5,0.112728581544,
0.4,0.112728581544,
3.66666666667,0.591749066428,
4.0,0.591749066428,
0.0,-0.334245483102,
0.75,-0.334245483102,
1.33333333333,0.0599995889519,
2.5,-0.18373014403,
1.66666666667,0.0413269748152,
1.33333333333,0.882188737931,
3.34375,0.53641968326,
0.0,-0.1675987091,
2.14285714286,-0.1675987091,
1.33333333333,1.4597205767,
6.0,1.4597205767,
2.5,0.807773530296,
1.0,-1.02937990583,
3.0,-0.670485919704,
0.0,-0.670485919704,
4.0,-1.11960352868,
1.0,-1.35978546218,
1.5,0.0872438255803,
0.0,-1.81295834521,
0.333333333333,0.894877258284,
2.5,0.894877258284,
0.25,0.894877258284,
2.14285714286,0.894877258284,
1.66666666667,-1.50913465427,
2.0,-1.50913465427,
1.75,-1.50913465427,
1.5,-0.797293681608,
1.66666666667,-0.797293681608,
1.5,0.783600027043,
0.0,0.783600027043,
2.75,0.783600027043,
1.0,0.783600027043,
4.66666666667,0.783600027043,
2.61538461538,0.783600027043,
0.0,0.783600027043,
3.0,0.783600027043,
1.375,0.783600027043,
0.666666666667,0.783600027043,
0.0,0.783600027043,
4.6,1.33188038275,
1.6,1.33188038275,
2.25,0.556686108833,
-0.375,0.556686108833,
1.0,-0.0789809648074,
0.0,-0.0789809648074,
2.0,-0.0789809648074,
2.66666666667,-0.0789809648074,
1.0,-0.0789809648074,
2.16666666667,-0.0789809648074,
2.88888888889,-0.0789809648074,
3.0,-0.0789809648074,
3.33333333333,-0.843443326775,
-0.666666666667,-0.843443326775,
3.5,-0.843443326775,
0.75,-0.843443326775,
2.18181818182,-0.843443326775,
3.0,-0.843443326775,
1.0,-0.843443326775,
2.05882352941,-0.843443326775,
1.0,-0.843443326775,
1.875,-0.843443326775,
0.222222222222,-0.843443326775,
-0.666666666667,-0.843443326775,
-0.272727272727,-0.843443326775,
1.06666666667,-0.843443326775,
1.11111111111,-0.843443326775,
1.90909090909,-0.843443326775,
1.07142857143,-0.843443326775,
1.0,-0.843443326775,
1.875,-0.843443326775,
1.66666666667,-0.843443326775,
0.642857142857,-0.843443326775,
1.33333333333,-0.843443326775,
2.28571428571,-0.843443326775,
1.5,-0.843443326775,
0.444444444444,-0.843443326775,
1.21428571429,-0.843443326775,
1.91666666667,-0.843443326775,
1.83333333333,-0.843443326775,
0.5,-0.843443326775,
-0.166666666667,-0.843443326775,
0.909090909091,-0.843443326775,
9.0,0.784296261929,
1.0,0.784296261929,
7.0,0.213859560504,
3.0,-0.283041771429,
1.5,-1.11905054855,
4.5,-1.11905054855,
2.0,-1.11905054855,
2.25,-1.11905054855,
2.11111111111,1.52765111512,
2.0,1.52765111512,
2.0,1.52765111512,
1.66666666667,0.256736645375,
1.66666666667,0.256736645375,
6.5,1.19635846262,
0.0,1.19635846262,
1.0,1.19635846262,
2.4,-0.25150408382,
7.5,0.387696923094,
1.0,-0.456789227608,
2.83333333333,-0.456789227608,
5.0,0.231247960132,
2.5,-0.557677358693,
2.33333333333,-0.557677358693,
1.0,-1.03709171802,
1.66666666667,0.0819433244293,
2.66666666667,-0.175998993382,
3.0,0.91053297456,
4.0,0.91053297456,
4.125,0.91053297456,
2.33333333333,0.91053297456,
0.0,-0.150089488298,
6.0,-0.0625858914558,
4.0,0.366783000864,
3.0,-0.368016556065,
1.0,-0.368016556065,
0.0,-0.368016556065,
3.0,-0.368016556065,
-1.0,-0.368016556065,
0.0,-0.368016556065,
1.33333333333,-0.368016556065,
-1.5,-0.368016556065,
1.8,-0.368016556065,
1.0,-0.368016556065,
0.0,-0.368016556065,
0.0,-0.368016556065,
1.8,-0.368016556065,
3.0,-0.368016556065,
-3.0,-0.368016556065,
-0.666666666667,-0.368016556065,
1.0,-0.368016556065,
1.0,-0.368016556065,
0.5,-0.368016556065,
-1.0,-0.368016556065,
2.0,-0.368016556065,
2.0,-0.368016556065,
0.5,-0.368016556065,
0.0,-0.368016556065,
0.0,-0.249781424538,
-1.33333333333,0.846532626185,
-0.666666666667,0.0343703889988,
0.666666666667,0.0343703889988,
-5.0,0.0796322556816,
0.0,-0.0606290786436,
3.0,0.223485609505,
12.0,0.223485609505,
0.75,-0.939327092796,
1.71428571429,-0.939327092796,
2.0,0.901125268855,
3.0,-1.16240137388,
3.2,-1.00881189559,
0.0,-1.00881189559,
2.0,1.45370075784,
-2.0,0.314451824885,
-2.0,-1.52049163439,
4.0,2.89481251688,
3.0,0.87555375858,
0.0,0.498335615496,
1.0,-0.474841621816,
1.5,-0.474841621816,
-4.0,-0.474841621816,
7.5,-0.359266027802,
3.0,0.578771835896,
0.0,-0.00429234463483,
-4.0,0.0751498685678,
2.2,0.256364303279,
2.0,0.256364303279,
3.0,-0.576244320132,
2.0,-0.576244320132,
3.0,0.410616609414,
2.0,-1.09544790395,
0.0,-1.09544790395,
2.5,0.961599968063,
1.5,0.961599968063,
0.714285714286,0.961599968063,
6.0,0.961599968063,
2.875,0.265347577438,
3.0,0.265347577438,
1.27272727273,0.288196917851,
14.0,0.288196917851,
0.333333333333,0.288196917851,
-1.33333333333,-0.299329018619,
1.28571428571,-0.299329018619,
0.333333333333,-0.418531570716,
0.235294117647,-0.418531570716,
1.25,-0.418531570716,
3.0,-0.418531570716,
1.42857142857,-0.418531570716,
2.11111111111,-0.418531570716,
2.6875,-0.418531570716,
0.833333333333,-0.418531570716,
2.0,-0.418531570716,
3.0,-0.418531570716,
1.0,-0.418531570716,
3.6,-0.418531570716,
0.25,0.557484973944,
0.0,-0.0381305235473,
1.66666666667,-0.0381305235473,
2.25,0.366313684262,
2.6875,-0.71144984126,
1.57142857143,-0.71144984126,
2.0,-0.71144984126,
3.09090909091,-0.71144984126,
5.0,-0.71144984126,
2.42857142857,-0.71144984126,
4.45454545455,-0.71144984126,
0.8,-0.71144984126,
6.5,-0.352484874114,
0.0,-0.580886769756,
0.333333333333,-0.580886769756,
4.0,-0.580886769756,
1.57142857143,-0.580886769756,
4.25,-0.580886769756,
1.52173913043,-0.455213898628,
1.23076923077,-0.455213898628,
1.6,-0.455213898628,
0.6,0.148262210798,
1.3125,0.148262210798,
1.44444444444,-0.384707602443,
-0.304347826087,-0.384707602443,
-0.25,0.77534983209,
0.428571428571,0.989378769148,
0.809523809524,-0.44313549656,
3.0,-0.309635254001,
0.333333333333,0.3817298371,
0.5,-0.376474678142,
1.16666666667,1.4541388672,
3.5,-0.461821736307,
1.6,-0.461821736307,
5.0,-1.16670788457,
1.5,-1.16670788457,
4.0,1.09019649271,
5.0,1.09019649271,
7.5,0.967536979104,
0.0,0.371302781853,
5.0,0.828087158656,
3.0,1.49557418092,
-2.0,-0.284950502407,
0.0,0.269069208051,
0.333333333333,-0.831385337822,
1.2,-0.831385337822,
-5.0,-0.251095880682,
1.4,-0.251095880682,
0.714285714286,-0.925572227578,
3.8,1.78531783507,
2.0,0.95026231812,
0.0,0.95026231812,
3.0,-0.994567836558,
0.0,0.274716498503,
1.75,-1.35661017576,
-1.0,-1.35661017576,
5.0,-0.354191631568,
0.0,-0.0371188454766,
2.0,-0.28018594761,
4.0,-0.450467030498,
3.0,-0.950399836567,
0.0,-0.363540507951,
2.0,-1.01064643369,
3.0,-0.563270345888,
4.0,-0.378231142299,
4.0,-0.160591415935,
4.5,-0.160591415935,
1.66666666667,-0.160591415935,
3.0,0.110010921778,
0.0,0.110010921778,
0.0,0.203265127817,
3.0,0.203265127817,
0.0,-0.376917718903,
-0.333333333333,1.45398019908,
0.0,1.45398019908,
1.0,0.810793242154,
-0.333333333333,0.810793242154,
-1.33333333333,0.810793242154,
2.2,0.0720579927782,
2.25,0.0720579927782,
2.0,0.0720579927782,
3.5,0.0720579927782,
2.25,0.0720579927782,
1.5,-0.699124716665,
0.333333333333,-0.699124716665,
3.0,-0.699124716665,
0.0,-0.699124716665,
2.0,-0.36718375636,
5.0,1.00081963439,
2.2,1.00081963439,
1.0,0.769387228714,
5.0,0.769387228714,
4.0,0.769387228714,
-0.333333333333,-0.794504649607,
3.5,0.242491827187,
4.0,0.163626034315,
1.22222222222,0.163626034315,
1.25,-0.322751318934,
1.33333333333,0.245400082531,
1.0,-1.14248303069,
4.57142857143,-1.0339068357,
4.25,-1.0339068357,
0.5,-1.0339068357,
7.0,0.663023062071,
-0.333333333333,-0.999722357877,
5.0,-0.999722357877,
2.2,-0.194956785352,
4.0,-0.194956785352,
0.857142857143,-0.194956785352,
2.4,-0.194956785352,
3.71428571429,-0.435383707947,
0.857142857143,-0.435383707947,
1.22222222222,-0.0157224672341,
4.2,0.376353454748,
3.875,0.376353454748,
4.8,0.376353454748,
3.875,0.376353454748,
1.73333333333,0.376353454748,
5.75,0.376353454748,
3.0,0.376353454748,
4.8,1.18687441447,
-0.5,-0.148942717349,
2.77551020408,-0.515048072261,
1.4,-0.127563406825,
2.66666666667,-0.409563740006,
3.875,-0.409563740006,
3.16666666667,1.1796176109,
2.58333333333,1.1796176109,
3.25,1.1796176109,
2.4,1.1796176109,
0.2,1.1796176109,
3.375,1.1796176109,
4.0,0.934193084269,
4.0,-0.712387718275,
2.78571428571,-0.712387718275,
6.5,-0.712387718275,
2.61538461538,-0.712387718275,
5.0,-0.712387718275,
0.666666666667,-0.712387718275,
3.15384615385,0.239336723496,
2.7,-0.236574375482,
2.2,0.551902427881,
1.66666666667,0.551902427881,
4.75,0.283491546931,
2.0,0.192447289129,
3.6,0.192447289129,
0.5,0.192447289129,
3.25,0.192447289129,
2.83333333333,0.307198646935,
0.5,0.307198646935,
2.75,-0.580438449471,
2.16666666667,-0.580438449471,
1.66666666667,0.39193121169,
1.5,0.39193121169,
3.2,0.39193121169,
1.33333333333,-0.229307147308,
2.2,-0.229307147308,
2.57142857143,0.74827926675,
4.75,0.0853770405844,
5.14285714286,-0.75351340695,
2.16666666667,1.11254001496,
4.4,-0.694689279638,
2.5,-0.932106619973,
1.33333333333,-0.932106619973,
4.0,-0.284747389009,
-1.0,-0.284747389009,
1.33333333333,-0.284747389009,
2.625,0.734649503257,
3.14285714286,-0.215147789043,
1.27272727273,-0.501939821419,
3.0,-0.501939821419,
1.75,0.639254000402,
3.8,-0.0570213484038,
4.25,0.246062401666,
2.875,0.246062401666,
1.5,0.111774974854,
0.833333333333,-0.463544562786,
0.666666666667,-0.611923794516,
5.66666666667,-0.165515251134,
3.6,0.0822241865991,
2.75,0.389948124994,
5.33333333333,-0.771645270241,
2.0,-1.51777699987,
3.57142857143,-0.0537509484708,
1.0,-0.0537509484708,
1.0,-0.270630774429,
0.538461538462,-0.810292357702,
4.25,-0.810292357702,
9.0,-0.810292357702,
0.538461538462,-0.810292357702,
0.0,-0.810292357702,
2.6,-0.810292357702,
4.5,-0.334238493241,
1.83333333333,-1.16792955961,
3.55555555556,0.686789122453,
0.0,0.686789122453,
7.4,0.644152352444,
2.33333333333,-0.447040338788,
3.0,-0.447040338788,
1.5,-0.447040338788,
1.57142857143,-0.540171246897,
2.66666666667,0.140722870979,
1.83333333333,0.140722870979,
3.55555555556,0.140722870979,
1.14285714286,1.47977296519,
1.0,0.831461352676,
3.4,0.831461352676,
3.85714285714,0.831461352676,
2.75,0.547138650376,
4.0,0.547138650376,
2.5,0.547138650376,
3.14285714286,-0.637417945869,
4.9,-0.187117472087,
1.0,2.01802596809,
4.125,2.01802596809,
1.92307692308,2.01802596809,
1.75,1.11711311105,
1.5,-0.740327741969,
5.4,-0.123155049235,
1.5,-0.123155049235,
3.6,-0.123155049235,
2.33333333333,-0.123155049235,
0.166666666667,-0.123155049235,
4.0,-0.389355981948,
1.0,-0.389355981948,
3.66666666667,-0.389355981948,
4.0,-0.389355981948,
3.2,-0.389355981948,
2.25,-0.389355981948,
0.0,-0.389355981948,
2.66666666667,-0.470612366029,
3.5,-0.470612366029,
2.0,-0.264695445361,
4.0,0.58062712964,
0.25,-0.0504507898168,
5.8,-0.0504507898168,
1.0,-0.0504507898168,
1.84615384615,0.934018115216,
-0.857142857143,0.934018115216,
3.33333333333,0.934018115216,
2.4,0.934018115216,
4.0,0.934018115216,
2.75,-0.761841590988,
2.54545454545,-0.761841590988,
-2.25,-0.761841590988,
2.66666666667,-0.761841590988,
3.28571428571,-0.761841590988,
1.0,-0.761841590988,
0.0,-0.761841590988,
1.33333333333,-0.761841590988,
3.0,-0.761841590988,
3.25,-0.761841590988,
1.0,0.168680609443,
0.0,0.168680609443,
0.0,0.168680609443,
0.0,0.168680609443,
-3.0,0.168680609443,
3.0,0.168680609443,
4.0,0.168680609443,
3.0,0.168680609443,
-0.5,0.168680609443,
3.0,0.168680609443,
2.0,0.168680609443,
1.0,0.168680609443,
1.0,0.168680609443,
0.0,0.168680609443,
0.0,0.168680609443,
1.0,0.168680609443,
1.0,0.168680609443,
2.22222222222,0.168680609443,
0.0,0.168680609443,
-1.5,0.168680609443,
0.0,0.168680609443,
0.0,0.168680609443,
3.0,-0.346601321518,
8.0,1.12428703267,
10.0,1.12428703267,
8.0,1.12428703267,
2.0,1.12428703267,
1.5,1.12428703267,
2.0,-0.851668905184,
4.0,-0.242098951582,
-1.0,0.362820787266,
0.0,0.362820787266,
1.0,-0.68134070072,
-3.0,-0.68134070072,
6.0,-0.483377425584,
4.0,-0.483377425584,
4.25,1.34828801087,
2.33333333333,1.34828801087,
2.66666666667,0.17101277933,
0.0,-0.102634911276,
4.0,-0.141429806051,
5.0,-0.141429806051,
0.0,0.0815907312247,
0.0,0.0815907312247,
0.0,-0.003843105992,
2.33333333333,-0.003843105992,
1.0,0.050261819442,
3.33333333333,0.050261819442,
4.0,0.050261819442,
0.0,0.398729653557,
1.52941176471,0.398729653557,
1.27272727273,0.398729653557,
1.11111111111,0.398729653557,
1.11111111111,0.398729653557,
3.0,0.398729653557,
-1.33333333333,0.398729653557,
1.75652173913,0.398729653557,
-0.333333333333,0.398729653557,
1.66666666667,0.398729653557,
2.0,0.398729653557,
-0.333333333333,0.398729653557,
5.33333333333,0.398729653557,
0.0,0.398729653557,
2.83333333333,0.398729653557,
0.75,-0.489961971702,
1.66666666667,-0.489961971702,
3.0,-0.489961971702,
0.0,-0.489961971702,
3.0,-0.489961971702,
3.4,-0.489961971702,
1.67346938776,-0.489961971702,
2.0,-0.489961971702,
1.57142857143,-0.489961971702,
1.68269230769,-0.489961971702,
1.0,-0.489961971702,
1.0,-0.489961971702,
0.428571428571,-0.489961971702,
1.16666666667,-0.489961971702,
0.5,0.581194289847,
3.45454545455,0.581194289847,
4.5,0.581194289847,
0.0,-0.521760750844,
1.5,0.00423738133969,
1.66666666667,0.597536753177,
6.0,-1.37998061815,
0.666666666667,-1.37998061815,
2.0,-1.37998061815,
3.28571428571,-1.37998061815,
0.666666666667,-0.483469586808,
-4.0,0.0429137196417,
3.44444444444,-1.24187633267,
1.8,-1.24187633267,
4.8,1.41597495501,
1.0,0.923985855698,
3.0,-0.86545120135,
1.5,-0.86545120135,
2.5,-0.976599937054,
2.0,-0.84738659536,
1.8,0.351880632534,
3.0,1.64441247925,
1.66666666667,1.64441247925,
1.33333333333,-1.14366951783,
0.0,-0.118017806071,
3.6,-0.118017806071,
1.66666666667,-0.342106901986,
1.8,0.619435152441,
8.0,0.797438367563,
0.0,-1.29484960462,
0.333333333333,-1.29484960462,
2.25,-1.29484960462,
7.0,1.51460521034,
6.0,-0.617583416672,
0.0,-0.328847678975,
0.0,1.34987673883,
2.5,1.34987673883,
0.0,1.34987673883,
4.33333333333,1.34987673883,
0.0,1.34987673883,
3.66666666667,1.34987673883,
0.0,1.34987673883,
4.0,1.34987673883,
-1.0,1.34987673883,
2.0,1.34987673883,
1.33333333333,1.34987673883,
0.0,1.34987673883,
1.0,1.34987673883,
3.0,1.34987673883,
1.5,1.34987673883,
1.0,1.34987673883,
2.0,1.34987673883,
-3.0,1.34987673883,
5.5,1.34987673883,
0.0,1.34987673883,
2.0,1.34987673883,
0.333333333333,1.34987673883,
4.0,1.34987673883,
4.66666666667,1.34987673883,
0.0,1.34987673883,
0.0,1.34987673883,
-2.0,1.34987673883,
2.5,1.34987673883,
0.0,1.34987673883,
3.0,1.34987673883,
1.4,1.34987673883,
1.5,1.34987673883,
1.375,1.34987673883,
1.0,-0.0727884180297,
3.0,0.0980346528081,
0.0,0.751408954066,
3.0,0.0730689340405,
1.6,0.0730689340405,
1.0,0.0730689340405,
2.4,-0.777336787595,
0.0,-0.777336787595,
3.0,-0.777336787595,
0.0,-0.2314817715,
2.0,-0.2314817715,
0.0,-0.2314817715,
3.0,0.625982909138,
4.5,0.625982909138,
2.0,0.625982909138,
3.75,-1.18473588253,
4.5,0.425853603513,
2.0,-1.11796506649,
3.0,0.81627817821,
0.0,-0.546709081963,
4.5,-0.546709081963,
7.0,-0.546709081963,
3.66666666667,0.981312552199,
2.25,0.981312552199,
0.0,0.981312552199,
6.25,-0.030139971191,
0.0,-0.030139971191,
5.25,0.59415565525,
4.0,0.59415565525,
1.0,0.59415565525,
1.72727272727,-0.392303967276,
0.857142857143,-0.392303967276,
2.0,-0.392303967276,
0.6,-0.392303967276,
2.0,-0.392303967276,
3.0,0.837738176344,
2.0,0.847032139209,
2.5,0.847032139209,
6.0,-0.262458435811,
3.0,-0.262458435811,
1.5,0.572737113877,
1.0,0.572737113877,
6.0,1.39828825428,
0.0,1.39828825428,
0.0,0.383820667032,
3.0,0.383820667032,
-1.33333333333,0.383820667032,
3.5,0.383820667032,
3.0,-1.11179135891,
0.0,-0.902918829851,
0.8,-0.0947984559213,
0.0,-1.82503912073,
1.0,0.646863806468,
1.8,-1.04546344812,
0.0,-0.535783157837,
0.0,-0.535783157837,
3.33333333333,-0.535783157837,
0.0,0.180006199934,
2.5,-0.77728675468,
0.0,-0.312745451722,
0.0,0.868185497296,
0.0,2.08763452917,
0.0,-0.812900472851,
2.14285714286,-0.812900472851,
-0.5,-0.662486395286,
3.5,0.624674076063,
0.0,-0.963229962785,
2.0,0.056288783972,
0.0,-0.191755198683,
0.0,-0.316481871159,
0.0,-1.24337282176,
2.0,-1.24337282176,
2.66666666667,-0.375355374593,
4.5,-0.375355374593,
0.0,0.382397514602,
0.666666666667,-0.874517254225,
-2.0,-0.921711294517,
2.0,0.0969557117861,
-3.0,-0.67450704813,
0.75,-1.84902338353,
2.0,-1.84902338353,
-2.0,-1.84902338353,
9.0,0.630233129644,
2.0,0.630233129644,
7.5,-0.0932552501658,
1.5,-0.0932552501658,
2.0,0.825840830571,
1.0,1.75975249534,
1.0,1.2996939042,
0.5,1.2996939042,
7.0,-0.0917873658197,
2.25,-0.968233523763,
1.0,-0.864173415917,
2.55555555556,-1.31685879198,
2.0,-1.41306368705,
2.5,0.188422842176,
0.0,0.188422842176,
1.5,-0.74796662079,
6.0,0.589589747566,
5.33333333333,0.184022685486,
0.0,-0.652216720992,
2.85714285714,-0.2864860294,
5.0,-0.2864860294,
3.0,-0.2864860294,
7.0,-0.2864860294,
1.0,0.819317180887,
4.5,0.819317180887,
2.5,0.819317180887,
3.66666666667,-0.357528482294,
0.0,-0.357528482294,
6.0,-0.357528482294,
6.0,-0.357528482294,
12.0,-0.357528482294,
2.0,-0.357528482294,
0.0,-0.357528482294,
0.0,-0.357528482294,
0.0,-0.357528482294,
3.0,-0.357528482294,
0.0,-0.357528482294,
3.0,-0.357528482294,
0.0,-0.357528482294,
2.0,-0.357528482294,
1.83333333333,-0.265354295392,
0.0,0.708745012133,
0.0,1.05452014697,
0.0,1.05452014697,
1.2,1.05452014697,
1.33333333333,1.05452014697,
4.0,1.05452014697,
2.0,-1.08814771049,
1.5,-1.08814771049,
0.5,0.606610384092,
2.0,0.606610384092,
2.0,0.476560796391,
2.0,0.476560796391,
2.75,0.476560796391,
4.4,0.862537553559,
0.5,0.862537553559,
2.0,-0.775365015354,
1.66666666667,-0.485099044917,
-2.0,-0.485099044917,
4.0,-0.124976905417,
1.4,2.6946877347,
0.9,-0.0869974084877,
2.5,-0.730030751809,
2.0,0.119112079068,
6.0,0.119112079068,
7.0,1.25206313952,
3.875,-0.949665210686,
1.5,-0.169882379919,
-1.0,-0.169882379919,
0.666666666667,0.576593749557,
0.0,0.114991251219,
0.0,-0.0904205192725,
4.0,0.271433283059,
0.0,0.271433283059,
0.0,-0.250370260179,
0.0,-0.250370260179,
0.0,-1.32134682156,
0.0,2.23529248922,
0.5,2.23529248922,
0.0,2.23529248922,
0.0,0.08009963881,
0.0,-0.0977849479601,
0.0,-0.0977849479601,
0.0,-0.341981122143,
4.0,-0.341981122143,
2.0,1.48473012005,
0.0,-0.856222369154,
0.0,-0.856222369154,
0.0,-0.561436897103,
3.0,-0.0827659109792,
0.0,-0.252797196152,
-0.5,0.1463660874,
0.666666666667,0.674405622055,
0.0,0.674405622055,
1.5,-1.38006384598,
0.0,0.0801530523509,
4.0,-0.708445948142,
3.0,-0.708445948142,
1.0,-1.10353226756,
1.25,0.313033017096,
2.0,0.44471330812,
6.75,0.44471330812,
3.0,0.44471330812,
3.0,0.44471330812,
7.0,0.44471330812,
3.0,0.44471330812,
2.0,0.44471330812,
3.0,-1.06080795917,
1.0,-0.0322270500141,
7.0,-0.150429943759,
0.0,0.0468715421683,
6.0,0.0468715421683,
0.0,0.0468715421683,
1.5,-1.14139081459,
6.0,0.999627942277,
3.0,2.32015649706,
5.0,2.32015649706,
0.0,2.32015649706,
0.0,2.32015649706,
6.0,2.32015649706,
1.5,2.32015649706,
2.42857142857,2.32015649706,
2.5,2.32015649706,
5.0,2.32015649706,
8.0,2.32015649706,
0.666666666667,2.32015649706,
7.0,2.32015649706,
2.57142857143,2.32015649706,
1.30769230769,2.32015649706,
2.73076923077,2.32015649706,
1.33333333333,2.32015649706,
0.5,2.32015649706,
5.375,2.32015649706,
0.8,2.32015649706,
7.0,2.32015649706,
5.0,2.32015649706,
2.0,2.32015649706,
4.0,2.32015649706,
3.66666666667,2.32015649706,
1.0,2.32015649706,
4.6,2.32015649706,
1.66666666667,2.32015649706,
-1.0,2.32015649706,
2.0,-0.407032255342,
-0.666666666667,0.21831231334,
4.0,-0.494147553848,
3.0,1.40300779642,
1.0,1.04398365028,
5.0,-0.693837681794,
3.5,-0.693837681794,
3.0,0.848262673093,
3.5,-0.836377704873,
4.5,0.166252345383,
7.0,-0.102145607602,
3.5,-1.19780245232,
9.0,1.84518422493,
3.5,0.267661213878,
4.66666666667,-0.0930010897824,
5.22222222222,-0.805460956971,
2.0,-0.805460956971,
2.25,-0.805460956971,
3.0,2.65631238068,
0.333333333333,-1.06423229241,
2.0,-1.06423229241,
1.0,-0.74903275216,
0.333333333333,-0.74903275216,
4.0,0.877451408902,
2.25,0.761752560396,
3.75,-0.390756018223,
4.5,-0.749772164809,
2.5,-1.21353889254,
5.25,-0.711531781755,
5.0,-0.711531781755,
4.0,-0.711531781755,
1.0,-0.711531781755,
2.5,-0.711531781755,
3.0,0.476230196319,
-1.5,-0.970445908351,
6.0,0.107333887979,
0.0,0.121882288104,
1.5,-1.29360643449,
4.2,-0.24985717769,
0.0,-1.1351321865,
4.2,0.912432951082,
0.0,0.912432951082,
0.0,-0.37328102137,
3.8,-0.584788373928,
6.0,1.50975460535,
3.5,0.19804142344,
9.0,-1.4804713765,
2.0,0.264878280976,
5.0,-0.547287403523,
0.0,-0.547287403523,
8.0,-0.547287403523,
2.33333333333,-0.547287403523,
6.0,-0.547287403523,
5.5,-0.127412337097,
3.6,-0.18329408181,
4.0,-0.837066008183,
3.42857142857,0.682398494876,
-0.5,0.961106814203,
4.0,2.19459410428,
5.0,0.160146175525,
1.875,1.89843541504,
6.5,1.89843541504,
0.666666666667,-0.462407834902,
1.42857142857,-1.54009023078,
10.0,0.980730945188,
4.0,0.980730945188,
4.2,-0.728982716577,
3.5,-1.64672354412,
1.33333333333,-1.64672354412,
9.0,-1.64672354412,
7.0,-1.64672354412,
1.7,0.726849459398,
4.5,0.726849459398,
4.71428571429,-1.11767817599,
4.0,-1.11767817599,
6.0,-1.11767817599,
2.5,-1.11767817599,
8.0,-0.798767854817,
2.0,0.589071794318,
0.833333333333,0.589071794318,
0.0,0.589071794318,
4.0,-1.12332548098,
