0.5,-1.30758887057,
-0.9,1.91858485387,
14.0,1.91858485387,
0.5,1.91858485387,
4.0,1.91858485387,
4.66666666667,1.91858485387,
4.0,1.91858485387,
10.5,1.91858485387,
1.5,1.91858485387,
0.4,1.91858485387,
-2.0,1.91858485387,
-2.25,-0.194399939002,
1.33333333333,0.640866120947,
3.0,0.640866120947,
1.28571428571,-1.11567444648,
-1.375,-1.11567444648,
0.0,-0.148631259242,
1.6,-0.148631259242,
-1.0,-0.148631259242,
1.0,-0.148631259242,
1.85714285714,-0.148631259242,
3.5,-0.148631259242,
-1.5,-0.148631259242,
2.5,-0.148631259242,
3.66666666667,-0.148631259242,
5.0,-0.148631259242,
1.0,-0.148631259242,
0.0,-0.148631259242,
0.0,-0.148631259242,
3.16666666667,-0.148631259242,
1.5,0.0162017183584,
0.5,1.08308267584,
2.88888888889,-0.455176143084,
-2.0,-0.455176143084,
0.75,-0.277875845403,
2.55555555556,-1.14951021848,
-2.0,-0.194117683833,
3.2,-0.194117683833,
7.0,-0.194117683833,
1.33333333333,-0.150124992981,
1.85714285714,0.582601055307,
0.0,-1.3193906062,
-0.5,-0.101196959359,
1.0,-0.101196959359,
4.5,-0.101196959359,
1.5,0.736922490055,
0.0,1.70718909422,
1.0,2.29882171076,
1.0,-0.130859200115,
2.0,-0.130859200115,
1.33333333333,-1.19630108269,
0.0,-0.249602584829,
2.57142857143,-0.249602584829,
1.0,-0.110405436637,
2.0,0.569492766623,
1.0,0.569492766623,
3.5,0.569492766623,
0.0,0.569492766623,
2.0,-0.883881620347,
0.333333333333,0.392616881935,
14.0,0.392616881935,
4.0,-0.860987407347,
2.76923076923,-0.860987407347,
2.0,-0.860987407347,
1.0,-0.376572410862,
2.76923076923,-0.376572410862,
2.0,-0.785176800829,
2.0,0.25831387488,
1.0,0.25831387488,
3.0,0.25831387488,
2.66666666667,1.10739790871,
0.0,0.459622866677,
2.5,0.708548215553,
1.5,0.267148423032,
0.5,-0.0967279552354,
8.5,1.01926655562,
4.25,0.232087889503,
3.0,0.232087889503,
3.0,0.670993648784,
3.5,-0.393174854584,
2.0,0.0532336887984,
2.14285714286,0.0532336887984,
3.75,1.6716096591,
0.0,-0.216575946207,
3.0,-0.660499588923,
1.0,-0.660499588923,
-1.0,-0.660499588923,
0.0,-0.660499588923,
9.0,-0.660499588923,
0.0,-0.567961390739,
4.0,-0.567961390739,
1.0,-0.567961390739,
0.0,-0.0293281714681,
4.0,-0.0293281714681,
3.0,0.196440274696,
-1.5,0.196440274696,
1.0,-0.836949654197,
0.0,-0.836949654197,
2.6875,-0.836949654197,
0.0,-0.275342633214,
0.5,-0.275342633214,
4.2,1.33334538731,
3.0,1.33334538731,
5.5,1.33334538731,
2.0,-0.687946093228,
-1.0,0.267440242407,
1.66666666667,0.267440242407,
0.0,0.267440242407,
2.85714285714,0.267440242407,
1.0,0.267440242407,
1.0,0.267440242407,
0.0,0.267440242407,
2.42857142857,-0.0641678930859,
4.33333333333,0.153471833279,
1.66666666667,0.153471833279,
0.333333333333,1.35402790215,
0.4,1.35402790215,
1.75,1.35402790215,
1.8,1.35402790215,
0.0,1.35402790215,
0.428571428571,-0.213274469311,
1.8,-0.213274469311,
0.5,-0.348811567609,
0.5,0.320851056407,
0.222222222222,-0.553209063889,
1.5,0.0741434318978,
0.25,0.413043931444,
1.0,0.548170627477,
1.4,-0.584971455733,
1.42857142857,-0.584971455733,
2.5,0.692095339301,
0.75,0.692095339301,
0.0,0.614754106694,
-0.4,0.0109485205727,
2.66666666667,0.0109485205727,
1.44444444444,0.477689283529,
1.5,0.477689283529,
0.666666666667,0.343401856716,
1.0,0.343401856716,
0.0,-0.999644984209,
2.0,-1.04392969656,
0.75,-0.923609018972,
3.0,-0.923609018972,
-2.66666666667,-0.923609018972,
0.0,-0.923609018972,
1.0,0.752737809282,
0.0,0.752737809282,
-0.5,-0.396291604842,
7.66666666667,-0.396291604842,
2.66666666667,-0.396291604842,
8.0,0.208107729769,
2.0,0.208107729769,
2.66666666667,0.208107729769,
6.0,0.208107729769,
2.0,-0.708474782151,
1.5,-0.708474782151,
2.66666666667,-0.708474782151,
2.0,-0.708474782151,
3.0,-0.708474782151,
3.0,-0.708474782151,
0.0,-0.708474782151,
2.33333333333,-0.708474782151,
3.0,-0.708474782151,
3.66666666667,0.355457912695,
0.0,-0.108188818477,
2.0,-0.761114207503,
2.66666666667,-0.761114207503,
1.5,-0.761114207503,
2.66666666667,-0.761114207503,
0.6,-0.761114207503,
11.0,-0.761114207503,
1.66666666667,-0.761114207503,
0.0,-0.761114207503,
1.33333333333,-0.761114207503,
1.66666666667,0.302308048532,
3.33333333333,0.302308048532,
-0.333333333333,0.302308048532,
1.0,0.302308048532,
6.0,0.302308048532,
0.0,0.302308048532,
0.0,-0.0273605414931,
2.0,0.578725673473,
4.0,0.578725673473,
4.0,0.578725673473,
6.0,0.578725673473,
5.0,1.03500775553,
-3.0,1.03500775553,
3.0,-0.392722052892,
4.33333333333,-0.392722052892,
3.0,-0.392722052892,
11.0,-0.392722052892,
3.33333333333,-0.392722052892,
3.5,-0.721772858461,
3.0,-0.721772858461,
0.0,-1.00773975555,
0.857142857143,-1.29433668826,
0.0,0.897139069024,
3.5,0.142694704665,
2.0,-0.484332914855,
3.66666666667,2.72847771587,
1.5,0.0447280231599,
3.66666666667,-0.352266411391,
2.33333333333,-0.225117703692,
1.0,0.351827206225,
0.0,0.351827206225,
2.0,0.00401429468795,
-1.0,0.311324746654,
1.6,0.311324746654,
0.0,0.311324746654,
4.0,-0.470040790875,
9.0,-0.106431405197,
2.78571428571,-0.106431405197,
4.1875,0.350972714472,
2.36363636364,0.350972714472,
4.0,0.866825491057,
2.54545454545,0.866825491057,
1.6875,0.866825491057,
4.73076923077,-1.75133191839,
0.5625,-1.75133191839,
1.6875,0.379447074842,
3.69230769231,0.379447074842,
1.85714285714,0.379447074842,
3.42857142857,-0.645090497092,
5.0,-0.645090497092,
1.5,-0.645090497092,
6.0,-0.645090497092,
0.0,-0.0499395832866,
2.5,0.515553431698,
3.125,0.515553431698,
-2.25,-1.10796585411,
1.78571428571,1.57594626454,
5.16666666667,-1.06878642422,
1.33333333333,-1.06878642422,
0.0,-1.06878642422,
2.75,0.494790471172,
2.16666666667,0.494790471172,
2.8,0.0304568028187,
2.42857142857,0.0304568028187,
5.08333333333,0.0304568028187,
-0.666666666667,0.0304568028187,
2.33333333333,-0.345550662034,
1.0,-0.28046310404,
-2.0,-0.189108630194,
-0.333333333333,-0.189108630194,
0.0,0.798750864493,
7.0,0.798750864493,
0.0,0.775251258757,
3.0,-1.51813500432,
0.0,-1.51813500432,
6.0,-0.694254571655,
-1.33333333333,-0.380442274443,
-0.166666666667,-0.686260697026,
0.0,0.0397193017689,
1.28571428571,-0.268343639915,
4.0,-0.268343639915,
0.0,-0.268343639915,
-0.5,-0.268343639915,
-0.166666666667,-0.268343639915,
0.0,2.49324397389,
2.0,1.65208550838,
0.666666666667,-0.928413227061,
2.33333333333,-0.132642676679,
1.5,-0.200652810697,
1.0,0.0966764845583,
2.5,-0.00686537388639,
5.0,0.729652466384,
2.0,2.18290829329,
0.0,-0.365274232362,
1.5,-0.365274232362,
6.0,-0.729761068013,
2.66666666667,-0.729761068013,
1.5,-0.729761068013,
0.0,0.237719189522,
2.66666666667,0.237719189522,
0.6,-0.359674874746,
1.0,-0.359674874746,
4.5,1.21146916839,
6.5,1.04306055755,
0.0,1.38470144161,
0.0,1.38470144161,
7.5,1.38470144161,
4.0,-1.20961543909,
1.0,-1.05480929748,
3.33333333333,-0.535852779186,
4.0,-0.126500805817,
0.5,-1.89599965324,
7.0,-1.21124005207,
3.0,1.73841209552,
0.0,-0.939147645763,
6.75,-0.209417438811,
2.0,0.638866179514,
4.5,0.638866179514,
1.0,0.638866179514,
12.0,0.638866179514,
1.0,0.638866179514,
1.28571428571,0.490892771553,
1.0,0.490892771553,
-1.0,0.490892771553,
4.25,0.490892771553,
9.0,0.0854715526081,
-1.0,0.0854715526081,
4.33333333333,-0.651745544176,
2.5,-0.681972678645,
3.14285714286,-0.526382688177,
4.0,-0.526382688177,
2.0,-0.526382688177,
5.0,-0.526382688177,
4.5,-0.526382688177,
4.5,-0.794774524192,
1.8125,0.338084874949,
1.0,0.509162654324,
1.0,0.509162654324,
6.28571428571,0.729210520984,
1.8,0.729210520984,
0.833333333333,-0.654140822293,
2.0,-0.654140822293,
3.0,-0.928273259598,
3.75,-0.946735013669,
4.2,-0.946735013669,
4.5,-0.946735013669,
1.0,0.890203671401,
5.0,0.312927480127,
1.5,1.81141377001,
2.5,-0.415363236039,
3.66666666667,-0.415363236039,
1.5,0.183856410955,
1.66666666667,0.256529355177,
5.25,-0.84578604556,
0.0,0.477335015085,
5.0,-0.39489110158,
3.0,-0.39489110158,
4.0,-0.848052913246,
0.0,-1.174380417,
4.0,0.944568360306,
1.33333333333,0.944568360306,
1.33333333333,0.944568360306,
0.0,-1.1650306172,
0.0,-0.373158382098,
12.0,1.80054929873,
0.625,-0.829900161634,
1.5,-0.0274974758719,
4.75,-0.899754221585,
3.25,-0.899754221585,
2.42857142857,1.8367664771,
3.5,0.323110409288,
0.0,0.363489443912,
5.0,0.0266134559869,
8.0,-1.12987458801,
2.0,1.24282652376,
2.66666666667,-0.836054346212,
0.0,0.386975249678,
2.0,0.784892484435,
1.0,-0.546684349762,
13.0,0.575163738967,
0.0,-0.172180574249,
3.0,-0.172180574249,
0.0,-0.172180574249,
0.25,-0.994697357962,
6.0,-0.264105898575,
-0.125,-0.264105898575,
3.25,-0.264105898575,
2.0,-0.264105898575,
0.5,-0.264105898575,
-1.0,1.0970753117,
3.0,1.0970753117,
0.5,1.0970753117,
0.333333333333,1.0970753117,
2.5,1.0970753117,
0.0,1.0970753117,
0.5,0.586886435484,
1.1875,0.586886435484,
0.564516129032,0.586886435484,
0.8,0.586886435484,
5.5,0.586886435484,
2.85714285714,-0.535952258692,
0.0666666666667,-0.535952258692,
0.0,-1.48836115663,
3.0,0.0940125049273,
0.166666666667,-0.507628681266,
0.0,0.230900097828,
0.0,-0.675062105515,
2.0,0.60068837309,
2.4,0.130777034385,
1.27272727273,0.130777034385,
2.0,0.130777034385,
-2.0,0.130777034385,
1.57142857143,0.130777034385,
0.714285714286,0.130777034385,
-0.166666666667,2.40527695675,
3.0,2.40527695675,
-0.25,2.40527695675,
3.5,2.40527695675,
1.1875,-0.450734574558,
2.3,0.11208808218,
1.71428571429,1.15615717538,
2.3,0.313844172506,
1.33333333333,-0.409859329971,
2.27272727273,-0.410880603236,
2.75,0.568154271562,
2.18181818182,0.568154271562,
3.25,0.0711566008406,
0.0,1.97560971407,
1.28571428571,-0.871769815914,
0.625,-0.340317311552,
0.75,0.504127017702,
1.07692307692,0.194337491517,
1.77777777778,0.194337491517,
1.83333333333,0.194337491517,
2.0,0.194337491517,
3.15384615385,-0.500058227592,
2.45454545455,-0.738546523653,
2.125,-0.738546523653,
4.6,-0.738546523653,
2.71428571429,-0.738546523653,
5.33333333333,0.989616206101,
2.0,-0.93630529938,
7.33333333333,-0.93630529938,
3.0,-0.587207294539,
1.9,-0.587207294539,
4.0,-0.587207294539,
4.0,-0.702460628241,
4.0,0.855055371981,
4.0,0.855055371981,
1.5,1.31302106647,
3.0,1.31302106647,
3.5,0.451461836889,
3.33333333333,0.451461836889,
1.5,-0.621959600568,
0.0,-0.621959600568,
2.88888888889,-1.15048776208,
6.66666666667,-0.103636490546,
8.0,-0.0684601693656,
1.0,3.24219170666,
3.5,3.24219170666,
1.5,3.24219170666,
1.5,0.630143950634,
1.0,-0.752907225676,
3.0,-1.69352635887,
6.5,0.062678863085,
0.0,-0.474126084695,
0.0,-0.474126084695,
1.0,-0.474126084695,
8.375,0.502180231463,
5.0,0.574853175684,
4.6,-0.622651462547,
3.5,-0.93049496428,
0.0,-0.448547514967,
1.0,0.154956804158,
4.0,-0.575241555944,
2.0,-0.575241555944,
5.0,0.269708161964,
4.0,0.269708161964,
7.0,-1.20594421664,
8.0,-1.20594421664,
3.0,-0.648156068911,
6.0,-0.648156068911,
5.0,-0.650599139717,
4.25,1.12634584904,
-3.0,-0.403368766386,
1.0,-0.255126134837,
6.0,-0.255126134837,
2.33333333333,1.22506026023,
-1.66666666667,1.22506026023,
5.5,1.01915064963,
1.0,1.01915064963,
5.0,1.01915064963,
2.0,1.16585538952,
1.33333333333,0.207545888698,
0.0,0.287437709566,
1.66666666667,0.899432782527,
6.0,0.899432782527,
0.0,0.0742844898829,
2.0,1.15371144169,
3.66666666667,0.434581888702,
0.55,-0.99751083502,
1.0,-0.99751083502,
0.0,-0.261140175349,
0.0,-0.0851756014976,
0.5,1.4434618747,
1.0,0.390257284493,
-0.375,0.0295949808328,
3.0,-0.33705301896,
0.0,-0.33705301896,
-0.375,-0.33705301896,
1.71428571429,0.683572507777,
1.0,0.683572507777,
2.88888888889,-0.134014739066,
1.5,-0.134014739066,
1.33333333333,-0.134014739066,
6.0,-0.35948880493,
0.833333333333,0.56193478115,
0.0,0.56193478115,
0.75,1.37651136662,
2.66666666667,-0.561662627873,
1.0,-1.13205319417,
1.0,0.659545340586,
1.66666666667,1.00004747952,
0.5,-1.15603188892,
0.0,-0.571562399366,
1.33333333333,-0.571562399366,
0.5,0.235491708005,
2.0,0.235491708005,
2.75,-0.554367064558,
1.0,-0.554367064558,
2.28571428571,-0.554367064558,
1.5,-0.554367064558,
0.0,-0.554367064558,
0.0,-0.250424507473,
1.25,-0.706741961208,
1.4,-0.706741961208,
4.5,-0.707819873506,
0.714285714286,-0.707819873506,
0.833333333333,-0.707819873506,
1.8125,-0.213212335523,
1.375,-0.213212335523,
2.0,-0.213212335523,
1.66666666667,-0.213212335523,
2.5,0.706975991571,
1.0,-0.0387880645215,
1.44444444444,-0.0387880645215,
2.14285714286,-0.0387880645215,
2.08108108108,0.403503156053,
1.33333333333,0.403503156053,
2.8,0.403503156053,
-0.666666666667,0.403503156053,
2.33333333333,1.39143113702,
2.4,-0.136389714485,
0.0,-0.136389714485,
2.0,-1.0597951102,
4.0,-1.0597951102,
-0.6,-1.0597951102,
2.0,-1.0597951102,
2.0,0.289346321718,
0.8,1.05739604206,
2.0,1.19301242434,
0.0,-0.448942222189,
1.0,-0.452521916757,
1.5,-0.530522847081,
1.26315789474,-0.190398775529,
0.826086956522,-0.0929645787556,
1.5,-0.269624125742,
1.83333333333,-0.269624125742,
1.16666666667,-1.21031773474,
1.8,0.907186936286,
3.5,0.907186936286,
1.875,0.907186936286,
-0.142857142857,0.907186936286,
1.71428571429,0.907186936286,
2.0,1.87844288903,
1.66666666667,-0.0761485190266,
2.5,-0.864714295356,
0.5,-0.864714295356,
8.0,-0.197281773507,
0.0,-0.648811319363,
0.0,-0.648811319363,
1.0,0.020604307991,
1.5,0.020604307991,
0.0,0.020604307991,
1.0,0.020604307991,
0.0,0.214780427181,
0.0,0.214780427181,
2.0,0.1080318104,
0.0,1.0238078278,
3.0,1.0238078278,
0.0,-0.900849678477,
2.0,-0.900849678477,
1.5,-0.900849678477,
2.66666666667,-0.452265484349,
-0.857142857143,-0.34202637319,
2.25,-0.140270282864,
2.2,-0.140270282864,
3.625,-0.864995058605,
1.77227722772,0.707667739963,
0.0,-0.604442291289,
0.8,0.606129392299,
1.5,0.149175507089,
2.66666666667,0.949390035535,
4.0,-0.992310024317,
4.0,0.348098900911,
-1.66666666667,-1.20660625888,
4.0,0.464392172088,
-0.2,1.96837126479,
2.16666666667,0.220655188278,
1.55555555556,0.220655188278,
4.5,-1.03100927928,
11.0,0.457463683638,
5.0,0.457463683638,
6.5,-0.518313424355,
1.5,-0.420943001987,
1.33333333333,0.93771714372,
3.2,-0.225696325291,
2.125,-0.225696325291,
1.33333333333,1.32868177612,
4.0,1.32868177612,
2.125,0.230988655152,
2.0,0.230988655152,
2.5,0.248564944021,
3.0,0.0124793833535,
5.33333333333,0.711037263669,
0.0,-0.331785078631,
2.83333333333,-0.331785078631,
1.0,0.260345588662,
1.0,0.260345588662,
4.16666666667,-0.960045345382,
7.75,-0.450477433409,
-1.0,-0.450477433409,
3.8,0.561732445013,
3.0,0.561732445013,
2.5,-0.295359254664,
1.66666666667,0.296549014206,
2.5,-0.541902553179,
3.0,-0.541902553179,
5.33333333333,-0.530373790041,
1.5,-0.530373790041,
1.2,-0.530373790041,
0.666666666667,-0.530373790041,
0.666666666667,0.336599447457,
3.57142857143,0.336599447457,
-1.0,0.336599447457,
3.0,0.336599447457,
0.0,0.336599447457,
1.2,0.336599447457,
0.0,0.336599447457,
0.0,0.336599447457,
1.0,0.336599447457,
4.0,0.336599447457,
3.0,-0.0532058811618,
3.0,-0.0532058811618,
0.75,0.428430236627,
-3.0,0.428430236627,
3.0,0.428430236627,
1.5,0.428430236627,
-3.0,0.428430236627,
0.0,0.428430236627,
6.0,0.428430236627,
2.5,0.428430236627,
1.0,0.428430236627,
0.111111111111,0.428430236627,
2.22222222222,-0.711823802922,
0.8,-0.711823802922,
2.0,-0.711823802922,
1.5,-0.711823802922,
0.833333333333,-0.711823802922,
6.0,-0.711823802922,
-1.0,-0.711823802922,
0.0,-0.711823802922,
2.0,-0.711823802922,
0.555555555556,-0.711823802922,
3.22727272727,1.70887082955,
2.0,-0.412078204081,
3.5,-0.412078204081,
2.0,-0.412078204081,
5.0,-0.412078204081,
6.0,-0.83381374757,
1.57142857143,-0.83381374757,
2.25,-0.578005235329,
-0.25,-0.578005235329,
4.66666666667,0.868624481066,
2.25,0.868624481066,
5.0,-1.20870789602,
4.0,-1.20870789602,
3.0,-1.20870789602,
1.5,-0.330449581688,
2.64705882353,-0.330449581688,
0.2,-0.330449581688,
0.0,2.73764646242,
3.28571428571,-1.0333364172,
1.0,-0.0184973202367,
5.0,0.673233151156,
1.44444444444,-0.482135187681,
1.83333333333,-0.510327654819,
1.83333333333,-0.510327654819,
3.54545454545,-0.175958384075,
2.5,0.627027257276,
0.2,0.627027257276,
4.09523809524,0.225698967667,
0.0,1.41332582381,
2.41666666667,1.41332582381,
1.0,1.41332582381,
3.90909090909,0.107609915079,
0.0,0.411990544495,
6.0,-0.761396974854,
2.92105263158,-0.0193449198171,
7.0,-1.18201475902,
0.0,-1.18201475902,
2.8,-0.652177958872,
0.0,-0.575783191252,
2.25,-0.575783191252,
1.0,-0.880401486345,
12.0,0.181777610211,
0.0,-0.752542301806,
0.0,-0.752542301806,
0.0,0.298304488132,
-1.0,0.298304488132,
2.25,-0.582718357831,
0.0,-0.582718357831,
0.0,-0.215026287191,
-0.333333333333,0.529858804108,
0.0,0.0521679279111,
2.55555555556,0.247419200028,
3.0,0.247419200028,
2.375,-0.710864436523,
0.833333333333,1.45568863071,
0.0,-0.050065645891,
2.0,1.27515373816,
0.0,1.06924412756,
4.0,0.631127464178,
1.2,0.631127464178,
4.5,-0.155851124869,
6.0,-0.155851124869,
0.333333333333,-1.11375666264,
0.0,-0.15291225817,
0.0,-0.15291225817,
2.0,-0.15291225817,
5.0,-0.772821296058,
8.0,-0.772821296058,
2.6,-0.901930954601,
4.0,1.26328005793,
10.0,1.23216929916,
0.0,1.23216929916,
0.0,0.160252885343,
7.0,-0.49051690091,
4.0,-0.49051690091,
4.0,-0.49051690091,
4.0,0.98239495739,
1.5,0.98239495739,
2.2,2.49511516184,
2.33333333333,-0.028326243492,
1.5,-0.028326243492,
0.0,-0.256264563279,
3.0,-0.749929577972,
4.0,-0.54027676951,
1.5,-0.54027676951,
2.0,-0.54027676951,
0.0,-0.637341028446,
3.0,-0.989842075179,
0.0,0.158104014271,
1.4,-0.785280601508,
0.0,-0.0800705158488,
1.16666666667,0.131208413171,
3.0,0.247058505004,
2.5,-0.233278422481,
-1.0,0.619450477248,
1.4,0.619450477248,
1.0,0.619450477248,
0.0,0.619450477248,
0.0,-0.329254455116,
1.0,0.37958362325,
0.0,-0.183662395821,
1.125,-0.183662395821,
0.5,-0.183662395821,
0.0,-0.183662395821,
0.571428571429,0.53105284284,
1.75,0.541025779862,
0.75,-0.714145344366,
1.6,-0.714145344366,
2.4,-0.394090219675,
1.66666666667,-0.064157232299,
0.388888888889,-0.673607355708,
0.0,-0.673607355708,
2.0,-0.478784607941,
1.75,-1.71359972847,
4.0,1.04552765933,
-0.25,1.04552765933,
2.5,1.04552765933,
2.53333333333,1.04552765933,
2.25,0.12037689712,
7.0,0.363284631741,
3.66666666667,0.363284631741,
2.16666666667,1.00502519976,
0.916666666667,-0.971891315555,
0.3,-0.971891315555,
0.666666666667,0.660008859508,
0.0,2.82931318149,
0.666666666667,2.82931318149,
0.6,-0.285973940298,
-0.5,-0.285973940298,
0.625,0.592600783879,
0.4,-0.429074730279,
1.42857142857,-0.813482657748,
0.0,-0.813482657748,
0.117647058824,-0.813482657748,
0.25,0.113232261913,
0.0,0.113232261913,
0.0,-0.852384790854,
0.75,-0.904898572044,
0.5,0.526686637367,
1.0,0.0991559557191,
1.33333333333,0.0991559557191,
0.0,-0.274428089444,
0.0,-0.64652747115,
0.0,-0.64652747115,
0.0,0.655151256195,
1.0,0.655151256195,
0.0,-1.15733873947,
-0.0666666666667,-1.15733873947,
0.0,-1.15733873947,
0.0,-0.454559486243,
1.0,1.71538987635,
2.0,1.71538987635,
0.333333333333,1.71538987635,
0.8,1.71538987635,
1.4,1.71538987635,
2.25,1.71538987635,
0.916666666667,1.71538987635,
0.4,1.71538987635,
1.66666666667,1.71538987635,
-0.714285714286,1.71538987635,
0.4,1.71538987635,
0.5,1.71538987635,
-0.333333333333,1.71538987635,
0.125,1.71538987635,
0.2,1.71538987635,
1.875,1.71538987635,
1.4,1.71538987635,
0.333333333333,1.71538987635,
0.555555555556,1.71538987635,
0.142857142857,1.71538987635,
1.66666666667,1.71538987635,
0.727272727273,1.71538987635,
-1.78571428571,1.71538987635,
0.777777777778,1.71538987635,
1.0,1.71538987635,
-0.4,1.71538987635,
1.0,1.71538987635,
0.25,1.71538987635,
0.5,1.71538987635,
1.5,1.71538987635,
0.333333333333,1.71538987635,
1.0,0.660657425998,
0.5,0.660657425998,
0.0,0.660657425998,
0.0,1.16627465519,
1.0,0.113070064987,
0.666666666667,-1.53199410323,
4.0,-1.53199410323,
2.0,2.00569227767,
4.0,-0.118756084565,
0.0,-0.118756084565,
2.0,-0.905842486991,
0.0,-0.173116438703,
6.0,-0.898209129122,
1.66666666667,0.0922731179991,
1.0,0.866033893141,
1.66666666667,0.266849838702,
3.0,-1.09626234678,
2.5,-1.09626234678,
2.0,0.0399179435401,
0.0,-0.791042127598,
0.0,1.53348559506,
0.0,1.53348559506,
1.0,0.108310232028,
0.714285714286,-0.336671750971,
1.0,-0.336671750971,
0.0,-0.336671750971,
0.0,-0.336671750971,
7.0,-0.370516072149,
6.0,-1.32927456552,
1.5,-1.32927456552,
4.6,-1.32927456552,
4.0,-0.875330842867,
0.0,0.484747310778,
4.5,0.484747310778,
3.0,0.188407870767,
1.66666666667,0.698991966323,
0.0,1.12983579124,
6.0,-0.54230307029,
0.857142857143,-0.54230307029,
3.66666666667,-0.626704776194,
-1.0,-0.626704776194,
1.66666666667,0.236767397884,
2.42857142857,0.221698475521,
0.0,0.221698475521,
-5.0,-0.0111838673773,
0.0,0.115964840322,
0.0,0.115964840322,
-0.666666666667,0.836486759668,
3.5,-0.646757531474,
3.0,-0.646757531474,
0.0,0.186160253878,
3.0,0.402221728906,
1.75,-1.08085062181,
3.0,0.223455330978,
0.0,0.223455330978,
4.0,1.04006701653,
5.0,0.105896288085,
2.36363636364,-0.571299318948,
0.0,0.0533150375681,
1.0,0.956030574434,
6.0,0.956030574434,
2.0,0.956030574434,
1.0,0.956030574434,
4.0,0.579710722398,
3.0,-1.37849457318,
5.0,-0.47095698599,
3.0,-0.47095698599,
4.5,0.742001023917,
4.0,-1.29722348579,
1.0,-1.02781821649,
0.0,-1.16464000776,
-0.5,2.3231284036,
3.33333333333,-0.254938318226,
3.0,1.1311640508,
4.5,1.1311640508,
2.5,-0.908504646291,
3.0,-0.908504646291,
4.0,0.602643078696,
3.5,-0.850797155016,
7.0,-0.502738953481,
6.0,-0.701810870992,
2.0,-0.701810870992,
4.0,-0.701810870992,
5.5,0.188617132109,
1.5,0.188617132109,
1.0,0.188617132109,
0.0,0.188617132109,
4.5,-0.268371446811,
1.0,-0.268371446811,
2.6,-0.268371446811,
0.666666666667,-0.165859167853,
5.0,-0.828771610169,
5.0,-0.828771610169,
5.0,0.414726485545,
1.0,0.853539953149,
1.25,0.853539953149,
5.66666666667,0.462392949319,
-2.0,0.462392949319,
0.4,-0.355160816514,
-1.0,-0.355160816514,
0.0,1.51363244499,
1.33333333333,-1.00474923797,
2.33333333333,-1.00474923797,
2.4,-0.358740511082,
4.0,-0.358740511082,
4.5,-0.358740511082,
4.2,-0.358740511082,
1.0,-0.622972227935,
0.4,-0.622972227935,
5.0,0.4278910747,
3.33333333333,0.4278910747,
6.0,-1.07223865331,
-1.0,0.0894937203994,
1.5,0.0894937203994,
0.0,0.0278494759454,
2.0,-0.205596724554,
5.0,-0.0309053381563,
3.5,0.0546043123464,
1.5,-0.428112920893,
5.4,-0.428112920893,
5.42857142857,-1.2490045489,
2.66666666667,-1.2490045489,
2.5,0.898710905315,
2.33333333333,0.673421242506,
4.0,0.0506304605493,
0.0,-0.380734342507,
0.0,1.2421061718,
1.5,1.2421061718,
4.0,1.2421061718,
4.5,0.551744666194,
2.0,0.524685468164,
1.33333333333,0.360573376512,
3.0,-0.537671706434,
4.63636363636,-0.537671706434,
2.25,0.149541623637,
1.66666666667,0.149541623637,
4.0,0.149541623637,
2.17391304348,0.149541623637,
1.0,-0.32219990674,
1.875,-0.349953288647,
4.4,0.82161361373,
0.0,-0.906923019343,
2.0,-1.18751302657,
2.5,0.622600941503,
3.25,-0.705475822496,
1.23076923077,-0.108688232698,
2.5,-0.108688232698,
0.2,0.989314947063,
2.0,1.39358432369,
2.6,-1.65644074116,
1.25,-1.65644074116,
6.0,2.11929264883,
2.0,0.192862368264,
3.0,-0.959297051929,
3.0,-0.959297051929,
3.0,-0.959297051929,
4.5,0.30159509816,
3.0,-0.601892281661,
1.5,0.515725511026,
1.33333333333,0.946461635756,
3.0,1.88613227222,
7.0,1.88613227222,
3.0,-0.190535707162,
0.0,-0.190535707162,
2.66666666667,-0.190535707162,
1.0,-0.190535707162,
1.91666666667,0.817491460414,
-0.25,0.817491460414,
2.4,1.51529219884,
3.2,0.188341851833,
16.0,-0.0593030984904,
2.25,1.11736197878,
2.0,-0.541564345159,
4.0,-0.3619512504,
4.5,-0.3619512504,
1.75,-0.3619512504,
5.5,-0.778351252109,
2.4,-0.778351252109,
2.75,0.123468881236,
2.0,1.5680183761,
4.7,-1.49562751894,
0.0,-0.740078275204,
3.0,-0.740078275204,
8.25,-0.740078275204,
3.42857142857,-0.983458270031,
3.25,-1.03000699268,
5.0,-1.03000699268,
1.83333333333,0.0835195695395,
5.5,-1.21332348994,
2.25,0.019990525438,
5.88888888889,1.40398143018,
-2.0,1.40398143018,
1.0,1.40398143018,
5.0,1.40398143018,
5.0,1.40398143018,
5.5,0.941910502196,
4.75,0.941910502196,
2.0,0.941910502196,
5.5,0.941910502196,
6.0,0.941910502196,
8.0,0.941910502196,
3.0,0.941910502196,
0.75,0.941910502196,
6.5,-1.79451464181,
1.66666666667,-1.79451464181,
1.33333333333,-0.169681543016,
1.5,0.120967087875,
10.0,0.120967087875,
6.0,0.120967087875,
3.0,1.23254928044,
2.66666666667,1.23254928044,
4.5,1.23254928044,
1.0,1.23254928044,
6.5,1.23254928044,
2.0,0.235951667268,
3.0,-0.373512928968,
5.0,0.0905388763987,
0.0,-0.633751911424,
2.0,-0.633751911424,
6.0,-0.633751911424,
4.5,-0.633751911424,
-0.666666666667,-0.633751911424,
3.5,-0.633751911424,
7.0,-0.633751911424,
2.5,-0.633751911424,
1.5,-0.839800376316,
0.0,0.711167670884,
4.25,-0.352738239957,
2.5,-0.352738239957,
0.0,-0.239657553576,
0.0,-0.239657553576,
4.5,-0.239657553576,
0.0,-0.239657553576,
2.8,-0.239657553576,
4.5,-0.239657553576,
5.0,0.20302189044,
2.0,0.20302189044,
7.5,0.20302189044,
2.0,0.20302189044,
1.0,0.20302189044,
0.666666666667,0.20302189044,
4.2,0.479050653694,
4.0,0.115174275427,
3.0,0.115174275427,
2.66666666667,0.115174275427,
0.0,0.115174275427,
10.0,0.0871397063824,
1.0,0.55119151175,
3.5,0.55119151175,
3.0,0.55119151175,
1.0,-0.262952749378,
5.0,-0.262952749378,
3.0,-0.0562063903674,
3.5,0.542426145449,
-1.0,0.542426145449,
2.33333333333,-0.305142238232,
5.0,-0.305142238232,
0.833333333333,-1.02769452847,
1.75,-0.0741446248183,
1.0,0.417016572623,
3.75,0.417016572623,
1.33333333333,0.417016572623,
3.66666666667,0.417016572623,
0.428571428571,0.276827135203,
1.25,0.276827135203,
-1.5,0.276827135203,
0.428571428571,0.276827135203,
2.0,-0.824518922314,
0.0,-0.824518922314,
0.571428571429,-0.824518922314,
2.25,0.0306905749822,
10.0,0.0306905749822,
5.0,-0.238181507273,
2.0,0.039525123134,
3.0,0.039525123134,
0.5,0.0985935614594,
0.714285714286,0.0985935614594,
-1.5,0.0985935614594,
5.5,0.0985935614594,
0.5,-0.0944435063664,
1.0,-1.00879831144,
1.25,-1.00879831144,
1.75,2.10454940334,
2.0,-0.193212222682,
1.0,0.237188041701,
1.6,0.558731731076,
2.9,0.558731731076,
3.75,0.812313790933,
0.6,-0.878542548315,
3.66666666667,-0.878542548315,
2.33333333333,0.0268703261395,
2.42857142857,0.485783802844,
1.42857142857,0.484274445808,
4.4,-0.956400043655,
3.0,1.49313065856,
2.16666666667,-0.0140887505087,
2.25,-0.0140887505087,
3.25,1.8765789875,
2.25,1.8765789875,
1.0,-0.260114149775,
5.0,-0.260114149775,
3.0,-0.260114149775,
2.0,-0.260114149775,
2.3,0.672743563199,
0.833333333333,-0.574009467838,
5.5,-0.574009467838,
4.44444444444,-0.574009467838,
1.0,-0.37867098146,
2.08333333333,-0.404277177942,
5.16666666667,-0.404277177942,
2.54545454545,0.0652723274972,
2.44444444444,-0.1163381615,
4.25,-0.547402483928,
3.0,-0.437500562829,
1.66666666667,-0.437500562829,
3.22222222222,-0.437500562829,
1.44444444444,-0.437500562829,
3.0,0.0356975960896,
2.5,0.0356975960896,
1.41666666667,-0.972495910677,
2.5,0.816960476107,
2.0,-0.837629222285,
2.16666666667,-0.52693006971,
0.0,0.0730743016555,
3.5,0.0730743016555,
4.0,0.0730743016555,
3.0,0.0730743016555,
3.0,0.0730743016555,
3.0,0.0730743016555,
6.0,0.0730743016555,
0.0,0.0730743016555,
1.5,0.0730743016555,
3.0,0.0730743016555,
2.0,0.0730743016555,
3.0,0.0730743016555,
1.5,0.0730743016555,
0.0,0.0730743016555,
2.0,0.0730743016555,
3.0,0.0730743016555,
2.5,0.0730743016555,
3.0,0.0730743016555,
2.5,0.0730743016555,
0.0,0.0730743016555,
2.42857142857,0.0730743016555,
3.0,0.0730743016555,
4.0,0.0730743016555,
3.0,0.0730743016555,
12.0,0.0730743016555,
4.0,0.0730743016555,
0.0,0.0730743016555,
0.0,0.0730743016555,
-0.111111111111,0.0730743016555,
0.0,0.0730743016555,
0.0,0.0730743016555,
0.0,0.0730743016555,
0.0,0.0730743016555,
2.5,0.0730743016555,
0.0,0.0730743016555,
-0.125,0.0730743016555,
0.166666666667,0.0730743016555,
-0.2,0.0730743016555,
0.0,0.0730743016555,
1.5,0.0730743016555,
3.0,0.0730743016555,
2.0,0.0730743016555,
7.0,0.0730743016555,
7.0,0.0730743016555,
0.0,0.0730743016555,
3.0,0.0730743016555,
2.0,0.0730743016555,
2.0,1.06781918545,
2.0,1.06781918545,
5.0,0.373663570134,
3.0,-0.183143002957,
4.25,-0.183143002957,
7.0,-0.0114194009094,
4.25,-0.497128713627,
2.57142857143,-0.161594548579,
1.0,1.22872126335,
0.0,1.22872126335,
5.0,-0.114896001309,
4.25,0.74377396721,
3.6,1.15111851204,
8.0,-1.05215131393,
2.0,2.31364397135,
1.0,0.341331677465,
-2.0,0.341331677465,
3.0,0.137937483919,
2.33333333333,0.147043167579,
2.0,0.326805757518,
2.5,-0.464418464096,
0.0,-0.929654827225,
-1.0,-1.29932413177,
5.0,-1.29932413177,
3.0,0.30761558312,
5.0,0.0620603376532,
1.66666666667,0.0620603376532,
4.0,0.0620603376532,
2.0,0.966501244324,
0.0,0.966501244324,
0.333333333333,0.966501244324,
0.0,0.966501244324,
2.25,0.0990138624646,
0.0,-1.25244951562,
0.0,0.123319798689,
6.0,-0.744120655771,
6.0,-0.744120655771,
0.0,-0.744120655771,
0.0,0.824102119065,
1.0,-0.0473706463211,
1.5,-0.0473706463211,
2.0,0.731390125249,
0.0,-1.27258569366,
7.0,0.176934911226,
0.0,-1.66671920129,
4.23529411765,-0.681051284957,
3.66666666667,0.258708959441,
3.5,-1.31955262877,
2.0,-0.186904811579,
1.28571428571,-0.186904811579,
4.0,-0.543453450056,
4.66666666667,1.25858951389,
2.8,-0.303875628564,
1.44444444444,-0.436492694641,
2.5,2.3698627749,
2.55555555556,2.3698627749,
2.0,-0.483582659558,
1.25,-0.483582659558,
1.33333333333,-0.483582659558,
2.0,-0.483582659558,
5.0,0.45383248929,
1.0,1.23773921115,
1.83333333333,-0.783311381627,
-0.5,-0.783311381627,
3.0,-0.783311381627,
1.85714285714,0.0404025978213,
2.4,0.0404025978213,
1.71428571429,0.0404025978213,
0.5,-0.554072515333,
1.8,-0.554072515333,
0.25,0.0895956744206,
1.0,-0.864596047607,
2.33333333333,-0.864596047607,
1.5,0.163984861545,
3.0,0.304813846478,
2.0,-0.577135195931,
0.25,0.370232161426,
1.17647058824,0.370232161426,
2.0,0.370232161426,
2.66666666667,0.370232161426,
1.0,0.370232161426,
2.4,-0.668834556702,
1.2,0.518817446501,
1.0,0.518817446501,
2.5,0.518817446501,
2.66666666667,0.518817446501,
2.42857142857,0.518817446501,
1.0,-0.541015588221,
5.0,-0.541015588221,
3.0,-0.541015588221,
0.0,-0.246817294339,
11.0,-1.21217507446,
-9.0,-1.21217507446,
6.0,-1.21217507446,
4.0,-1.06571964022,
2.5,1.29909053711,
4.0,1.59919143753,
2.5,1.59919143753,
2.5,1.59919143753,
5.0,-1.72801740075,
2.0,-1.14138248906,
0.0,-1.14138248906,
0.0,-1.14138248906,
2.75,-1.14138248906,
4.625,-1.14138248906,
1.16666666667,-1.14138248906,
1.5,-1.14138248906,
3.8,-1.14138248906,
2.375,-1.14138248906,
1.6,-1.14138248906,
0.0,-1.14138248906,
0.0,-1.14138248906,
1.5,-1.14138248906,
0.0,-1.14138248906,
1.0,-1.14138248906,
10.0,-1.14138248906,
2.4,-1.14138248906,
0.0,-1.14138248906,
0.0,-1.14138248906,
1.28571428571,-1.14138248906,
1.0,-1.14138248906,
2.8,-1.14138248906,
12.0,-1.14138248906,
2.0,-1.14138248906,
1.77777777778,-1.14138248906,
2.5,-1.14138248906,
2.125,-1.14138248906,
-0.3,-1.14138248906,
1.875,-1.14138248906,
0.0,-1.14138248906,
0.0,-1.14138248906,
0.0,-1.14138248906,
2.6,-1.14138248906,
1.0,-1.14138248906,
3.2,-1.14138248906,
4.0,-1.14138248906,
2.16666666667,-1.14138248906,
1.5,-1.14138248906,
3.0,0.0,
2.0,0.0,
0.0,0.0,
2.0,0.0,
0.625,0.0,
3.0,0.0,
3.5,0.0,
1.66666666667,0.0,
0.0,0.0,
10.0,0.0,
2.5,0.0,
0.0,0.0,
2.66666666667,0.0,
8.0,0.0,
2.66666666667,0.0,
5.0,0.0,
3.33333333333,0.0,
-4.0,0.0,
0.0,0.0,
4.0,0.0,
0.0,0.0,
0.0,0.0,
0.0,0.0,
1.75,0.0,
4.0,0.0,
1.0,0.0,
-2.0,0.0,
3.0,0.0,
2.0,0.0,
2.0,0.0,
4.0,0.0,
1.5,0.0,
5.0,0.0,
5.0,0.0,
6.0,0.0,
4.0,0.0,
6.0,0.0,
0.0,0.0,
0.5,0.0,
2.25,0.0,
3.0,0.0,
1.0,0.0,
0.0,1.50283973658,
1.5,1.50283973658,
1.33333333333,1.50283973658,
2.5,-0.0314391876707,
5.0,-0.0314391876707,
4.0,-0.0314391876707,
1.0,0.201857906351,
0.0,-0.522686803225,
-0.5,-0.624597793234,
3.0,-2.00370838939,
3.0,-0.597248453582,
4.0,-0.235997406596,
4.5,-0.0692963453584,
6.0,0.571202289831,
2.33333333333,0.785383687487,
7.0,-1.10315088089,
0.0,-1.10315088089,
2.75,-0.477589791525,
3.0,-0.477589791525,
2.0,-0.477589791525,
0.0,-1.5764180618,
0.0,-1.5764180618,
4.0,-0.663306150039,
5.0,-0.663306150039,
-0.333333333333,-0.663306150039,
0.0,0.306223681114,
0.5,0.306223681114,
0.0,-0.238371483933,
3.0,-1.08879524144,
1.5,-1.08879524144,
0.0,0.385807000587,
2.0,1.15093799354,
1.5,1.15093799354,
1.6,1.15093799354,
0.0,1.15093799354,
1.5,1.15093799354,
4.5,0.264058381723,
2.42857142857,-0.552331337507,
1.55555555556,-0.552331337507,
4.0,0.217636221749,
2.0,0.40684373914,
1.22222222222,-0.444429253838,
0.0,0.682461102798,
3.0,-0.556813748148,
7.5,-0.556813748148,
2.0,0.581550035008,
2.5,0.581550035008,
2.0,0.581550035008,
5.5,-0.404777990559,
4.0,-1.60542893952,
3.28,-1.60542893952,
0.0,-1.60542893952,
0.0,-0.57777601603,
1.5,-0.57777601603,
8.0,-1.6530990147,
2.0,0.131165158997,
0.0,0.131165158997,
5.0,0.30239972002,
7.0,-0.265413855413,
2.0,0.485171699747,
0.0,-1.26959105689,
4.0,0.882834554321,
1.66666666667,0.230435382104,
9.0,-0.66830417417,
0.0,-0.649628962566,
4.0,1.11032740542,
4.5,-0.158591359922,
3.8,0.793618857709,
2.66666666667,0.793618857709,
0.0,0.651219472051,
-0.4,0.651219472051,
1.0,0.651219472051,
1.44444444444,0.651219472051,
1.9375,-0.378013425296,
1.0,-0.378013425296,
3.13333333333,-0.378013425296,
-2.66666666667,-0.378013425296,
0.75,-0.378013425296,
-2.0,-0.378013425296,
0.375,-1.14091758031,
3.0,3.36135406501,
-0.125,0.41612740822,
-0.333333333333,0.41612740822,
1.71428571429,-0.21785384772,
1.0,-0.21785384772,
3.0,-0.21785384772,
3.33333333333,-0.186537592514,
3.66666666667,-1.0056841239,
2.33333333333,-1.0056841239,
0.666666666667,-1.21709159505,
1.76923076923,-0.62975923171,
-1.0,-0.62975923171,
3.0,0.479502899975,
1.5,0.479502899975,
6.5,-0.661152802792,
3.0,-0.787507975714,
3.2,-0.460702107775,
0.5,1.71368187789,
2.75,0.734025987175,
1.76923076923,0.0409104804139,
2.33333333333,1.75026211927,
4.0,1.75026211927,
0.333333333333,-0.0558031592377,
4.8,0.0465108797246,
2.0,-1.03178974779,
2.0,-0.55164130857,
1.0625,-0.55164130857,
1.33333333333,-0.436349004054,
0.863636363636,0.319139317414,
0.842105263158,-0.417394681097,
0.444444444444,-0.417394681097,
5.8,-0.417394681097,
1.53125,-0.068488830666,
1.19230769231,-0.487040831233,
0.772727272727,-0.487040831233,
1.0,-0.487040831233,
1.2,-0.487040831233,
4.6,-0.487040831233,
1.75,-0.487040831233,
3.0,-0.487040831233,
1.0,-0.487040831233,
1.4,-0.487040831233,
2.0,-0.487040831233,
3.33333333333,-0.487040831233,
1.75,-0.487040831233,
2.0,-0.487040831233,
3.0,-0.487040831233,
2.0,-0.487040831233,
1.0,-0.487040831233,
5.0,-0.487040831233,
4.46666666667,-0.487040831233,
1.66666666667,-0.487040831233,
4.0,-0.487040831233,
5.33333333333,-0.487040831233,
1.33333333333,-0.487040831233,
1.5,-0.487040831233,
2.85714285714,-0.487040831233,
1.66666666667,-0.487040831233,
1.5,-0.487040831233,
0.125,-0.487040831233,
4.46666666667,-0.487040831233,
-0.2,-0.487040831233,
0.888888888889,-0.487040831233,
0.2,-0.487040831233,
8.0,-0.487040831233,
1.33333333333,-0.487040831233,
2.33333333333,-0.487040831233,
0.0,-0.487040831233,
0.0,-0.487040831233,
2.0,-0.487040831233,
1.38888888889,-0.487040831233,
2.0,-0.487040831233,
0.0,-0.487040831233,
0.2,-0.487040831233,
4.0,-0.487040831233,
0.0,-0.499405879596,
0.0,-0.959713071665,
5.33333333333,1.19886589767,
0.0,-0.338749558219,
0.0,1.19812079104,
5.0,1.19812079104,
8.0,1.19812079104,
0.0,1.19812079104,
8.0,1.19812079104,
3.0,1.19812079104,
5.5,1.19812079104,
3.33333333333,-0.091774296964,
0.0,-1.46631933784,
1.5,-1.46631933784,
4.0,0.639266800365,
4.5,-0.445742529194,
5.5,0.457352104679,
4.0,-0.804580047336,
3.0,-0.804580047336,
1.0,-0.290873069684,
1.5,-1.09913970179,
0.0,0.263457829769,
0.5,0.263457829769,
2.5,-1.30623567509,
0.0,-0.0414203741027,
1.5,-0.0414203741027,
2.0,-0.767079076932,
5.0,0.0264721513425,
0.714285714286,0.0264721513425,
-2.0,0.0264721513425,
0.857142857143,0.368476259422,
8.0,0.368476259422,
2.8,-0.280149341011,
3.75,-0.280149341011,
6.33333333333,-0.637707067336,
4.0,-0.637707067336,
3.6,0.968808090263,
2.5,-0.840907976817,
0.0,-0.840907976817,
2.0,-0.840907976817,
5.85714285714,1.46349244378,
3.57142857143,1.46349244378,
2.94736842105,-0.58776831894,
2.06896551724,0.271713647555,
5.0,1.34691051667,
3.0625,1.34691051667,
3.25,1.34691051667,
4.25,0.125943851487,
2.0,0.125943851487,
3.42857142857,0.125943851487,
2.5,0.125943851487,
2.4375,1.24490184257,
2.0,1.24490184257,
2.0,0.354374064152,
0.5,-1.18075103954,
6.5,-1.18075103954,
6.5,0.371267189474,
4.75,-1.74980463699,
0.0,-1.74980463699,
4.33333333333,0.66283975449,
0.0,0.66283975449,
7.0,-0.205774406745,
8.0,-0.702668351495,
6.0,-0.702668351495,
0.0,-0.373852506756,
4.33333333333,0.176096320278,
-0.5,0.176096320278,
3.5,0.809661181501,
0.666666666667,-0.640139212716,
2.5,-0.976412258341,
-2.0,1.46553490998,
7.0,-0.14112905466,
6.25,-0.14112905466,
8.0,-0.275416481473,
1.2,0.982798578133,
5.5,-0.429368782207,
3.0,-0.429368782207,
5.0,-0.429368782207,
8.0,-0.429368782207,
0.0,-0.966264754104,
3.0,-0.966264754104,
5.0,-0.966264754104,
0.75,-0.966264754104,
0.0,-0.966264754104,
2.33333333333,-0.966264754104,
1.70588235294,-0.966264754104,
0.0,-0.966264754104,
2.0,-0.966264754104,
1.8,-0.966264754104,
6.0,-0.966264754104,
4.0,-0.966264754104,
3.0,-0.966264754104,
2.0,-0.966264754104,
3.0,-0.966264754104,
3.5,-0.376340264549,
4.0,-0.376340264549,
0.0,-0.376340264549,
0.5,-0.376340264549,
4.0,-0.376340264549,
2.6,1.47218047556,
2.0,-0.540695860534,
2.0,-0.540695860534,
2.66666666667,-0.540695860534,
-0.5,-0.540695860534,
6.0,-0.540695860534,
0.0,-0.540695860534,
2.75,-0.540695860534,
2.0,-0.540695860534,
3.5,-0.46147176271,
4.6,-0.46147176271,
5.25,-0.46147176271,
0.5,0.636789020449,
3.8,-0.323372027446,
2.6,0.282855154197,
3.0,1.81149627335,
3.0,1.81149627335,
1.33333333333,-0.181419923231,
7.0,-0.181419923231,
3.0,-0.181419923231,
5.25,-0.181419923231,
9.0,-0.181419923231,
11.0,-0.0231068018788,
0.0,-0.0231068018788,
7.0,-0.0231068018788,
2.0,-0.0231068018788,
4.33333333333,0.179426133189,
1.0,0.197229504894,
3.0,1.09632368213,
10.0,1.44944959811,
3.0,1.44944959811,
3.5,1.44944959811,
2.66666666667,-0.38828024637,
3.0,-0.38828024637,
5.85714285714,-0.243732735538,
2.0,-0.243732735538,
8.0,0.602862715177,
-0.666666666667,-0.78751040084,
4.75,-1.60363350152,
0.25,-1.60363350152,
4.5,-1.21326626634,
0.666666666667,-0.149947977808,
1.85714285714,-0.149947977808,
3.5,-0.149947977808,
3.5,-0.149947977808,
4.66666666667,-0.149947977808,
3.375,0.514323007248,
2.5,1.54235668321,
1.71428571429,1.54235668321,
1.5,1.54235668321,
2.16666666667,0.318090156079,
5.0,0.318090156079,
2.38461538462,-0.979809252644,
3.33333333333,0.829391795479,
3.42857142857,0.829391795479,
1.5,0.700780797474,
0.5,0.700780797474,
3.42857142857,0.0434995596766,
3.85714285714,0.0434995596766,
1.5,0.342406419803,
2.6,0.342406419803,
3.75,0.342406419803,
6.75,0.342406419803,
0.0,0.342406419803,
9.0,0.342406419803,
2.25,0.342406419803,
1.5,0.342406419803,
1.5,0.342406419803,
4.5,0.342406419803,
4.0,-1.17192395846,
4.5,-0.627520853929,
2.44444444444,0.216923475324,
4.66666666667,-0.300853340915,
0.0,-0.260209065452,
1.66666666667,-0.260209065452,
2.0,-0.260209065452,
-3.0,-0.260209065452,
4.5,-0.260209065452,
2.0,-0.260209065452,
2.0,-0.0256115617178,
2.0,-0.0256115617178,
3.55555555556,-0.0256115617178,
2.2,-0.0256115617178,
1.5,-0.0256115617178,
3.0,-0.544351310787,
0.166666666667,-0.653325922654,
2.0,-0.653325922654,
0.5,-0.653325922654,
1.0,0.0,
1.25,0.0,
1.25,0.0,
0.142857142857,0.0,
1.66666666667,0.0,
6.0,0.0,
0.142857142857,0.0,
2.65217391304,0.0,
0.222222222222,0.0,
-1.5,0.0,
2.6,0.0,
1.75,0.0,
1.31578947368,0.0,
3.16666666667,0.0,
4.33333333333,0.0,
5.0,0.0,
2.09090909091,0.0,
2.66666666667,0.0,
0.5,0.0,
2.0,0.0,
1.72727272727,0.0,
-1.0,0.0,
3.0,0.0,
-0.5,0.0,
3.5,0.0,
1.5,0.0,
2.42857142857,0.0,
-0.666666666667,0.0,
2.0,0.083026788825,
5.0,-0.871935346164,
2.0,-0.0982145109929,
0.0,0.00817998445211,
5.0,0.00817998445211,
3.33333333333,-0.275404550989,
5.0,0.779217070841,
3.0,0.779217070841,
1.0,1.30435844368,
3.16666666667,1.30435844368,
2.25,-0.0739573541427,
6.0,-0.0739573541427,
-0.333333333333,-1.04636839246,
0.0,-1.04636839246,
4.0,-1.04636839246,
1.7,-1.04636839246,
6.0,-1.04636839246,
0.888888888889,-1.04636839246,
-1.0,-1.04636839246,
0.0,0.216656960782,
1.5,0.216656960782,
0.5,0.0492235365335,
6.0,-0.118119478058,
2.4,-0.19828919137,
1.75,-0.19828919137,
4.33333333333,-0.19828919137,
0.0,0.598320948775,
1.5,0.598320948775,
0.0,0.598320948775,
0.0,0.201105826593,
2.5,-0.975577259093,
-1.66666666667,-0.860145812238,
1.0,-0.147843044637,
4.5,0.0912951622181,
0.0,0.0912951622181,
0.0,1.03982824051,
-2.0,1.03982824051,
0.0,0.752097092812,
3.0,0.224625867151,
0.0,0.224625867151,
0.444444444444,0.416582613,
8.0,0.416582613,
-0.2,0.416582613,
7.0,0.416582613,
4.0,0.416582613,
1.42857142857,0.665706486966,
0.5,0.456030898382,
3.25,1.56203750111,
1.77777777778,1.56203750111,
2.66666666667,1.17997796542,
7.0,-0.367320168793,
1.6,-0.367320168793,
7.0,-0.367320168793,
11.5,0.769250816281,
-1.0,-0.169356893657,
0.0,-1.33148879629,
-0.666666666667,-1.33148879629,
1.5,0.310986260135,
2.66666666667,-0.251026897617,
0.0,-0.251026897617,
3.0,0.485033311257,
0.666666666667,-0.640805212972,
8.0,-0.6944965743,
6.0,-0.571484018154,
1.5,0.526714856551,
1.0,0.526714856551,
-1.5,0.190447565742,
0.0,0.190447565742,
4.33333333333,0.190447565742,
3.75,0.190447565742,
2.6,-0.144123363503,
4.0,-0.144123363503,
4.0,-1.3140304773,
10.0,-1.3140304773,
2.0,0.0667097127666,
4.0,0.0667097127666,
2.0,-1.02331655333,
3.0,-1.02331655333,
3.0,0.0512130782357,
6.0,-0.380264351879,
9.0,-0.380264351879,
1.0,-0.0635084102301,
4.0,3.06838569723,
3.0,-0.409114128998,
2.25,-0.409114128998,
2.83333333333,-1.23882754979,
1.375,0.605687195538,
2.0,0.605687195538,
5.0,0.605687195538,
1.5,0.370399522892,
-0.2,0.370399522892,
1.0,0.370399522892,
2.0,-0.0484893732493,
2.33333333333,-0.0484893732493,
3.0,0.0577951448887,
3.28571428571,-0.783672854519,
3.0,-0.120350879213,
0.0,-0.120350879213,
3.33333333333,0.731119216351,
2.75,0.731119216351,
4.0,-0.364675682846,
4.0,0.55358027699,
4.33333333333,0.55358027699,
4.0,-0.777833572633,
0.0,-0.777833572633,
0.0,0.561836923298,
6.0,0.632506531824,
0.0,0.309143602191,
3.0,0.900220305186,
5.0,-0.305682107722,
-0.5,-1.00429740762,
0.0,0.862120425768,
0.0,0.173527829433,
0.0,0.173527829433,
4.0,-0.571877581279,
2.0,-0.571877581279,
2.0,-0.571877581279,
4.0,-0.402145291382,
3.875,-0.402145291382,
1.0,0.275391504111,
5.5,0.275391504111,
1.0,0.275391504111,
1.0,0.133270974074,
1.0,0.133270974074,
3.33333333333,0.133270974074,
4.0,0.571353134044,
4.0,-1.32884903674,
0.0,0.305111131031,
5.0,0.305111131031,
4.0,0.305111131031,
0.0,-0.607805382398,
1.625,0.267647738858,
1.57142857143,0.267647738858,
1.6,0.267647738858,
1.0,0.267647738858,
2.0,0.267647738858,
1.5,0.267647738858,
0.75,0.267647738858,
-0.25,0.267647738858,
1.0,0.267647738858,
1.0,0.267647738858,
1.0,0.267647738858,
1.0,0.267647738858,
2.5,0.267647738858,
2.0,0.267647738858,
1.0,0.267647738858,
1.0,0.267647738858,
1.0,0.267647738858,
2.0,0.267647738858,
1.33333333333,0.267647738858,
0.0,0.267647738858,
3.66666666667,0.267647738858,
3.66666666667,0.267647738858,
3.0,0.267647738858,
5.0,0.267647738858,
1.0,0.267647738858,
1.0,0.267647738858,
4.25,0.267647738858,
1.0,0.267647738858,
2.0,0.267647738858,
1.0,0.267647738858,
0.5,0.267647738858,
3.5,0.267647738858,
1.33333333333,0.267647738858,
0.25,0.267647738858,
1.66666666667,0.267647738858,
1.0,0.267647738858,
1.28571428571,0.267647738858,
3.0,0.267647738858,
0.666666666667,0.267647738858,
0.333333333333,0.267647738858,
3.0,0.827979333401,
3.0,-0.923687287028,
6.0,-0.402910883473,
4.0,-0.466015980689,
2.0,-0.848734377854,
4.0,-0.200603639443,
1.5,-0.200603639443,
0.0,-0.200603639443,
0.0,-0.200603639443,
1.5,-0.200603639443,
1.0,-0.200603639443,
1.0,-0.200603639443,
0.0,-0.200603639443,
5.5,-0.830245981015,
6.0,-0.777687249431,
4.0,-0.777687249431,
2.0,-0.494045026515,
2.09090909091,0.0163985598107,
3.33333333333,-0.814561706099,
3.0,-0.814561706099,
5.0,0.341229160458,
3.0,1.58355727872,
0.0,0.447782398618,
0.0,0.447782398618,
1.0,0.447782398618,
5.16666666667,-0.256072950215,
-1.0,0.282722115931,
9.0,-0.575535482866,
11.0,1.11919219101,
4.0,-1.4840166853,
7.0,-0.452417687877,
7.0,-0.452417687877,
2.0,-0.933206483127,
2.66666666667,0.588069645331,
3.11111111111,0.630370412268,
5.0,0.630370412268,
0.0,0.630370412268,
1.0,0.630370412268,
2.83333333333,0.519796971726,
1.0,0.519796971726,
2.0,1.33621285119,
1.0,-0.905127609628,
0.4,-0.149141988999,
1.0,-0.387283645783,
1.0,-0.0457401692133,
0.25,-0.0457401692133,
0.0,-0.950759770847,
1.85714285714,-0.950759770847,
0.25,1.07472531124,
1.71428571429,0.905431330215,
4.0,-0.0790650470561,
2.75,-0.213679832182,
2.33333333333,0.828337120504,
2.0,0.828337120504,
0.0,0.118025935123,
3.0,1.16569003641,
2.66666666667,-1.14153537726,
4.5,-0.541221598521,
2.33333333333,-0.410322400165,
1.33333333333,-0.669958005752,
0.0,0.121528548421,
2.0,-0.278360026288,
2.0,0.252921244441,
2.0,0.252921244441,
1.625,0.576219173898,
2.5,-0.220159916504,
-2.0,-0.220159916504,
1.5,-1.28857218676,
1.0,-0.923910554111,
2.8,-0.923910554111,
2.0,2.03511339939,
2.0,0.518050912284,
3.2,-0.577256700019,
2.0,-0.577256700019,
3.0,-0.235703968802,
-1.0,-0.235703968802,
2.66666666667,-0.235703968802,
3.0,-0.235703968802,
6.0,-0.235703968802,
4.0,-0.235703968802,
1.0,-0.235703968802,
-2.0,-0.235703968802,
6.0,-0.235703968802,
3.5,-0.235703968802,
5.8,-0.235703968802,
4.0,-0.235703968802,
1.0,-0.235703968802,
1.5,-0.235703968802,
7.0,-0.235703968802,
0.0,-0.235703968802,
1.0,-0.235703968802,
-1.5,-0.235703968802,
0.0,-0.235703968802,
3.0,-0.235703968802,
2.5,-0.235703968802,
2.28571428571,-0.235703968802,
1.0,-0.235703968802,
2.0,-0.235703968802,
1.375,-0.235703968802,
1.71428571429,-0.235703968802,
2.33333333333,1.08690644012,
0.0,-1.07900342977,
1.5,-0.501144347008,
1.0,-0.501144347008,
0.0,-1.25122390192,
1.2,-0.431690491449,
3.2,-1.25782422185,
5.0,2.11676693801,
3.5,0.495454012538,
3.66666666667,0.408276367883,
6.0,0.402005900029,
0.0,-0.499143636437,
-1.0,-0.499143636437,
2.66666666667,-0.871911201553,
1.125,-0.535791865966,
0.5,-0.339415604708,
0.6,0.157149434236,
1.66666666667,0.485559913114,
1.14285714286,-0.365001249382,
0.833333333333,-0.365001249382,
1.66666666667,-0.365001249382,
2.25,-0.365001249382,
1.5,-0.365001249382,
0.857142857143,-0.365001249382,
1.0,-0.365001249382,
1.16666666667,-0.365001249382,
0.0,-0.365001249382,
0.444444444444,-0.315062500986,
4.33333333333,0.157408404266,
1.16666666667,-0.18353604968,
0.409090909091,0.657821688352,
1.05555555556,0.657821688352,
0.6875,0.657821688352,
1.0,0.657821688352,
0.909090909091,0.0601384657734,
1.33333333333,0.0601384657734,
0.8125,0.0601384657734,
1.33333333333,0.0601384657734,
2.44444444444,0.0601384657734,
0.0,-0.217949431865,
-2.0,1.80984526448,
0.333333333333,1.80984526448,
2.5,0.0932456298733,
5.0,-0.812549287086,
0.0,1.12636995265,
-3.0,0.492620099129,
5.0,-0.349692903741,
-0.666666666667,-0.349692903741,
-0.666666666667,-0.171897681752,
7.0,-0.171897681752,
1.8,-1.53700824761,
1.2,-1.53700824761,
3.0,0.46298860399,
7.0,0.46298860399,
1.0,0.46298860399,
1.0,0.265940219078,
0.75,0.664297595787,
5.5,-0.70446599548,
3.0,-0.70446599548,
4.0,0.739967414658,
-1.0,-0.624191233308,
0.666666666667,-0.308453227835,
0.0,-0.308453227835,
1.0,-0.308453227835,
0.0,-0.308453227835,
2.33333333333,-0.576500282436,
2.5,-0.576500282436,
1.0,-1.02572949466,
8.0,-1.02572949466,
3.5,-1.02572949466,
1.75,-1.02572949466,
1.16666666667,0.991029760084,
1.0,-0.892311727367,
2.6,-0.892311727367,
-0.333333333333,0.751260118925,
4.2,0.751260118925,
0.0,0.751260118925,
1.0,-1.66754547707,
5.66666666667,0.858302953152,
2.0,0.584301878418,
2.0,-0.577537103484,
3.0,0.813259256523,
3.0,0.181168893596,
2.0,0.181168893596,
9.0,-0.524115184486,
0.0,-0.524115184486,
0.0,-0.524115184486,
-1.0,-0.479558566206,
1.0,0.484281041935,
0.5,0.484281041935,
4.5,-0.484973338136,
0.0,0.790466709268,
1.5,0.790466709268,
2.0,0.790466709268,
7.0,0.142606865797,
1.0,1.19510355236,
2.75,0.118998356284,
0.0,-0.109447501612,
0.0,-0.397138825323,
5.5,-0.397138825323,
-0.5,-0.787900940514,
0.0,0.0709682968173,
0.0,-1.35683750385,
1.5,-0.0869163309374,
0.0,-1.21478376391,
4.0,-0.494091230177,
3.5,1.5269136786,
5.0,0.0478270379633,
4.66666666667,0.755037632553,
0.0,-0.227950937798,
4.0,-0.331134910635,
0.5,-0.283419639749,
4.33333333333,-0.283419639749,
2.0,0.0346653484133,
0.5,-0.545836528024,
4.0,-0.545836528024,
2.0,0.0389512826327,
-0.5,0.910970697208,
6.0,-0.612936064057,
2.0,-0.612936064057,
2.0,-0.612936064057,
5.0,-0.0367315814502,
5.5,-0.0367315814502,
-1.0,-0.618350835986,
-0.5,-0.212755811042,
2.0,0.595099831989,
0.666666666667,-1.4177534466,
2.0,-1.4177534466,
0.666666666667,1.16334095176,
4.0,-0.530168283699,
0.0,-0.513149344431,
4.28571428571,-0.513149344431,
3.25,0.0402935235768,
2.5,-0.2549537759,
2.0,-0.703592229122,
3.4,-0.703592229122,
1.6,0.595744439676,
0.0,0.741118871976,
0.0,0.741118871976,
4.5,2.69599316972,
4.0,1.00067866469,
4.0,0.987063464235,
3.8,0.738171528913,
2.6,0.738171528913,
2.5,0.622426586323,
3.8,0.622426586323,
1.6,-0.500416622961,
2.375,-0.500416622961,
0.0,-0.420762244006,
1.0,-0.420762244006,
2.6,-0.420762244006,
3.33333333333,-1.32135140186,
4.16666666667,-0.626854824634,
0.0,-0.543046901778,
3.0,-0.00024895578053,
-1.0,-0.963403527718,
1.0,-0.963403527718,
-0.333333333333,-0.963403527718,
3.33333333333,-0.963403527718,
4.6,-0.963403527718,
2.875,0.741898526195,
1.66666666667,-0.560199979576,
-0.2,-0.251059466271,
2.0,-0.958603563775,
2.0,0.427002914242,
6.33333333333,-0.296695855129,
1.5,-0.296695855129,
1.0,0.873398313461,
0.625,0.873398313461,
3.4,0.873398313461,
0.375,0.873398313461,
0.0,0.873398313461,
0.0,0.873398313461,
2.5,0.873398313461,
0.0,0.873398313461,
14.0,0.873398313461,
0.75,0.873398313461,
8.0,0.873398313461,
0.75,0.873398313461,
-0.5,0.873398313461,
2.0,0.873398313461,
2.0,0.873398313461,
3.5,0.873398313461,
0.833333333333,0.873398313461,
2.0,0.873398313461,
1.16666666667,0.873398313461,
7.5,0.873398313461,
0.0,0.873398313461,
4.22222222222,0.873398313461,
1.4,0.873398313461,
1.52307692308,0.873398313461,
1.0,0.873398313461,
2.2,0.873398313461,
2.0,0.873398313461,
3.16666666667,0.873398313461,
-1.0,0.873398313461,
2.0,0.873398313461,
2.25,0.873398313461,
4.5,0.873398313461,
5.0,0.873398313461,
0.0,0.873398313461,
3.5,0.873398313461,
5.33333333333,0.873398313461,
0.5,0.873398313461,
4.0,-0.293079505345,
0.0,-0.293079505345,
0.0,-0.293079505345,
2.0,-0.293079505345,
2.75,1.50161577467,
2.0,1.50161577467,
0.333333333333,1.50161577467,
2.0,-0.337098068822,
3.0,-0.337098068822,
0.0,0.656273392217,
2.5,0.656273392217,
3.5,-0.893959299323,
7.0,-0.46760424819,
0.0,-0.46760424819,
3.54022988506,-0.18055523873,
1.59259259259,-0.18055523873,
2.875,-0.18055523873,
6.0,0.672778473745,
3.28571428571,0.672778473745,
1.0,0.672778473745,
0.5,0.672778473745,
1.55555555556,0.672778473745,
1.11538461538,0.672778473745,
0.5,0.672778473745,
5.5,0.672778473745,
2.0,0.672778473745,
3.0,0.672778473745,
3.0,0.672778473745,
0.333333333333,0.672778473745,
3.46153846154,0.672778473745,
2.17647058824,0.672778473745,
3.5,-0.855960286786,
2.73333333333,0.468911013517,
4.75,1.0432832988,
2.0,0.605313540294,
0.0,0.605313540294,
1.33333333333,0.605313540294,
-0.5,0.605313540294,
2.0,-1.07836575278,
1.875,-1.07836575278,
4.0,-1.07836575278,
3.72222222222,-1.07836575278,
1.28571428571,-1.07836575278,
9.0,1.75270689796,
2.0,1.75270689796,
3.0,-1.11126388448,
0.0,-0.761294544531,
3.0,-0.761294544531,
0.0,-0.761294544531,
2.0,1.38693608262,
1.0,1.38693608262,
0.75,-0.905949367156,
2.0,-1.17578872491,
4.0,-0.248577751268,
5.0,-0.0341288499419,
4.0,1.75880126857,
7.0,-2.03461545978,
5.0,0.376699016495,
0.5,0.376699016495,
1.75,1.58525578023,
5.0,-0.452244976371,
3.0,0.310485981445,
9.5,0.310485981445,
3.0,-0.260145611944,
4.0,-0.0236351402786,
1.66666666667,-0.423685932606,
4.0,-0.423685932606,
0.0,0.329632250534,
7.0,-0.135295365298,
1.0,-0.163285566675,
2.5,-0.62766070408,
3.0,0.562929344555,
3.0,-0.805834246712,
2.0,-0.819093114674,
2.5,0.104419767945,
-1.0,0.638599163426,
3.66666666667,0.19850677448,
3.0,0.19850677448,
3.0,0.442595758966,
1.0,0.442595758966,
2.0,-0.371548502162,
0.25,0.706289992644,
1.33333333333,-0.81970517685,
7.5,-0.425552756183,
7.0,-0.547612770539,
3.71428571429,-0.547612770539,
1.5,-0.547612770539,
2.0,-0.547612770539,
1.25,-0.547612770539,
1.0,-0.547612770539,
2.0,-0.547612770539,
1.0,-0.547612770539,
2.0,-0.547612770539,
1.75,-0.547612770539,
4.0,-0.547612770539,
4.2,-0.547612770539,
1.5,-0.547612770539,
2.5,-0.547612770539,
2.0,-0.547612770539,
0.0,-0.547612770539,
0.0,-0.547612770539,
2.0,-0.547612770539,
5.0,-0.547612770539,
3.5,-0.547612770539,
5.33333333333,-0.547612770539,
3.66666666667,-0.547612770539,
3.125,-0.547612770539,
2.5,-0.547612770539,
2.0,-0.547612770539,
0.0,-0.547612770539,
1.25,-0.547612770539,
3.0,-0.547612770539,
4.0,-0.547612770539,
0.0,-0.547612770539,
1.75,-0.547612770539,
1.0,-0.547612770539,
2.2,-0.547612770539,
1.5,0.479552491325,
1.66666666667,-0.854001271096,
0.0,-0.854001271096,
2.33333333333,-0.505525582588,
6.0,1.13344537733,
2.5,0.444660878915,
2.0,0.444660878915,
0.0,0.0827323178639,
0.0,-1.42168033045,
5.0,0.190785396734,
1.5,-0.25094465259,
2.5,-1.2368769755,
2.0,-0.0284456157824,
0.0,1.91225801355,
3.0,-0.873477747404,
0.0,0.858740239042,
0.0,-0.0773861913001,
0.0,-1.47133372207,
1.5,-0.412704535763,
1.0,-0.907004890589,
3.0,-0.907004890589,
1.5,-0.770844206418,
1.5,-0.770844206418,
1.0,-0.193945094395,
0.0,0.301697736892,
7.5,0.301697736892,
6.0,-1.51244614275,
3.0,-1.51244614275,
3.83333333333,-0.15806176321,
6.0,-0.15806176321,
7.0,-0.476835804313,
6.0,0.348511242091,
-0.125,0.503255399864,
3.4,0.849965404366,
2.25,0.849965404366,
0.333333333333,-0.882976737651,
5.0,-0.882976737651,
3.0,-0.914788499549,
3.0,0.745413687697,
3.66666666667,0.395391558374,
3.13043478261,0.167416638301,
0.5,0.808159846961,
7.0,0.808159846961,
3.0,0.808159846961,
0.0,0.893597554027,
2.8125,0.893597554027,
0.333333333333,0.893597554027,
4.0,0.369126813552,
3.0,-0.357511875493,
2.33333333333,0.355531994904,
2.375,0.355531994904,
2.5,0.256711148397,
1.4,1.83872595502,
0.666666666667,-0.182454529113,
3.16666666667,-0.182454529113,
-1.0,-0.47201433166,
2.0,-0.47201433166,
7.0,-0.749793820107,
3.0,-0.749793820107,
1.28571428571,-0.749793820107,
6.0,-0.749793820107,
2.0,-0.749793820107,
3.66666666667,-0.853279526977,
0.0,0.212788518672,
4.0,0.212788518672,
0.0,0.101732510433,
6.0,0.101732510433,
1.8,0.359765494826,
0.0,-0.728091396317,
1.0,-0.728091396317,
0.888888888889,-0.728091396317,
3.6,-0.728091396317,
0.0,-0.728091396317,
5.0,-0.728091396317,
0.0,-0.728091396317,
8.33333333333,1.44485571711,
5.33333333333,-0.19937285483,
4.0,-0.19937285483,
5.0,-0.964726030189,
0.888888888889,-0.559151763243,
4.0,0.0884067733563,
3.33333333333,0.0884067733563,
7.28571428571,0.0884067733563,
6.66666666667,0.0884067733563,
6.5,0.315047919634,
5.0,1.03463903109,
0.0,-0.0824496605969,
3.66666666667,-0.0824496605969,
4.0,-0.0824496605969,
1.0,1.46259429694,
4.5,-0.736533892764,
6.0,-1.83530017647,
3.0,-0.128872047959,
0.0,-0.971877931515,
2.0,0.0618374633903,
5.0,1.24275507818,
4.0,-0.531567491411,
1.83333333333,-0.531567491411,
6.0,1.45414200508,
1.83333333333,1.45414200508,
5.0,1.45414200508,
1.5,0.651289505914,
3.0,0.651289505914,
0.0,0.651289505914,
0.5,-0.350387907698,
6.0,-0.943728864913,
0.0,0.326915661866,
0.0,0.326915661866,
2.33333333333,0.758510877446,
4.0,0.544166423757,
2.75,0.544166423757,
0.0,0.478471510296,
0.0,-0.112478444628,
-0.5,-0.112478444628,
0.0,-0.112478444628,
1.0,-0.112478444628,
0.0,-0.112478444628,
0.0,-0.112478444628,
1.0,0.724756215581,
0.0,-0.639489607511,
3.0,-0.639489607511,
0.0909090909091,0.498203122363,
0.0,-1.50816871164,
2.0,-0.459755395674,
0.0,-0.459755395674,
0.0,0.632242497456,
0.333333333333,0.632242497456,
1.0,0.632242497456,
0.0909090909091,0.140403318286,
3.0,0.140403318286,
0.0,-0.0836857776283,
0.0,0.432413009727,
0.5,0.432413009727,
0.666666666667,0.432413009727,
0.0,0.432413009727,
0.0,0.432413009727,
0.5,0.432413009727,
1.66666666667,-0.828646790706,
2.07692307692,-1.52471332931,
0.666666666667,-1.52471332931,
4.0,0.994294602362,
0.2,0.994294602362,
1.66666666667,0.994294602362,
0.0,0.994294602362,
1.66666666667,0.994294602362,
0.5,0.994294602362,
1.33333333333,0.994294602362,
0.0,0.994294602362,
0.5,0.994294602362,
3.0,0.994294602362,
3.33333333333,0.994294602362,
0.166666666667,0.994294602362,
0.666666666667,-0.22583772873,
1.0,-0.22583772873,
0.5,-0.420817130331,
2.75,-0.420817130331,
0.0,1.32004229536,
0.714285714286,-0.389494917527,
0.5,-0.94757913537,
1.5,-0.94757913537,
0.833333333333,-0.94757913537,
0.0,-0.0591909547279,
1.0,-0.0591909547279,
1.8,-0.0591909547279,
1.0,-0.0591909547279,
0.5,-0.0591909547279,
3.5,0.79900719186,
1.5,-0.0224264252697,
-2.0,1.30536232239,
7.0,1.30536232239,
-5.0,1.30536232239,
1.5,1.30536232239,
3.4,1.30536232239,
0.0,1.30536232239,
2.66666666667,1.30536232239,
-1.5,1.30536232239,
3.66666666667,1.30536232239,
0.5,1.30536232239,
0.0,1.57925923893,
2.5,0.66612320845,
4.0,0.66612320845,
0.0,0.66612320845,
0.0,0.66612320845,
-1.0,-0.389740623859,
2.66666666667,0.112728581544,
6.0,-0.389282402363,
3.33333333333,0.591749066428,
2.5,-0.334245483102,
0.777777777778,0.0599995889519,
2.27272727273,-0.18373014403,
0.0,0.0413269748152,
6.0,0.882188737931,
2.25,0.53641968326,
1.78571428571,0.53641968326,
-1.0,-0.1675987091,
2.0,-0.1675987091,
2.83333333333,1.4597205767,
2.5,1.4597205767,
6.0,0.807773530296,
7.0,-1.02937990583,
3.25,-0.670485919704,
2.0,-0.670485919704,
0.0,2.41276710656,
0.0,-1.18581066043,
6.0,-1.81295834521,
2.0,0.894877258284,
3.0,0.894877258284,
3.0,0.894877258284,
2.0,0.894877258284,
3.0,-1.50913465427,
0.0,-1.50913465427,
1.33333333333,-1.50913465427,
0.5,-0.797293681608,
0.333333333333,-0.797293681608,
0.5,0.783600027043,
1.0,0.783600027043,
5.0,0.783600027043,
0.0,0.783600027043,
0.0,0.783600027043,
2.5,0.783600027043,
1.0,0.783600027043,
1.0,0.783600027043,
2.66666666667,0.783600027043,
3.0,1.33188038275,
1.5,1.33188038275,
1.33333333333,0.556686108833,
6.75,0.556686108833,
2.8,-0.0789809648074,
1.0,-0.0789809648074,
2.25,-0.0789809648074,
2.4,-0.0789809648074,
0.333333333333,-0.0789809648074,
0.0,-0.0789809648074,
3.5,-0.0789809648074,
1.14285714286,-0.0789809648074,
-8.0,-0.843443326775,
0.0,-0.843443326775,
-1.0,-0.843443326775,
3.0,-0.843443326775,
4.0,-0.843443326775,
5.25,-0.843443326775,
3.0,-0.843443326775,
1.2,-0.843443326775,
0.272727272727,-0.843443326775,
0.666666666667,-0.843443326775,
0.0,-0.843443326775,
0.0,-0.843443326775,
3.0,-0.843443326775,
2.4,-0.843443326775,
2.2,-0.843443326775,
0.5,-0.843443326775,
1.16666666667,-0.843443326775,
0.4375,-0.843443326775,
-1.0,-0.843443326775,
-2.0,-0.843443326775,
1.16666666667,-0.843443326775,
4.5,-0.843443326775,
-0.666666666667,-0.843443326775,
0.875,-0.843443326775,
0.0,-0.843443326775,
3.16666666667,-0.843443326775,
4.0,-0.843443326775,
0.6,-0.843443326775,
2.33333333333,-0.843443326775,
0.909090909091,-0.843443326775,
1.53846153846,-0.843443326775,
2.75,-0.843443326775,
0.0,0.784296261929,
9.0,0.784296261929,
0.0,0.213859560504,
1.0,-0.283041771429,
3.0,-1.11905054855,
0.0,-1.11905054855,
-4.0,-1.11905054855,
2.5,1.52765111512,
-4.0,1.52765111512,
2.5,1.52765111512,
2.5,1.19635846262,
4.375,-0.25150408382,
0.857142857143,-0.860126952439,
0.0,0.387696923094,
3.0,-0.456789227608,
1.11111111111,0.231247960132,
2.0,-0.995610713897,
0.0,-0.557677358693,
2.5,-0.557677358693,
1.8,-1.03709171802,
3.0,-0.175998993382,
2.66666666667,0.91053297456,
2.5,0.91053297456,
5.5,0.91053297456,
1.4,-0.0625858914558,
6.0,0.366783000864,
3.4,0.918154433735,
0.0,-0.368016556065,
0.0,-0.368016556065,
3.0,-0.368016556065,
2.0,-0.368016556065,
0.0,-0.368016556065,
-2.0,-0.368016556065,
0.0,-0.368016556065,
1.5,-0.368016556065,
1.0,-0.368016556065,
3.0,-0.368016556065,
2.0,-0.368016556065,
2.0,-0.368016556065,
2.0,-0.368016556065,
0.0,-0.368016556065,
0.0,-0.368016556065,
1.0,-0.368016556065,
0.0,-0.368016556065,
-2.0,-0.368016556065,
1.0,-0.368016556065,
0.5,-0.368016556065,
3.0,-0.0573800166235,
-4.0,-0.249781424538,
9.0,0.846532626185,
7.0,-0.0606290786436,
9.0,0.223485609505,
2.0,-0.939327092796,
4.0,0.901125268855,
6.0,0.201046383771,
11.0,0.140575435955,
0.0,0.416000069203,
4.0,-1.00881189559,
2.66666666667,1.45370075784,
0.0,-1.52049163439,
-2.0,2.89481251688,
3.0,0.87555375858,
7.0,0.87555375858,
2.0,-0.474841621816,
0.0,-0.474841621816,
0.0,-0.764964126144,
0.0,-0.359266027802,
2.33333333333,-0.00429234463483,
2.0,-0.00429234463483,
4.0,0.256364303279,
2.0,0.256364303279,
0.666666666667,-1.2761797142,
0.0,0.410616609414,
1.5,-1.09544790395,
2.0,-1.09544790395,
4.66666666667,0.961599968063,
1.2,0.961599968063,
2.0,0.961599968063,
3.0,0.961599968063,
-2.0,0.265347577438,
2.4,0.288196917851,
3.25,0.288196917851,
2.66666666667,0.288196917851,
5.0,-0.299329018619,
-5.0,-0.299329018619,
2.66666666667,-0.418531570716,
1.0,-0.418531570716,
0.0,-0.418531570716,
3.0,-0.418531570716,
1.66666666667,-0.418531570716,
0.333333333333,-0.418531570716,
1.33333333333,-0.418531570716,
0.0,-0.418531570716,
3.33333333333,-0.418531570716,
2.6,-0.418531570716,
2.0,-0.418531570716,
3.66666666667,-0.418531570716,
0.0,0.557484973944,
1.0,-0.0381305235473,
1.75,-0.0381305235473,
0.666666666667,0.366313684262,
0.333333333333,-0.71144984126,
0.0,-0.71144984126,
2.2,-0.71144984126,
3.0,-0.71144984126,
1.5,-0.71144984126,
4.0,-0.71144984126,
1.5,-0.71144984126,
0.0,-0.352484874114,
2.33333333333,-0.580886769756,
0.0,-0.580886769756,
1.83333333333,-0.580886769756,
2.33333333333,-0.580886769756,
5.25,-0.580886769756,
0.411764705882,-0.455213898628,
0.4,-0.455213898628,
0.428571428571,-0.455213898628,
2.66666666667,0.148262210798,
0.315789473684,0.148262210798,
2.0,-0.384707602443,
0.428571428571,-0.384707602443,
2.0,0.77534983209,
4.18181818182,0.989378769148,
2.0,-0.44313549656,
2.0,0.3817298371,
3.4,1.4541388672,
1.0,-0.461821736307,
0.5,-1.16670788457,
0.5,-1.16670788457,
3.0,1.09019649271,
0.5,1.09019649271,
-1.0,-0.278927737034,
0.0,0.371302781853,
7.0,0.371302781853,
2.0,0.828087158656,
0.0,0.57261177365,
3.5,1.49557418092,
0.0,-0.284950502407,
0.0,0.269069208051,
0.25,-0.831385337822,
0.666666666667,-0.251095880682,
2.0,0.95026231812,
2.25,0.274716498503,
2.0,-1.35661017576,
5.0,-1.35661017576,
-5.0,-0.0371188454766,
4.0,-0.28018594761,
4.0,-0.450467030498,
2.5,-0.832007857706,
-1.0,-0.563270345888,
0.0,-0.378231142299,
0.0,-0.160591415935,
0.333333333333,-0.160591415935,
0.125,0.110010921778,
0.0,0.110010921778,
0.5,0.203265127817,
0.5,-0.376917718903,
0.0,1.45398019908,
4.0,0.810793242154,
0.0,0.810793242154,
5.66666666667,0.0720579927782,
1.83333333333,0.0720579927782,
1.5,0.0720579927782,
0.6,0.0720579927782,
4.0,-0.699124716665,
0.333333333333,-0.699124716665,
0.0,-0.699124716665,
2.0,-0.699124716665,
0.6,1.00081963439,
5.66666666667,1.00081963439,
5.66666666667,0.769387228714,
3.0,0.769387228714,
1.0,0.769387228714,
3.0,0.769387228714,
0.0,-0.794504649607,
0.0,0.242491827187,
0.0,0.163626034315,
1.0,0.163626034315,
1.5,0.163626034315,
2.0,-0.830044541345,
4.33333333333,-0.322751318934,
3.75,0.245400082531,
5.0,-1.14248303069,
6.4,-1.0339068357,
5.0,-1.0339068357,
3.0,-1.0339068357,
3.66666666667,0.663023062071,
4.42857142857,-0.999722357877,
6.0,-0.999722357877,
1.0,-0.194956785352,
7.5,-0.194956785352,
6.33333333333,-0.194956785352,
2.8,-0.435383707947,
6.33333333333,-0.435383707947,
7.5,-0.0157224672341,
3.5,0.376353454748,
3.0,0.376353454748,
1.875,0.376353454748,
8.25,0.376353454748,
2.6,0.376353454748,
3.8,0.376353454748,
2.66666666667,1.18687441447,
3.0,-0.148942717349,
2.5,-0.515048072261,
1.4,-0.127563406825,
5.88888888889,-0.409563740006,
4.0,1.1796176109,
2.08333333333,1.1796176109,
4.6,1.1796176109,
4.8,1.1796176109,
4.14285714286,1.1796176109,
2.08333333333,1.1796176109,
4.36363636364,0.934193084269,
2.91666666667,-0.712387718275,
3.0,-0.712387718275,
3.5,-0.712387718275,
5.66666666667,-0.712387718275,
3.75,-0.712387718275,
7.0,-0.712387718275,
4.4,0.239336723496,
4.5,-0.236574375482,
2.0,-0.236574375482,
0.0,0.551902427881,
6.0,0.551902427881,
3.5,0.283491546931,
1.5,0.192447289129,
3.66666666667,0.192447289129,
4.0,0.192447289129,
2.0,0.307198646935,
3.66666666667,0.307198646935,
4.5,-0.580438449471,
6.0,-0.580438449471,
2.6,0.39193121169,
1.5,0.39193121169,
0.0,0.39193121169,
-0.333333333333,-0.229307147308,
5.0,-0.229307147308,
0.0,0.0853770405844,
4.83333333333,-0.75351340695,
2.0,1.11254001496,
3.0,-0.694689279638,
0.0,-0.932106619973,
2.8,-0.932106619973,
3.0,-0.284747389009,
-0.333333333333,-0.284747389009,
0.666666666667,0.734649503257,
2.0,-0.215147789043,
2.14285714286,-0.501939821419,
2.33333333333,-0.501939821419,
1.25,0.639254000402,
2.0,-0.0570213484038,
0.0,0.246062401666,
2.0,0.246062401666,
1.66666666667,0.111774974854,
4.0,-0.463544562786,
5.5,-0.611923794516,
3.33333333333,-0.165515251134,
0.0,0.389948124994,
6.0,-0.771645270241,
3.5,-1.51777699987,
2.77777777778,-0.0537509484708,
-1.0,-0.0537509484708,
2.75,-0.810292357702,
9.5,-0.810292357702,
2.75,-0.810292357702,
2.95833333333,-0.810292357702,
4.0,-0.334238493241,
0.9,-1.16792955961,
-2.0,0.686789122453,
2.5,0.686789122453,
1.66666666667,0.644152352444,
3.5,-0.447040338788,
3.11111111111,-0.447040338788,
7.0,-0.447040338788,
1.5,-0.540171246897,
0.0,0.140722870979,
-2.0,0.140722870979,
4.55555555556,1.47977296519,
4.5,0.831461352676,
1.5,0.831461352676,
3.0,0.831461352676,
4.75,0.547138650376,
3.0,0.547138650376,
-1.0,-0.637417945869,
3.0,2.01802596809,
3.0,2.01802596809,
2.66666666667,2.01802596809,
6.0,1.11711311105,
1.6,-0.740327741969,
-0.5,-0.123155049235,
-3.0,-0.123155049235,
5.0,-0.123155049235,
7.0,-0.123155049235,
2.5,-0.123155049235,
6.5,-0.389355981948,
0.0,-0.389355981948,
4.0,-0.389355981948,
3.6,-0.470612366029,
9.0,-0.470612366029,
1.25,-0.264695445361,
4.94736842105,-0.264695445361,
0.0,0.58062712964,
2.5,-0.0504507898168,
0.0,-0.0504507898168,
2.66666666667,-0.0504507898168,
1.0,-0.0504507898168,
5.2,0.934018115216,
2.66666666667,0.934018115216,
0.666666666667,0.934018115216,
6.0,0.934018115216,
1.25,0.934018115216,
4.0,0.934018115216,
1.33333333333,-0.761841590988,
0.0,-0.761841590988,
3.0,-0.761841590988,
2.0,-0.761841590988,
4.14285714286,-0.761841590988,
2.0,-0.761841590988,
0.4,-0.761841590988,
2.0,-0.761841590988,
4.16666666667,-0.761841590988,
1.0,0.168680609443,
2.5,0.168680609443,
0.0,0.168680609443,
-0.5,0.168680609443,
-0.5,0.168680609443,
0.0,0.168680609443,
0.0,0.168680609443,
0.0,0.168680609443,
0.333333333333,0.168680609443,
0.5,0.168680609443,
-1.5,0.168680609443,
3.0,0.168680609443,
0.0,0.168680609443,
0.0,-0.346601321518,
0.0,-0.346601321518,
0.0,1.12428703267,
4.0,1.12428703267,
1.16666666667,-0.242098951582,
1.0,0.362820787266,
6.0,0.362820787266,
3.5,0.362820787266,
6.0,0.362820787266,
1.5,0.362820787266,
0.0,-0.483377425584,
0.0,1.34828801087,
12.0,1.34828801087,
0.0,1.34828801087,
2.0,0.17101277933,
1.0,-0.102634911276,
6.0,-0.141429806051,
1.5,-0.141429806051,
3.0,1.1052115944,
0.0,-1.41549074893,
0.0,-1.41549074893,
0.0,-1.41549074893,
2.0,0.0815907312247,
3.0,-0.003843105992,
0.0,-0.003843105992,
3.0,0.050261819442,
0.666666666667,0.050261819442,
2.5,0.398729653557,
1.0,0.398729653557,
0.0,0.398729653557,
1.0,0.398729653557,
1.71428571429,0.398729653557,
1.71428571429,0.398729653557,
0.0,0.398729653557,
0.0,0.398729653557,
-1.33333333333,0.398729653557,
1.33333333333,0.398729653557,
3.0,0.398729653557,
5.0,-0.489961971702,
1.75,-0.489961971702,
1.5,-0.489961971702,
9.0,-0.489961971702,
1.0,-0.489961971702,
2.5,-0.489961971702,
3.0,-0.489961971702,
2.0,-0.489961971702,
2.0,-0.489961971702,
4.66666666667,-0.489961971702,
0.0,-0.489961971702,
0.0,0.581194289847,
0.0,0.581194289847,
0.666666666667,0.581194289847,
3.0,0.581194289847,
0.0,-0.521760750844,
-1.5,0.00423738133969,
7.0,0.597536753177,
1.5,-1.37998061815,
1.87951807229,-1.37998061815,
2.0,-1.37998061815,
1.87951807229,-0.483469586808,
5.0,0.0429137196417,
-0.333333333333,-1.24187633267,
0.0,0.899302702565,
2.5,1.41597495501,
4.0,1.41597495501,
2.0,-0.86545120135,
3.0,-0.86545120135,
3.0,-0.976599937054,
6.0,-0.84738659536,
5.0,0.351880632534,
-0.25,1.64441247925,
0.8,1.64441247925,
4.0,-0.118017806071,
3.66666666667,-0.118017806071,
1.66666666667,-0.118017806071,
0.0,0.619435152441,
0.0,0.797438367563,
2.5,-1.29484960462,
0.780487804878,-1.29484960462,
7.0,-1.29484960462,
0.0,1.51460521034,
0.0,-0.328847678975,
3.0,1.34987673883,
0.603305785124,1.34987673883,
2.0,1.34987673883,
1.5,1.34987673883,
7.0,1.34987673883,
2.0,1.34987673883,
6.0,1.34987673883,
-2.0,1.34987673883,
6.0,1.34987673883,
0.5,1.34987673883,
-2.0,1.34987673883,
0.5,1.34987673883,
0.0,1.34987673883,
0.0,1.34987673883,
3.75,1.34987673883,
-2.0,1.34987673883,
-1.0,1.34987673883,
1.33333333333,1.34987673883,
0.5,1.34987673883,
3.5,1.34987673883,
0.0,1.34987673883,
2.0,1.34987673883,
1.83333333333,1.34987673883,
0.0,1.34987673883,
9.0,1.34987673883,
0.0,1.34987673883,
0.0,1.34987673883,
0.0,1.34987673883,
0.0,-0.0727884180297,
0.0,-0.0727884180297,
1.0,0.0980346528081,
0.0,0.0980346528081,
8.5,0.751408954066,
0.0,0.0730689340405,
4.0,0.0730689340405,
8.5,-0.777336787595,
0.0,-0.777336787595,
1.0,-0.777336787595,
0.0,-0.2314817715,
2.0,-0.2314817715,
1.0,0.625982909138,
2.0,0.625982909138,
0.0,0.625982909138,
2.0,-1.18473588253,
0.0,0.425853603513,
-0.5,-1.11796506649,
1.0,0.81627817821,
2.2,-0.546709081963,
3.0,-0.546709081963,
4.875,0.981312552199,
0.0,0.981312552199,
3.0,-0.030139971191,
9.0,-0.030139971191,
4.0,0.59415565525,
6.0,0.59415565525,
0.0,0.71360112787,
2.25,-0.392303967276,
-2.0,-0.392303967276,
2.0,-0.392303967276,
0.0,-0.392303967276,
1.66666666667,0.837738176344,
0.666666666667,-0.262458435811,
3.63636363636,0.572737113877,
1.0,0.572737113877,
0.857142857143,0.383820667032,
-1.33333333333,0.383820667032,
2.0,0.383820667032,
0.0,-1.11179135891,
8.0,-0.902918829851,
-1.5,-0.0947984559213,
2.0,-0.293787347593,
-2.0,0.646863806468,
2.66666666667,-0.535783157837,
3.0,0.180006199934,
0.666666666667,-0.77728675468,
3.0,-0.312745451722,
-2.0,-0.322660622715,
1.0,0.885916682723,
0.5,0.868185497296,
0.0,0.0488807238811,
3.0,2.08763452917,
0.0,-0.812900472851,
2.33333333333,-0.812900472851,
0.0,-0.812900472851,
2.0,-0.662486395286,
-1.0,-0.963229962785,
6.0,0.691982658765,
2.5,-1.24337282176,
3.0,-0.375355374593,
0.0,0.909868740262,
-1.0,-0.97565180756,
1.5,0.592454678811,
6.0,-0.0822845822977,
-2.5,0.0969557117861,
1.0,0.413683353846,
8.0,0.413683353846,
6.0,1.78947532414,
1.0,0.825840830571,
1.5,1.2996939042,
3.5,1.2996939042,
1.5,-0.0917873658197,
-3.0,-0.864173415917,
7.0,-1.41306368705,
0.833333333333,0.188422842176,
9.5,0.188422842176,
1.5,-0.74796662079,
1.2,0.835910032175,
2.0,0.589589747566,
9.0,0.184022685486,
2.75,0.184022685486,
5.33333333333,0.184022685486,
3.0,1.06343681065,
11.0,1.06343681065,
1.75,-0.652216720992,
2.8,-0.2864860294,
7.0,-0.2864860294,
1.5,0.819317180887,
0.0,0.819317180887,
2.15384615385,0.819317180887,
0.0,-0.357528482294,
0.0,-0.357528482294,
0.0,-0.357528482294,
3.75,-0.357528482294,
3.75,-0.357528482294,
6.0,-0.357528482294,
3.0,-0.357528482294,
3.5,-0.357528482294,
3.0,-0.357528482294,
12.0,-0.357528482294,
0.0,-0.357528482294,
4.0,-0.357528482294,
6.0,-0.357528482294,
1.5,-0.357528482294,
3.0,1.05452014697,
-0.333333333333,-1.08814771049,
-1.0,0.606610384092,
-0.333333333333,0.606610384092,
0.0,0.476560796391,
0.5,0.862537553559,
2.0,0.862537553559,
-2.0,-0.775365015354,
5.0,-0.367306543502,
0.5,-0.485099044917,
1.0,-0.485099044917,
0.0,-0.124976905417,
0.0,-0.0869974084877,
0.5,-0.730030751809,
3.85714285714,0.119112079068,
2.5,-0.949665210686,
2.0,-0.169882379919,
-1.0,-0.34548440342,
0.0,0.576593749557,
4.0,0.576593749557,
9.0,0.114991251219,
2.0,-0.0904205192725,
6.66666666667,0.271433283059,
0.0,0.271433283059,
4.0,-0.250370260179,
0.0,-1.32134682156,
0.0,2.23529248922,
0.0,2.23529248922,
3.0,0.08009963881,
3.0,-0.0977849479601,
3.0,0.243379789469,
0.0,0.500261215022,
0.0,-0.341981122143,
4.0,1.48473012005,
6.0,1.48473012005,
3.0,-0.856222369154,
3.0,-0.856222369154,
1.5,-0.561436897103,
0.0,-1.38006384598,
4.0,0.0801530523509,
0.5,-0.708445948142,
0.0,-0.708445948142,
2.16666666667,-1.10353226756,
6.0,-0.168115458472,
0.0,-0.168115458472,
1.75,0.313033017096,
0.0,0.44471330812,
4.0,0.44471330812,
2.0,0.44471330812,
5.0,0.44471330812,
3.0,0.592909146008,
2.0,-0.150429943759,
2.25,0.0468715421683,
3.0,0.0468715421683,
2.0,-1.14139081459,
3.0,2.32015649706,
17.0,2.32015649706,
0.0,2.32015649706,
3.14285714286,2.32015649706,
2.0,2.32015649706,
0.0,2.32015649706,
6.0,2.32015649706,
5.75,2.32015649706,
0.0,2.32015649706,
5.25,2.32015649706,
4.33333333333,2.32015649706,
3.85714285714,2.32015649706,
1.9,2.32015649706,
3.75,2.32015649706,
6.25,2.32015649706,
0.0,2.32015649706,
2.5,2.32015649706,
5.0,2.32015649706,
2.0,2.32015649706,
5.25,2.32015649706,
5.0,2.32015649706,
8.0,2.32015649706,
1.66666666667,2.32015649706,
3.28571428571,2.32015649706,
9.0,2.32015649706,
13.0,-1.05390139356,
0.0,0.21831231334,
8.0,-0.288120053435,
0.0,1.17822756073,
6.5,-0.693837681794,
3.0,0.294630397871,
2.0,0.166252345383,
7.0,-0.102145607602,
5.0,-0.509494035831,
0.0,1.84518422493,
3.75,0.267661213878,
2.0,-0.0930010897824,
0.0,0.239272745336,
5.25,-0.805460956971,
7.0,-0.805460956971,
4.66666666667,-1.06423229241,
3.0,-0.74903275216,
8.0,0.877451408902,
3.5,0.211803733361,
2.125,0.761752560396,
2.0,-1.05045123272,
5.0,-0.390756018223,
5.25,-0.711531781755,
1.0,-0.711531781755,
3.25,-0.711531781755,
5.0,0.476230196319,
3.5,-0.970445908351,
13.0,-0.970445908351,
0.0,-1.1351321865,
10.0,-0.37328102137,
4.33333333333,-0.584788373928,
2.5,-0.584788373928,
0.0,1.50975460535,
0.0,0.19804142344,
1.0,0.264878280976,
0.0,-1.18746668747,
0.0,-0.547287403523,
3.5,-0.547287403523,
5.0,-0.547287403523,
5.5,-0.547287403523,
9.0,-0.547287403523,
2.33333333333,-0.547287403523,
4.0,-0.127412337097,
0.0,-0.837066008183,
7.0,2.19459410428,
6.66666666667,0.160146175525,
-2.0,0.160146175525,
7.0,1.89843541504,
2.6,1.89843541504,
1.10294117647,1.89843541504,
2.0,-0.462407834902,
5.5,-1.54009023078,
0.0,0.980730945188,
3.0,1.02033487969,
0.25,-0.728982716577,
3.0,-1.64672354412,
5.33333333333,-1.64672354412,
5.0,-1.64672354412,
3.0,-1.64672354412,
1.28571428571,0.726849459398,
2.0,-1.11767817599,
0.0,-1.11767817599,
6.0,-1.11767817599,
3.4,-0.352024938504,
11.0,-0.798767854817,
3.0,-0.798767854817,
2.4,-0.798767854817,
6.66666666667,-0.184063689386,
1.0,0.589071794318,
3.66666666667,0.589071794318,
7.0,0.589071794318,
10.0,-1.08010414675,
0.0,-1.12332548098,
5.25,-1.12332548098,
