3.0,1.91858485387,
0.0,1.91858485387,
-1.0,1.91858485387,
1.66666666667,1.91858485387,
2.0,1.91858485387,
-1.0,1.91858485387,
-1.0,1.91858485387,
0.0,1.91858485387,
1.5,-0.194399939002,
0.0,0.640866120947,
2.0,0.640866120947,
-1.0,-1.11567444648,
0.0,-0.148631259242,
3.0,-0.148631259242,
1.0,-0.148631259242,
1.5,-0.148631259242,
0.5,-0.148631259242,
2.6,1.08308267584,
1.33333333333,-0.455176143084,
-1.5,-1.14951021848,
0.0,-0.150124992981,
1.33333333333,0.582601055307,
2.5,0.582601055307,
1.66666666667,-0.101196959359,
0.0,-0.594548620573,
2.0,1.70718909422,
-0.666666666667,2.29882171076,
2.5,-0.130859200115,
8.5,-0.249602584829,
0.0,-0.249602584829,
7.0,-0.110405436637,
4.0,0.569492766623,
0.0,0.569492766623,
0.0,0.392616881935,
2.0,-0.860987407347,
2.0,-0.376572410862,
2.0,-0.376572410862,
3.0,-0.785176800829,
-2.66666666667,1.10739790871,
0.0,1.01926655562,
3.0,0.961769443662,
6.0,0.670993648784,
-1.0,-1.26488499187,
-11.0,-0.216575946207,
-2.0,-0.660499588923,
4.0,-0.660499588923,
4.0,-0.567961390739,
2.0,-0.0293281714681,
-2.0,-0.836949654197,
0.0,-0.836949654197,
0.0,0.267440242407,
0.0,0.267440242407,
1.0,0.267440242407,
3.0,0.267440242407,
0.0,0.267440242407,
-0.333333333333,0.267440242407,
1.71428571429,0.153471833279,
-1.0,0.153471833279,
3.33333333333,1.35402790215,
0.0,1.35402790215,
-1.0,1.35402790215,
1.5,-0.348811567609,
0.888888888889,0.320851056407,
1.0,-0.553209063889,
1.0,0.413043931444,
0.0,0.548170627477,
1.42857142857,-0.584971455733,
2.0,0.692095339301,
0.5,0.692095339301,
1.0,0.614754106694,
0.6,0.0109485205727,
0.0,0.0109485205727,
-1.5,0.477689283529,
1.0,0.477689283529,
0.333333333333,0.343401856716,
0.333333333333,0.343401856716,
1.33333333333,-0.999644984209,
1.0,-1.04392969656,
2.0,-0.923609018972,
3.0,0.208107729769,
4.0,0.208107729769,
6.0,-0.708474782151,
0.0,-0.108188818477,
0.0,-0.761114207503,
1.0,-0.761114207503,
5.0,-0.761114207503,
-1.0,-0.761114207503,
2.0,-0.761114207503,
0.5,0.302308048532,
0.0,0.302308048532,
1.0,1.03500775553,
6.0,-0.392722052892,
1.375,-0.392722052892,
2.0,-0.392722052892,
5.0,0.142694704665,
1.0,0.0447280231599,
4.0,-0.352266411391,
0.666666666667,-1.2945000806,
0.0,0.311324746654,
2.0,0.311324746654,
5.0,-0.106431405197,
3.25,-0.106431405197,
9.0,0.350972714472,
1.0,0.350972714472,
0.0,0.866825491057,
1.66666666667,0.866825491057,
1.73529411765,-1.75133191839,
0.4,-1.75133191839,
1.66666666667,0.379447074842,
1.58823529412,0.379447074842,
3.0,0.379447074842,
3.0,-0.645090497092,
0.0,-0.645090497092,
2.27272727273,-0.645090497092,
5.75,-0.645090497092,
3.25,0.515553431698,
3.0,-1.10796585411,
0.333333333333,-1.06878642422,
2.5,-1.06878642422,
3.18181818182,-1.06878642422,
1.25,0.494790471172,
2.0,0.494790471172,
6.0,0.0304568028187,
2.2,0.0304568028187,
4.5,0.0304568028187,
1.0,-0.28046310404,
-2.0,-0.189108630194,
1.0,-0.189108630194,
0.0,0.956968371442,
3.0,-0.694254571655,
0.0,-0.380442274443,
1.5,1.65208550838,
4.0,0.729652466384,
2.0,-0.365274232362,
3.0,-0.365274232362,
0.0,-0.729761068013,
4.0,-0.359674874746,
1.0,1.21146916839,
-2.0,-1.05480929748,
5.0,-0.535852779186,
2.2380952381,-1.89599965324,
-0.2,0.638866179514,
0.0,0.638866179514,
2.0,0.638866179514,
4.0,0.638866179514,
6.5,0.638866179514,
0.0,0.490892771553,
7.0,0.490892771553,
6.0,0.0854715526081,
4.0,-0.651745544176,
1.25,-0.681972678645,
-3.0,-0.526382688177,
2.33333333333,-0.526382688177,
2.0,-0.526382688177,
7.0,-0.794774524192,
0.0,0.729210520984,
5.0,0.729210520984,
2.33333333333,-0.654140822293,
0.0,0.663342408552,
1.0,-0.928273259598,
0.333333333333,-0.946735013669,
-0.5,0.890203671401,
0.0,0.312927480127,
3.0,1.81141377001,
2.5,-0.415363236039,
1.5,-0.415363236039,
0.0,0.183856410955,
-2.0,-0.84578604556,
-1.0,1.80054929873,
1.5,-0.829900161634,
1.0,0.197559642973,
0.0,-0.899754221585,
3.0,1.8367664771,
0.0,0.323110409288,
0.0,0.108226911028,
0.0,0.386975249678,
2.0,-1.11908926368,
7.0,-0.546684349762,
2.0,0.575163738967,
1.5,-0.172180574249,
-1.75,-0.264105898575,
0.0,-0.264105898575,
0.0,-0.264105898575,
0.0,1.0970753117,
0.0,1.0970753117,
0.0,1.0970753117,
0.0,1.0970753117,
-1.0,1.0970753117,
8.0,0.586886435484,
8.0,0.586886435484,
0.0,0.586886435484,
-0.333333333333,0.586886435484,
1.11111111111,0.586886435484,
1.33333333333,-0.535952258692,
0.0,0.230900097828,
0.0,0.130777034385,
2.0,0.130777034385,
0.0,0.130777034385,
0.0,0.130777034385,
6.0,2.40527695675,
0.0,2.40527695675,
1.5,2.40527695675,
0.0,2.40527695675,
4.0,-0.450734574558,
3.33333333333,0.11208808218,
3.33333333333,1.15615717538,
3.75,0.313844172506,
4.0,-0.409859329971,
2.6,-0.410880603236,
2.0,0.568154271562,
3.2,0.568154271562,
7.25,0.0711566008406,
4.75,1.97560971407,
0.0,-0.310543742591,
0.5,-0.871769815914,
1.5,-0.340317311552,
0.0,0.504127017702,
2.5,0.194337491517,
2.4,0.194337491517,
2.4,0.194337491517,
3.5,-0.500058227592,
0.666666666667,-0.738546523653,
0.0,-0.738546523653,
2.6,-0.738546523653,
0.666666666667,-0.738546523653,
-3.0,0.989616206101,
0.0,-0.587207294539,
-3.0,-0.587207294539,
6.0,-0.587207294539,
5.0,1.31302106647,
2.0,1.31302106647,
11.0,0.451461836889,
3.28571428571,-1.15048776208,
4.0,3.24219170666,
1.0,3.24219170666,
6.0,0.630143950634,
0.0,-0.752907225676,
2.0,-0.752907225676,
-2.0,-1.69352635887,
2.4,-0.474126084695,
3.0,0.502180231463,
5.0,0.574853175684,
3.0,-0.448547514967,
2.0,-0.648156068911,
3.0,-0.255126134837,
0.0,1.01915064963,
2.66666666667,-0.637729299524,
1.0,0.207545888698,
0.5,-0.872406247469,
0.0,0.0742844898829,
4.0,1.15371144169,
0.0,-0.261140175349,
0.0,0.0295949808328,
5.5,0.0295949808328,
3.0,-0.33705301896,
5.5,-0.33705301896,
0.0,0.683572507777,
0.0,-0.134014739066,
1.5,-0.134014739066,
0.0,0.56193478115,
1.0,1.37651136662,
0.0,1.00004747952,
0.3,-1.15603188892,
0.0,-0.571562399366,
0.0,0.235491708005,
0.0,-0.554367064558,
0.0,-0.554367064558,
5.0,-0.554367064558,
2.0,-0.706741961208,
4.0,-0.707819873506,
0.0,-0.707819873506,
1.0,-0.213212335523,
1.5,-0.213212335523,
6.0,0.706975991571,
4.0,-0.0387880645215,
2.6,0.403503156053,
1.85714285714,0.403503156053,
3.0,0.403503156053,
0.0,0.403503156053,
0.285714285714,-0.136389714485,
1.54545454545,-1.0597951102,
-2.0,-1.0597951102,
2.5,-1.0597951102,
1.54545454545,-1.0597951102,
3.5,0.289346321718,
0.333333333333,1.05739604206,
1.5,1.19301242434,
2.0,-0.452521916757,
0.714285714286,-0.530522847081,
1.5,-0.190398775529,
1.33333333333,-0.269624125742,
-1.0,-1.21031773474,
1.0,0.907186936286,
0.0,0.907186936286,
2.75,0.907186936286,
0.666666666667,0.907186936286,
0.0,0.907186936286,
2.0,1.87844288903,
2.0,-0.864714295356,
1.25,-0.864714295356,
0.0,-0.648811319363,
1.75,0.020604307991,
3.0,1.0238078278,
4.0,1.0238078278,
3.0,1.0238078278,
2.0,-0.900849678477,
4.5,-0.452265484349,
3.0,-0.34202637319,
2.0,-0.140270282864,
0.0,-0.140270282864,
2.0,0.707667739963,
0.666666666667,-0.604442291289,
2.0,0.606129392299,
1.5,0.149175507089,
2.0,-0.992310024317,
0.0,0.348098900911,
4.0,-1.20660625888,
2.8,0.464392172088,
4.0,1.96837126479,
-2.0,0.220655188278,
4.5,0.220655188278,
0.0,-0.518313424355,
7.0,-0.225696325291,
4.0,0.230988655152,
0.0,0.248564944021,
5.5,0.0124793833535,
2.0,0.711037263669,
0.0,0.711037263669,
1.5,-0.331785078631,
4.5,0.260345588662,
0.5,-0.450477433409,
6.0,0.561732445013,
0.0,-0.295359254664,
3.0,-0.541902553179,
4.66666666667,-0.530373790041,
3.5,-0.530373790041,
-3.0,-0.530373790041,
3.0,0.336599447457,
1.0,0.336599447457,
0.666666666667,0.336599447457,
-3.0,0.336599447457,
0.25,0.336599447457,
-3.0,0.336599447457,
11.0,0.336599447457,
1.66666666667,0.428430236627,
-2.25,0.428430236627,
1.125,0.428430236627,
-1.0,0.428430236627,
0.0,-0.711823802922,
1.33333333333,-0.711823802922,
3.0,-0.711823802922,
5.0,-0.711823802922,
0.0,-0.711823802922,
5.0,-0.711823802922,
0.0,-0.711823802922,
-0.5,1.70887082955,
2.0,-0.412078204081,
1.0,-1.20870789602,
3.0,-1.20870789602,
0.0,-0.330449581688,
4.0,-0.330449581688,
1.66666666667,-0.330449581688,
0.0,-1.0333364172,
2.0,-0.482135187681,
1.6,0.627027257276,
1.66666666667,0.627027257276,
2.0,0.225698967667,
4.0,1.41332582381,
5.66666666667,0.107609915079,
3.0,-0.0193449198171,
4.5,-1.18201475902,
1.5,-0.575783191252,
7.0,0.181777610211,
0.0,-0.752542301806,
2.66666666667,0.298304488132,
1.5,0.375114646335,
2.0,0.529858804108,
2.66666666667,0.247419200028,
-1.5,1.45568863071,
-4.0,0.0610024760629,
3.0,1.27515373816,
3.0,1.06924412756,
2.0,-1.06800773002,
0.0,-0.155851124869,
-1.0,-0.103842344308,
0.0,-0.15291225817,
0.0,1.23216929916,
6.0,-0.656917566979,
3.0,-0.656917566979,
9.0,-0.49051690091,
5.5,-0.49051690091,
2.0,0.98239495739,
0.0,-0.54027676951,
3.0,-0.637341028446,
6.5,-0.989842075179,
0.0,0.666339911615,
1.2,-0.0800705158488,
3.0,-0.233278422481,
2.0,0.619450477248,
1.5,0.619450477248,
-2.0,0.619450477248,
-1.5,0.619450477248,
1.0,-0.183662395821,
0.0,-0.183662395821,
2.66666666667,-0.183662395821,
0.0,0.53105284284,
-2.0,0.541025779862,
0.0909090909091,-0.714145344366,
1.5,-0.714145344366,
1.0,-0.394090219675,
2.0,-0.064157232299,
0.666666666667,-0.064157232299,
2.0,-0.673607355708,
2.66666666667,-0.673607355708,
0.0,-1.71359972847,
1.0,1.04552765933,
0.0,1.04552765933,
1.0,1.04552765933,
3.0,0.12037689712,
0.0,0.363284631741,
1.0,0.363284631741,
0.0,0.0628186222248,
3.0,-0.971891315555,
0.0,2.82931318149,
-0.333333333333,0.592600783879,
1.0,-0.429074730279,
0.0,-0.813482657748,
0.666666666667,-0.813482657748,
0.222222222222,0.113232261913,
0.0,-0.904898572044,
0.0,0.0991559557191,
2.0,-0.64652747115,
0.0,-1.05772851698,
1.66666666667,-0.315141817916,
0.0,-1.15733873947,
-0.1,-1.15733873947,
0.0,1.71538987635,
1.0,1.71538987635,
0.666666666667,1.71538987635,
1.5,1.71538987635,
1.0,1.71538987635,
0.8,1.71538987635,
2.0,1.71538987635,
8.0,1.71538987635,
4.5,1.71538987635,
3.66666666667,1.71538987635,
2.5,1.71538987635,
1.4,1.71538987635,
0.666666666667,1.71538987635,
1.25,1.71538987635,
2.0,1.71538987635,
0.0,1.71538987635,
2.0,1.71538987635,
-3.0,1.71538987635,
3.0,1.71538987635,
1.33333333333,1.71538987635,
-2.0,1.71538987635,
-0.05,1.71538987635,
4.5,1.71538987635,
0.0,1.71538987635,
-1.0,1.71538987635,
0.545454545455,1.71538987635,
1.66666666667,-0.173116438703,
0.0,-0.898209129122,
-2.0,0.866033893141,
3.0,0.266849838702,
4.0,1.53348559506,
3.0,0.337832035336,
8.0,-1.23168294352,
0.0,0.108310232028,
2.0,-0.336671750971,
2.0,-0.336671750971,
0.25,-0.336671750971,
3.0,-0.336671750971,
9.0,1.04629724598,
9.0,-0.370516072149,
-3.0,-1.32927456552,
0.5,-1.32927456552,
0.0,-1.32927456552,
4.66666666667,0.698991966323,
0.0,1.12983579124,
5.0,0.221698475521,
-1.0,0.836486759668,
1.0,-0.646757531474,
1.0,0.273655809057,
0.0,0.402221728906,
0.0,-1.08085062181,
0.0,1.04006701653,
0.0,0.105896288085,
0.0,0.0533150375681,
5.0,-1.37849457318,
0.0,-0.47095698599,
1.5,-1.29722348579,
5.0,-1.16464000776,
0.0,1.1311640508,
10.0,-0.850797155016,
3.0,-0.502738953481,
10.0,-0.701810870992,
1.5,-0.701810870992,
0.0,-0.268371446811,
2.0,0.649879049922,
4.66666666667,0.462392949319,
3.0,0.462392949319,
4.0,-0.355160816514,
0.0,1.51363244499,
5.0,-1.00474923797,
0.0,-0.358740511082,
3.0,0.4278910747,
3.5,0.4278910747,
5.0,0.897201838634,
4.0,0.0894937203994,
3.41666666667,-0.428112920893,
7.0,0.898710905315,
2.0,-0.272080804472,
4.66666666667,1.2421061718,
5.28571428571,0.551744666194,
4.0,0.360573376512,
7.0,-0.537671706434,
5.5,-0.537671706434,
3.0,-0.537671706434,
2.0,0.149541623637,
0.0,-0.32219990674,
2.8,-0.349953288647,
3.5,0.82161361373,
3.0,0.622600941503,
1.0,0.94612745415,
-1.0,-0.108688232698,
5.0,1.39358432369,
0.0,-1.65644074116,
5.0,-0.959297051929,
5.0,-0.959297051929,
2.0,0.30159509816,
4.0,-0.601892281661,
2.0,0.515725511026,
4.0,0.817491460414,
3.0,0.817491460414,
1.0,1.11736197878,
5.0,-1.19523297048,
4.0,-0.3619512504,
0.0,-0.778351252109,
2.0,-0.36639168725,
0.5,1.5680183761,
3.77777777778,-1.49562751894,
2.0,-0.740078275204,
0.0,-0.740078275204,
4.0,-1.03000699268,
3.0,0.019990525438,
4.0,1.40398143018,
-1.0,1.40398143018,
4.0,0.941910502196,
4.0,0.941910502196,
2.0,0.941910502196,
3.0,0.941910502196,
2.0,0.941910502196,
2.0,-1.79451464181,
4.0,-1.79451464181,
3.0,-0.169681543016,
0.0,0.0553755758285,
8.0,0.120967087875,
2.5,1.23254928044,
4.0,1.23254928044,
1.0,1.23254928044,
2.0,1.23254928044,
6.0,0.235951667268,
0.0,0.0905388763987,
4.0,-0.633751911424,
3.0,-0.633751911424,
5.5,-0.633751911424,
2.5,-0.633751911424,
4.5,-0.839800376316,
4.0,0.711167670884,
0.0,0.711167670884,
2.0,-0.352738239957,
5.0,-0.239657553576,
5.5,-0.239657553576,
5.5,-0.239657553576,
2.0,0.20302189044,
1.0,0.20302189044,
6.0,0.20302189044,
2.0,0.20302189044,
4.0,0.193984597691,
2.0,0.115174275427,
2.0,0.115174275427,
0.5,0.115174275427,
0.0,0.55119151175,
4.0,0.55119151175,
4.0,-0.262952749378,
1.0,0.542426145449,
4.0,-0.305142238232,
1.5,0.417016572623,
0.0,0.417016572623,
0.666666666667,0.276827135203,
0.666666666667,0.276827135203,
3.0,-0.824518922314,
4.0,-0.824518922314,
4.0,-0.238181507273,
2.0,0.0985935614594,
6.0,0.0985935614594,
0.5,-0.193212222682,
6.0,0.558731731076,
1.5,-0.878542548315,
0.0,0.485783802844,
3.0,0.484274445808,
1.0,-0.956400043655,
0.0,1.49313065856,
1.0,-0.0140887505087,
4.0,1.8765789875,
1.0,1.8765789875,
1.33333333333,-0.260114149775,
1.14285714286,-0.260114149775,
0.285714285714,-0.260114149775,
1.33333333333,-0.260114149775,
2.0,0.672743563199,
2.5,-0.574009467838,
2.6,-0.574009467838,
9.0,-0.404277177942,
2.0,-0.1163381615,
4.0,-0.547402483928,
0.75,-0.437500562829,
3.33333333333,-0.437500562829,
0.0,-0.437500562829,
2.0,0.0356975960896,
0.0,0.0356975960896,
2.5,0.816960476107,
4.0,-0.837629222285,
0.0,-0.52693006971,
4.0,0.0730743016555,
0.0,0.0730743016555,
3.0,0.0730743016555,
2.0,0.0730743016555,
9.0,0.0730743016555,
0.0,0.0730743016555,
0.0,0.0730743016555,
0.0,0.0730743016555,
9.0,0.0730743016555,
5.0,0.0730743016555,
6.0,0.0730743016555,
0.0,0.0730743016555,
4.33333333333,0.0730743016555,
-0.25,0.0730743016555,
0.0,0.0730743016555,
-0.2,0.0730743016555,
0.333333333333,0.0730743016555,
0.0,0.0730743016555,
0.0,0.0730743016555,
1.0,0.0730743016555,
0.0,0.0730743016555,
0.0,0.0730743016555,
0.0,0.0730743016555,
0.0,0.0730743016555,
3.0,0.0730743016555,
0.0,0.0730743016555,
0.0,0.228289137835,
2.0,0.373663570134,
3.5,1.15111851204,
4.0,0.341331677465,
4.0,0.137937483919,
9.0,0.147043167579,
-2.0,0.326805757518,
0.0,0.0620603376532,
0.0,0.0620603376532,
6.5,0.0620603376532,
-1.0,0.0620603376532,
3.0,0.966501244324,
2.0,0.0990138624646,
1.0,-0.744120655771,
0.0,0.176934911226,
4.0,0.258708959441,
0.5,-0.186904811579,
0.0,1.25858951389,
0.0,-0.303875628564,
6.0,-0.436492694641,
-0.4,2.3698627749,
5.25,2.3698627749,
2.0,-0.483582659558,
0.0,-0.483582659558,
8.0,-0.483582659558,
2.0,-0.483582659558,
0.333333333333,-0.783311381627,
1.0,-0.783311381627,
2.0,-0.783311381627,
0.0,0.0404025978213,
1.0,0.0404025978213,
10.0,0.0404025978213,
1.1,-0.554072515333,
4.25,-0.554072515333,
1.25,-0.554072515333,
-1.0,0.0895956744206,
8.5,-0.864596047607,
0.0,-0.864596047607,
10.0,0.163984861545,
2.0,0.304813846478,
-1.5,-0.577135195931,
4.0,0.370232161426,
2.0,-0.668834556702,
2.66666666667,0.518817446501,
-0.5,0.518817446501,
0.0,-0.541015588221,
10.0,-0.194236043823,
9.0,-0.246817294339,
2.0,1.59919143753,
5.0,1.59919143753,
5.5,-1.72801740075,
3.33333333333,-1.14138248906,
3.5,-1.14138248906,
1.0,-1.14138248906,
3.8,-1.14138248906,
3.0,-1.14138248906,
3.66666666667,-1.14138248906,
-1.0,-1.14138248906,
3.0,-1.14138248906,
1.5,-1.14138248906,
5.0,-1.14138248906,
0.5,-1.14138248906,
0.0,-1.14138248906,
0.875,-1.14138248906,
5.5,-1.14138248906,
1.33333333333,-1.14138248906,
3.0,-1.14138248906,
2.0,-1.14138248906,
4.0,-1.14138248906,
3.66666666667,-1.14138248906,
7.0,0.0,
1.75,0.0,
-1.0,0.0,
0.0,0.0,
3.0,0.0,
8.0,0.0,
0.0,0.0,
-3.33333333333,0.0,
0.0,0.0,
5.0,0.0,
0.0,0.0,
3.66666666667,0.0,
13.0,0.0,
1.0,0.0,
13.0,0.0,
-1.0,0.0,
4.0,0.0,
3.0,0.0,
5.33333333333,0.0,
-2.0,-0.0314391876707,
0.0,1.28748769025,
6.0,0.785383687487,
6.0,-1.10315088089,
0.5,-1.10315088089,
0.0,-0.477589791525,
1.0,-0.477589791525,
0.0,-1.5764180618,
4.0,-0.663306150039,
9.0,0.399851812396,
5.0,0.399851812396,
0.0,-0.238371483933,
7.0,0.614235560584,
10.0,0.385807000587,
2.0,1.15093799354,
0.0,0.264058381723,
3.0,0.217636221749,
2.0,-0.444429253838,
6.75,-1.60542893952,
3.5,-1.60542893952,
3.33333333333,-1.6530990147,
0.0,1.37043176571,
5.0,0.131165158997,
3.0,0.230435382104,
3.0,1.11032740542,
2.0,0.793618857709,
2.66666666667,0.793618857709,
2.8,0.651219472051,
7.0,0.651219472051,
1.83333333333,0.651219472051,
2.5,-0.378013425296,
1.0,-0.378013425296,
0.5,-1.14091758031,
0.0,0.41612740822,
1.0,-0.21785384772,
-1.0,-0.21785384772,
0.0,-0.21785384772,
0.0,-0.186537592514,
0.714285714286,-1.0056841239,
2.0,-1.21709159505,
1.625,-0.62975923171,
1.5,0.479502899975,
1.5,0.479502899975,
1.0,-0.460702107775,
3.5,1.71368187789,
0.666666666667,0.734025987175,
1.33333333333,0.0409104804139,
0.0,1.75026211927,
-1.0,-0.0558031592377,
1.5,0.0465108797246,
3.0,-1.03178974779,
4.0,-0.55164130857,
4.5,-0.55164130857,
0.0,-0.436349004054,
0.0,0.319139317414,
0.666666666667,-0.417394681097,
2.0,-0.417394681097,
0.0,-0.068488830666,
2.28571428571,-0.487040831233,
0.0,-0.487040831233,
-1.0,-0.487040831233,
0.0,-0.487040831233,
1.0,-0.487040831233,
2.5,-0.487040831233,
2.5,-0.487040831233,
3.4,-0.487040831233,
2.0,-0.487040831233,
0.0,-0.487040831233,
0.857142857143,-0.487040831233,
4.0,-0.487040831233,
0.0,-0.487040831233,
5.0,-0.487040831233,
0.0,-0.487040831233,
3.0,-0.487040831233,
2.4,-0.487040831233,
3.5,-0.499405879596,
0.0,1.19812079104,
4.0,1.19812079104,
1.5,1.19812079104,
6.5,1.19812079104,
0.0,1.19812079104,
1.5,1.19812079104,
0.0,-1.46631933784,
0.0,-0.804580047336,
-0.2,-0.290873069684,
3.0,0.263457829769,
0.0,0.263457829769,
0.0,-0.0414203741027,
2.0,0.0264721513425,
4.5,0.0264721513425,
0.5,0.368476259422,
5.75,-0.280149341011,
8.0,-0.280149341011,
4.33333333333,0.968808090263,
0.0,-0.840907976817,
6.8,1.46349244378,
4.0,-0.58776831894,
0.2,0.271713647555,
3.0,1.34691051667,
0.0,1.34691051667,
3.64705882353,1.34691051667,
5.0,0.125943851487,
4.33333333333,0.125943851487,
2.0,1.24490184257,
0.0,-1.18075103954,
2.0,-1.18075103954,
3.0,-1.74980463699,
6.0,0.66283975449,
-3.0,0.66283975449,
2.75,0.66283975449,
-3.0,0.809661181501,
3.0,-0.976412258341,
3.33333333333,-0.14112905466,
6.0,-0.275416481473,
8.0,0.982798578133,
2.0,-0.429368782207,
0.0,-0.429368782207,
0.5,-0.966264754104,
6.0,-0.966264754104,
1.5,-0.966264754104,
8.5,-0.966264754104,
0.333333333333,-0.966264754104,
0.0,-0.966264754104,
4.5,-0.966264754104,
-0.5,-0.966264754104,
3.33333333333,-0.966264754104,
-1.38461538462,-0.376340264549,
0.0,-0.376340264549,
4.5,-0.376340264549,
1.0,0.411120403625,
0.0,-0.540695860534,
3.0,-0.540695860534,
5.5,-0.540695860534,
1.0,-0.540695860534,
3.5,-0.540695860534,
2.0,-0.540695860534,
0.0,-0.540695860534,
2.0,-0.46147176271,
5.0,0.282855154197,
3.5,-0.181419923231,
4.0,-0.181419923231,
4.0,-0.0231068018788,
4.0,-0.0231068018788,
-0.333333333333,0.197229504894,
2.33333333333,-0.38828024637,
4.0,-0.243732735538,
2.5,-1.60363350152,
5.33333333333,-1.60363350152,
1.5,-1.21326626634,
11.0,-0.149947977808,
6.0,-0.149947977808,
2.0,0.514323007248,
1.5,1.54235668321,
1.0,1.54235668321,
3.0,1.54235668321,
1.5,0.318090156079,
0.75,-0.979809252644,
3.0,0.829391795479,
1.8,0.700780797474,
2.8,0.0434995596766,
5.22222222222,0.342406419803,
7.0,0.342406419803,
6.33333333333,0.342406419803,
2.0,0.342406419803,
9.0,0.342406419803,
3.0,-1.17192395846,
5.5,-0.627520853929,
0.5,0.216923475324,
0.0,-0.300853340915,
6.33333333333,-0.260209065452,
3.25,-0.260209065452,
2.75,-0.260209065452,
4.5,-0.260209065452,
6.0,-0.260209065452,
7.75,-0.260209065452,
0.5,-0.0256115617178,
5.75,-0.0256115617178,
1.2,-0.0256115617178,
1.4,-0.653325922654,
2.0,-0.653325922654,
0.75,-0.653325922654,
2.22222222222,0.0,
-0.333333333333,0.0,
1.1,0.0,
0.5,0.0,
1.1,0.0,
4.0,0.0,
2.55555555556,0.0,
4.0,0.0,
1.72727272727,0.0,
2.4,0.0,
0.0,0.0,
1.42857142857,0.0,
6.0,0.0,
2.8,0.0,
0.8,0.0,
2.0,0.0,
5.0,-0.774457697085,
0.0,-0.275404550989,
2.0,1.30435844368,
2.5,-1.04636839246,
4.0,-1.04636839246,
6.0,-1.04636839246,
4.5,-1.04636839246,
2.5,-0.19828919137,
5.0,-0.19828919137,
5.5,0.598320948775,
10.0,0.201105826593,
2.0,-0.975577259093,
2.5,-0.147843044637,
0.0,1.03982824051,
0.0,0.416582613,
3.0,0.416582613,
0.0,0.416582613,
0.333333333333,0.416582613,
0.666666666667,0.665706486966,
8.0,0.00280426080041,
6.5,1.56203750111,
2.0,1.56203750111,
0.333333333333,-0.367320168793,
-1.0,0.769250816281,
1.0,-1.33148879629,
0.0,-0.251026897617,
3.0,-0.6944965743,
0.0,-1.60480520871,
3.0,-0.571484018154,
1.0,0.526714856551,
0.0,0.190447565742,
1.0,-0.144123363503,
1.0,0.0512130782357,
0.0,-0.0635084102301,
-1.0,-0.409114128998,
0.0,0.605687195538,
1.66666666667,-0.0484893732493,
2.0,1.04732605173,
7.0,0.55358027699,
2.0,0.561836923298,
2.0,0.723550789625,
4.0,0.632506531824,
0.0,0.900220305186,
0.0,-0.305682107722,
2.0,-0.909826324311,
0.0,-1.00429740762,
3.0,-0.571877581279,
3.0,-0.571877581279,
0.0,-0.402145291382,
2.5,0.133270974074,
7.66666666667,0.305111131031,
4.0,0.267647738858,
2.0,0.267647738858,
0.0,0.267647738858,
20.0,0.267647738858,
0.0,0.267647738858,
8.0,0.267647738858,
0.0,0.267647738858,
3.0,0.267647738858,
5.0,0.267647738858,
0.0,0.267647738858,
7.0,-0.848734377854,
0.0,-0.200603639443,
0.0,-0.200603639443,
2.33333333333,-0.777687249431,
5.5,-0.777687249431,
2.5,0.0163985598107,
1.16666666667,-0.814561706099,
0.0,0.447782398618,
12.0,0.447782398618,
4.0,-0.256072950215,
4.5,0.282722115931,
1.5,-1.4840166853,
8.0,-0.452417687877,
1.0,1.02430383142,
5.0,0.588069645331,
1.0,0.630370412268,
2.0,0.630370412268,
6.0,0.630370412268,
1.0,0.519796971726,
2.0,0.519796971726,
1.66666666667,1.33621285119,
0.0,-0.905127609628,
-1.0,-0.149141988999,
-1.0,-0.0457401692133,
3.5,-0.0790650470561,
0.0,-0.213679832182,
4.0,-0.541221598521,
0.0,-0.278360026288,
1.0,0.252921244441,
4.0,2.03511339939,
1.0,-0.577256700019,
1.0,-0.577256700019,
5.0,-0.235703968802,
1.0,-0.235703968802,
0.0,-0.235703968802,
4.0,-0.235703968802,
4.0,-0.235703968802,
3.5,-0.235703968802,
2.375,-0.235703968802,
5.0,-0.235703968802,
2.0,-0.235703968802,
0.0,-0.235703968802,
9.0,-0.235703968802,
3.0,-0.501144347008,
4.0,0.548900738049,
1.0,-0.431690491449,
1.66666666667,0.495454012538,
1.0,-0.802249712271,
3.0,-0.535791865966,
-1.0,-0.339415604708,
1.33333333333,0.157149434236,
-0.4,0.485559913114,
-3.0,0.485559913114,
0.0,-0.365001249382,
-3.0,-0.365001249382,
3.66666666667,-0.365001249382,
0.5,-0.365001249382,
2.0,-0.365001249382,
0.0,-0.315062500986,
1.4,0.157408404266,
1.0,0.657821688352,
2.5,0.657821688352,
1.0,0.657821688352,
0.75,0.0601384657734,
0.578947368421,0.0601384657734,
9.0,0.0601384657734,
0.0,1.80984526448,
3.0,0.0932456298733,
3.5,-1.53700824761,
5.0,0.46298860399,
3.25,0.46298860399,
8.0,-0.70446599548,
2.0,0.739967414658,
6.33333333333,-0.624191233308,
6.0,-0.308453227835,
0.0,-0.308453227835,
2.66666666667,-0.308453227835,
1.5,-0.17681514551,
2.0,-0.576500282436,
6.5,-0.576500282436,
1.33333333333,-1.02572949466,
2.0,-0.892311727367,
0.0,0.858302953152,
-2.0,0.584301878418,
2.0,0.813259256523,
2.0,0.017622846642,
0.5,-0.524115184486,
1.5,0.484281041935,
2.5,0.790466709268,
5.5,0.790466709268,
11.0,0.118998356284,
2.5,0.118998356284,
9.0,0.294070079983,
-0.4,-1.21478376391,
3.33333333333,1.5269136786,
1.5,2.33233383162,
0.333333333333,1.03931997418,
2.0,-0.331134910635,
0.0,0.910970697208,
1.0,-0.612936064057,
0.0,-0.612936064057,
2.5,-0.618350835986,
4.0,0.0720156886528,
0.0,-0.212755811042,
2.0,1.16334095176,
3.0,-0.703592229122,
4.0,0.595744439676,
3.0,0.987063464235,
0.25,0.622426586323,
-3.0,-0.500416622961,
-3.0,-0.500416622961,
1.0,-0.420762244006,
3.5,-0.420762244006,
0.0,-1.32135140186,
8.0,-0.00024895578053,
6.0,-0.963403527718,
3.0,-0.963403527718,
1.0,-0.963403527718,
6.5,-0.963403527718,
0.0,-0.963403527718,
8.0,-0.963403527718,
2.0,0.741898526195,
3.0,-0.560199979576,
1.0,-0.51968782311,
0.0,-0.958603563775,
5.0,0.427002914242,
7.0,0.873398313461,
2.5,0.873398313461,
6.0,0.873398313461,
2.5,0.873398313461,
2.33333333333,0.873398313461,
2.0,0.873398313461,
5.0,0.873398313461,
3.66666666667,0.873398313461,
2.0,0.873398313461,
0.5,0.873398313461,
-0.333333333333,0.873398313461,
0.0,0.873398313461,
6.0,0.873398313461,
2.0,0.873398313461,
4.0,0.873398313461,
2.66666666667,0.873398313461,
1.5,0.873398313461,
1.0,0.873398313461,
0.0,0.873398313461,
2.0,0.873398313461,
1.0,0.873398313461,
0.0,0.873398313461,
0.5,0.873398313461,
-2.0,0.873398313461,
3.0,1.50161577467,
1.33333333333,1.50161577467,
2.33333333333,-0.337098068822,
0.0,-0.893959299323,
0.0,-0.46760424819,
0.1,1.18646648731,
4.66666666667,-0.188648766349,
2.0,-0.18055523873,
1.0,-0.18055523873,
3.0,-0.18055523873,
0.8,0.672778473745,
0.0,0.672778473745,
0.0,0.672778473745,
4.0,0.672778473745,
3.0,0.672778473745,
0.0,0.672778473745,
-0.666666666667,0.672778473745,
5.5,0.672778473745,
4.8,0.672778473745,
1.66666666667,0.468911013517,
2.0,0.605313540294,
6.0,0.605313540294,
4.28571428571,0.605313540294,
2.0,-1.07836575278,
4.5,-1.07836575278,
2.14285714286,-1.07836575278,
0.0,-1.07836575278,
4.5,-1.07836575278,
0.0,1.75270689796,
2.33333333333,0.777822981665,
9.0,-1.11126388448,
4.0,-0.248577751268,
8.0,1.76585591458,
0.5,0.724511928031,
2.0,-0.0523197227795,
13.0,0.376699016495,
3.0,0.376699016495,
-4.0,-0.260145611944,
9.0,-0.0236351402786,
4.5,-0.163285566675,
7.0,-0.0969611368394,
-1.0,0.562929344555,
0.0,0.442595758966,
4.75,-0.81970517685,
6.0,-0.547612770539,
3.0,-0.547612770539,
9.0,-0.547612770539,
5.0,-0.547612770539,
1.0,-0.547612770539,
0.0,-0.547612770539,
2.0,-0.547612770539,
1.0,-0.547612770539,
0.0,-0.547612770539,
4.0,-0.547612770539,
0.0,-0.547612770539,
6.0,-0.547612770539,
0.0,-0.547612770539,
6.0,-0.547612770539,
0.0,-0.547612770539,
6.5,-0.547612770539,
6.0,-0.547612770539,
3.0,-0.547612770539,
1.0,-0.505525582588,
0.0,1.13344537733,
3.0,0.444660878915,
-0.666666666667,0.444660878915,
2.5,0.444660878915,
0.333333333333,-1.2368769755,
2.5,-0.0284456157824,
2.0,0.858740239042,
0.0,-1.47133372207,
0.0,-0.907004890589,
3.66666666667,-0.770844206418,
1.0,-0.770844206418,
0.571428571429,0.301697736892,
0.0,0.301697736892,
11.5,-0.15806176321,
8.33333333333,-0.476835804313,
0.5,0.503255399864,
7.0,0.849965404366,
2.0,0.849965404366,
-1.0,0.745413687697,
1.33333333333,0.395391558374,
1.05555555556,0.167416638301,
2.0,0.808159846961,
0.0,0.808159846961,
2.42857142857,0.808159846961,
-1.0,0.893597554027,
-1.0,-0.357511875493,
1.5,0.355531994904,
6.0,0.355531994904,
4.4,0.256711148397,
2.0,1.83872595502,
1.75,-0.182454529113,
-0.75,-0.182454529113,
4.75,-0.47201433166,
0.0,-0.47201433166,
7.0,-0.749793820107,
-2.0,-0.749793820107,
4.0,-0.749793820107,
2.0,-0.749793820107,
5.6,-0.749793820107,
4.0,-0.749793820107,
8.0,-0.853279526977,
3.0,-0.853279526977,
2.0,0.212788518672,
0.0,0.359765494826,
1.5,-0.728091396317,
8.0,-0.728091396317,
10.0,-0.728091396317,
3.0,-0.19937285483,
3.33333333333,0.0884067733563,
6.0,0.0884067733563,
3.0,0.0884067733563,
3.0,0.0884067733563,
2.0,0.0884067733563,
0.0,1.03463903109,
6.0,-0.0824496605969,
0.0,-0.50006703799,
2.0,0.0618374633903,
3.0,1.24275507818,
10.0,-0.531567491411,
1.5,0.651289505914,
-1.0,0.651289505914,
1.5,0.651289505914,
1.5,0.326915661866,
0.0,-0.773123329534,
0.0,0.478471510296,
0.0,-0.112478444628,
1.0,-0.112478444628,
0.0,1.04203727803,
0.75,-0.459755395674,
0.0,-0.459755395674,
4.5,0.632242497456,
-1.0,0.432413009727,
0.0,0.432413009727,
4.0,0.432413009727,
1.0,-0.828646790706,
2.75,-1.52471332931,
-6.0,0.994294602362,
0.0,0.994294602362,
-1.0,0.994294602362,
3.0,0.994294602362,
3.0,0.994294602362,
6.0,0.994294602362,
3.0,0.994294602362,
0.0,0.994294602362,
0.666666666667,-0.420817130331,
-2.0,-0.420817130331,
0.545454545455,1.32004229536,
0.571428571429,-0.94757913537,
1.5,-0.94757913537,
0.0,-0.94757913537,
1.0,-0.0591909547279,
-3.0,-0.0591909547279,
0.666666666667,-0.0591909547279,
0.0,0.79900719186,
1.25,-0.0224264252697,
1.0,1.30536232239,
-0.6,1.30536232239,
2.75,1.30536232239,
2.0,1.30536232239,
2.0,1.30536232239,
1.0,1.30536232239,
1.5,1.30536232239,
2.0,1.30536232239,
0.0,1.30536232239,
0.0,0.66612320845,
1.0,0.66612320845,
2.5,0.112728581544,
3.0,-0.18373014403,
0.0,0.0413269748152,
0.0,0.882188737931,
3.38709677419,0.53641968326,
2.71428571429,-0.1675987091,
1.33333333333,1.4597205767,
2.8,-0.670485919704,
3.0,-1.11960352868,
0.0,-1.35978546218,
1.5,0.894877258284,
3.5,0.894877258284,
0.0,-1.50913465427,
3.0,-0.797293681608,
2.0,0.783600027043,
1.66666666667,0.783600027043,
2.66666666667,1.33188038275,
0.0,1.33188038275,
2.0,0.556686108833,
-3.0,0.556686108833,
0.0,-0.0789809648074,
5.0,-0.0789809648074,
3.5,-0.843443326775,
7.0,-0.843443326775,
4.0,-0.843443326775,
2.0,-0.843443326775,
0.5,-0.843443326775,
0.0,-0.843443326775,
1.66666666667,-0.843443326775,
2.0,-0.843443326775,
-1.0,-0.843443326775,
-0.6,-0.843443326775,
0.0,-0.843443326775,
1.0,-0.843443326775,
0.0,-0.843443326775,
1.0,-0.843443326775,
1.0,-0.843443326775,
3.0,-0.843443326775,
2.5,-0.843443326775,
0.0,-0.843443326775,
1.4,-0.843443326775,
1.5,-0.843443326775,
2.25,-0.843443326775,
0.5,-0.843443326775,
1.0,-0.843443326775,
-2.0,-0.843443326775,
0.333333333333,-0.843443326775,
0.75,-0.843443326775,
11.0,0.784296261929,
1.0,0.784296261929,
3.66666666667,-1.11905054855,
0.0,1.52765111512,
10.0,0.256736645375,
0.0,0.256736645375,
6.5,1.19635846262,
6.0,-0.25150408382,
10.0,-0.456789227608,
2.8,0.0819433244293,
3.0,-0.175998993382,
4.0,0.91053297456,
0.0,0.91053297456,
6.0,-0.0625858914558,
4.0,0.366783000864,
7.0,-0.368016556065,
3.0,-0.368016556065,
1.0,-0.368016556065,
-1.0,-0.368016556065,
-1.0,-0.368016556065,
-3.0,-0.368016556065,
2.0,-0.368016556065,
0.5,-0.368016556065,
2.0,-0.368016556065,
0.0,-0.249781424538,
-4.0,0.846532626185,
0.0,0.0343703889988,
1.6,-0.939327092796,
0.0,-1.00881189559,
4.0,2.89481251688,
0.0,0.498335615496,
0.0,-0.474841621816,
3.0,0.578771835896,
1.66666666667,0.256364303279,
6.0,-0.576244320132,
3.0,0.410616609414,
2.5,-1.09544790395,
3.0,0.961599968063,
3.0,0.961599968063,
-5.0,0.961599968063,
5.0,0.265347577438,
0.0,0.288196917851,
6.0,-0.299329018619,
3.0,-0.418531570716,
-2.0,-0.418531570716,
8.0,-0.418531570716,
5.0,-0.418531570716,
2.0,-0.418531570716,
6.25,-0.418531570716,
-1.0,-0.418531570716,
2.0,-0.418531570716,
3.0,-0.418531570716,
11.0,-0.418531570716,
0.0,-0.0381305235473,
0.0,0.366313684262,
6.25,-0.71144984126,
0.0,-0.71144984126,
2.5,-0.71144984126,
4.0,-0.71144984126,
3.0,-0.71144984126,
5.0,-0.71144984126,
6.0,-0.71144984126,
3.0,-0.580886769756,
4.66666666667,-0.580886769756,
1.71428571429,-0.455213898628,
0.25,-0.455213898628,
0.75,-0.455213898628,
-1.0,0.148262210798,
2.66666666667,0.148262210798,
0.666666666667,-0.384707602443,
-0.4,-0.384707602443,
-2.0,0.77534983209,
3.5,0.989378769148,
1.7,-0.44313549656,
1.0,0.3817298371,
1.0,1.4541388672,
5.0,-1.16670788457,
5.0,1.09019649271,
8.0,0.967536979104,
-2.0,-0.284950502407,
0.0,0.269069208051,
1.5,-0.251095880682,
0.0,-0.925572227578,
3.5,-0.994567836558,
0.0,0.274716498503,
3.0,-0.563270345888,
8.0,-0.378231142299,
8.0,-0.160591415935,
3.75,0.110010921778,
3.0,0.110010921778,
4.0,0.203265127817,
2.0,0.810793242154,
2.0,0.0720579927782,
3.0,0.0720579927782,
0.0,0.0720579927782,
3.0,0.0720579927782,
0.0,-0.699124716665,
2.0,-0.36718375636,
6.0,1.00081963439,
2.0,1.00081963439,
5.0,0.769387228714,
1.5,0.163626034315,
3.5,-0.322751318934,
12.0,-1.0339068357,
-2.0,-1.0339068357,
4.0,0.663023062071,
-4.0,-0.999722357877,
0.4,-0.194956785352,
0.0,-0.0157224672341,
7.0,0.376353454748,
2.0,0.376353454748,
3.0,0.376353454748,
2.0,0.376353454748,
7.5,0.376353454748,
2.0,-0.515048072261,
4.0,-0.127563406825,
0.0,-0.409563740006,
3.0,1.1796176109,
1.25,1.1796176109,
0.0,1.1796176109,
8.5,1.1796176109,
0.0,0.934193084269,
2.0,-0.712387718275,
14.0,-0.712387718275,
-1.0,-0.712387718275,
2.0,0.239336723496,
1.2,-0.236574375482,
1.2,0.551902427881,
1.0,0.551902427881,
4.5,0.283491546931,
3.5,0.192447289129,
2.0,0.307198646935,
3.0,0.39193121169,
-4.0,0.39193121169,
2.0,0.39193121169,
0.5,-0.229307147308,
5.33333333333,0.0853770405844,
8.0,-0.75351340695,
3.0,1.11254001496,
1.5,-0.932106619973,
2.0,-0.932106619973,
4.4,-0.284747389009,
-1.0,-0.284747389009,
1.0,-0.215147789043,
5.0,-0.501939821419,
1.25,-0.501939821419,
4.33333333333,0.639254000402,
3.0,-0.0570213484038,
5.0,0.246062401666,
1.25,0.246062401666,
6.0,-0.463544562786,
8.0,-0.165515251134,
7.0,0.0822241865991,
2.0,0.389948124994,
6.0,-0.771645270241,
2.75,-1.51777699987,
4.0,-0.0537509484708,
2.0,-0.270630774429,
0.0,-0.810292357702,
9.0,-0.810292357702,
0.0,-0.810292357702,
2.0,-1.16792955961,
5.5,0.686789122453,
0.0,0.686789122453,
3.83333333333,-0.447040338788,
0.0,-0.540171246897,
1.75,0.140722870979,
5.5,0.140722870979,
0.0,1.47977296519,
3.0,0.831461352676,
2.0,0.831461352676,
2.0,0.547138650376,
4.0,0.547138650376,
3.2,-0.637417945869,
4.25,-0.187117472087,
2.0,2.01802596809,
3.75,2.01802596809,
2.375,2.01802596809,
5.0,1.11711311105,
3.0,-0.123155049235,
2.0,-0.389355981948,
2.0,-0.389355981948,
6.0,-0.389355981948,
0.0,-0.389355981948,
3.25,-0.470612366029,
0.0,-0.470612366029,
-0.333333333333,-0.0504507898168,
2.5,0.934018115216,
6.0,0.934018115216,
0.0,0.934018115216,
3.0,-0.761841590988,
-5.5,-0.761841590988,
3.5,-0.761841590988,
2.0,-0.761841590988,
0.0,-0.761841590988,
2.66666666667,-0.761841590988,
4.0,0.168680609443,
-0.5,0.168680609443,
0.0,0.168680609443,
1.0,0.168680609443,
0.0,0.168680609443,
0.0,0.168680609443,
0.0,0.168680609443,
1.5,1.12428703267,
2.0,-0.851668905184,
0.0,-0.68134070072,
-3.0,-0.68134070072,
4.0,1.34828801087,
4.0,0.17101277933,
2.0,-0.003843105992,
0.0,0.398729653557,
0.416666666667,0.398729653557,
0.0,0.398729653557,
0.0,0.398729653557,
1.62820512821,0.398729653557,
-1.5,0.398729653557,
0.0,-0.489961971702,
5.0,-0.489961971702,
2.5,-0.489961971702,
1.72222222222,-0.489961971702,
1.0,-0.489961971702,
0.25,-0.489961971702,
0.428571428571,-0.489961971702,
0.0,0.581194289847,
0.0,0.00423738133969,
1.66666666667,0.597536753177,
6.0,-1.37998061815,
1.83333333333,-1.37998061815,
2.4,-1.24187633267,
1.66666666667,-1.24187633267,
4.0,1.41597495501,
2.0,-0.86545120135,
5.5,-0.976599937054,
4.0,-0.84738659536,
2.5,1.64441247925,
0.0,-1.14366951783,
3.5,-0.118017806071,
0.5,-0.328847678975,
0.0,1.34987673883,
1.0,1.34987673883,
0.5,1.34987673883,
8.0,1.34987673883,
0.0,1.34987673883,
2.5,1.34987673883,
0.0,1.34987673883,
6.0,1.34987673883,
8.0,0.0730689340405,
3.0,0.0730689340405,
4.0,-0.777336787595,
2.0,-1.11796506649,
2.5,0.981312552199,
7.0,0.981312552199,
9.0,0.59415565525,
0.0,-0.392303967276,
2.5,-0.392303967276,
4.0,0.837738176344,
4.0,0.847032139209,
5.0,0.847032139209,
4.0,0.572737113877,
2.0,0.383820667032,
6.0,0.383820667032,
3.0,-1.11179135891,
0.0,-0.902918829851,
0.0,-0.535783157837,
2.5,-0.535783157837,
-0.333333333333,-0.812900472851,
0.0,-0.662486395286,
-1.0,0.624674076063,
2.0,0.056288783972,
0.0,-0.874517254225,
2.0,0.0969557117861,
7.0,-0.0932552501658,
0.0,1.2996939042,
6.5,0.589589747566,
8.0,0.184022685486,
0.0,0.819317180887,
0.0,-0.357528482294,
0.0,-0.357528482294,
0.0,1.05452014697,
0.0,1.05452014697,
3.0,1.05452014697,
-0.5,1.05452014697,
4.0,1.05452014697,
1.5,-1.08814771049,
0.5,0.606610384092,
2.0,0.476560796391,
-1.0,0.476560796391,
1.0,0.862537553559,
2.0,-0.775365015354,
2.0,2.6946877347,
3.25,0.119112079068,
7.0,1.25206313952,
8.0,-0.949665210686,
-1.0,0.576593749557,
0.0,-0.0904205192725,
4.0,0.271433283059,
0.0,2.23529248922,
0.0,2.23529248922,
0.0,0.08009963881,
0.0,-0.0977849479601,
0.0,-0.341981122143,
0.0,-0.856222369154,
-1.0,0.1463660874,
0.0,-1.38006384598,
0.0,0.0801530523509,
0.0,-1.10353226756,
1.0,0.313033017096,
6.0,0.44471330812,
7.0,0.44471330812,
7.0,-0.150429943759,
6.0,0.999627942277,
5.0,2.32015649706,
2.0,2.32015649706,
2.75,2.32015649706,
2.5,2.32015649706,
8.0,2.32015649706,
2.2,2.32015649706,
0.666666666667,2.32015649706,
5.0,2.32015649706,
0.0,2.32015649706,
2.0,2.32015649706,
7.25,2.32015649706,
1.66666666667,2.32015649706,
3.0,0.848262673093,
3.0,0.166252345383,
2.0,0.267661213878,
3.0,-0.0930010897824,
4.0,0.877451408902,
0.0,0.761752560396,
0.0,-1.21353889254,
4.0,-0.711531781755,
0.0,-1.29360643449,
8.0,-0.24985717769,
8.0,0.912432951082,
6.0,-0.584788373928,
2.0,0.19804142344,
9.0,-1.4804713765,
6.0,-0.547287403523,
3.5,-0.18329408181,
2.5,0.682398494876,
-1.0,0.961106814203,
4.0,2.19459410428,
10.0,1.89843541504,
0.666666666667,-1.54009023078,
10.0,0.980730945188,
2.0,-1.64672354412,
9.0,-1.64672354412,
7.0,-1.64672354412,
9.0,-1.11767817599,
0.0,0.589071794318,
3.2,-1.12332548098,
